date,close,volume,unadjustedVolume,change,changePercent,label,changeOverTime
2013-08-16,5.2013,0,0,-0.139399,-2.61,"Aug 16, 13",0
2013-08-22,5.3407,1300,1300,0.139399,2.68,"Aug 22, 13",0.026800992059677425
2013-08-23,5.3407,200,200,0,0,"Aug 23, 13",0.026800992059677425
2013-08-26,5.3407,2500,2500,0,0,"Aug 26, 13",0.026800992059677425
2013-08-29,5.2013,400,400,-0.139399,-2.61,"Aug 29, 13",0
2013-08-30,5.2433,555,555,0.041994,0.807,"Aug 30, 13",0.008074904350835332
2013-09-05,5.2013,300,300,-0.041994,-0.801,"Sep 5, 13",0
2013-09-09,5.2275,1032,1032,0.026138,0.503,"Sep 9, 13",0.005037202237902106
2013-09-12,5.3146,1200,1200,0.087123,1.667,"Sep 12, 13",0.02178301578451553
2013-09-13,5.6457,400,400,0.331073,6.229,"Sep 13, 13",0.08544017841693421
2013-09-16,5.2536,200,200,-0.39206,-6.944,"Sep 16, 13",0.010055178513064002
2013-09-17,6.273,1315,1315,1.0194,19.403,"Sep 17, 13",0.20604464268548245
2013-09-18,6.8219,16345,16345,0.548885,8.75,"Sep 18, 13",0.3115759521658048
2013-09-19,6.8219,100,100,0,0,"Sep 19, 13",0.3115759521658048
2013-09-20,6.8131,9389,9389,-0.008712,-0.128,"Sep 20, 13",0.3098840674446774
2013-09-23,6.844,2100,2100,0.030841,0.453,"Sep 23, 13",0.31582488993136343
2013-09-24,6.7243,660,660,-0.119707,-1.749,"Sep 24, 13",0.29281141253148263
2013-09-25,6.5779,4440,4440,-0.14637,-2.177,"Sep 25, 13",0.2646646030799992
2013-09-26,7.0076,13026,13026,0.429664,6.532,"Sep 26, 13",0.3472785649741411
2013-09-27,6.9367,2261,2261,-0.070872,-1.011,"Sep 27, 13",0.33364735739142143
2013-09-30,6.9633,844,844,0.026577,0.383,"Sep 30, 13",0.33876146348028385
2013-10-02,6.8658,1340,1340,-0.097449,-1.399,"Oct 2, 13",0.32001614980870174
2013-10-03,6.9986,2300,2300,0.132797,1.934,"Oct 3, 13",0.3455482283275335
2013-10-04,7.0962,20403,20403,0.097539,1.394,"Oct 4, 13",0.3643127679618557
2013-10-07,7.083,1300,1300,-0.013199,-0.186,"Oct 7, 13",0.36177494088016465
2013-10-08,7.0622,2200,2200,-0.02073,-0.293,"Oct 8, 13",0.35777594063022705
2013-10-09,7.0873,14553,14553,0.025069,0.355,"Oct 9, 13",0.3626016572779882
2013-10-10,7.0344,450,450,-0.052886,-0.746,"Oct 10, 13",0.35243112298848367
2013-10-11,7.043,2525,2525,0.008592,0.122,"Oct 11, 13",0.35408455578413095
2013-10-14,6.9987,8500,8500,-0.044296,-0.629,"Oct 14, 13",0.3455674542902737
2013-10-16,6.9987,1465,1465,0,0,"Oct 16, 13",0.3455674542902737
2013-10-17,6.9987,400,400,0,0,"Oct 17, 13",0.3455674542902737
2013-10-18,6.8217,250,250,-0.177005,-2.529,"Oct 18, 13",0.31153750024032456
2013-10-21,6.9987,4198,4198,0.177005,2.595,"Oct 21, 13",0.3455674542902737
2013-10-22,7.0077,1900,1900,0.009034,0.129,"Oct 22, 13",0.3472977909368812
2013-10-23,6.9987,3100,3100,-0.009034,-0.129,"Oct 23, 13",0.3455674542902737
2013-10-24,6.9987,4532,4532,0,0,"Oct 24, 13",0.3455674542902737
2013-10-25,6.981,300,300,-0.017718,-0.253,"Oct 25, 13",0.3421644588852787
2013-10-28,6.9278,5386,5386,-0.053155,-0.761,"Oct 28, 13",0.331936246707554
2013-10-29,6.8277,28698,28698,-0.100109,-1.445,"Oct 29, 13",0.3126910580047296
2013-10-31,6.8747,390,390,0.046953,0.688,"Oct 31, 13",0.32172726049256917
2013-11-01,6.7418,4435,4435,-0.132885,-1.933,"Nov 1, 13",0.2961759560109972
2013-11-04,6.9101,2240,2240,0.168322,2.497,"Nov 4, 13",0.328533251302559
2013-11-05,6.7772,6377,6377,-0.132886,-1.923,"Nov 5, 13",0.30298194682098706
2013-11-07,7.0873,500,500,0.310068,4.575,"Nov 7, 13",0.3626016572779882
2013-11-08,6.9101,15096,15096,-0.177182,-2.5,"Nov 8, 13",0.328533251302559
2013-11-11,6.9101,9946,9946,0,0,"Nov 11, 13",0.328533251302559
2013-11-12,7.2999,9800,9800,0.389802,5.641,"Nov 12, 13",0.4034760540634073
2013-11-13,7.1316,3400,3400,-0.168322,-2.306,"Nov 13, 13",0.37111875877184547
2013-11-14,7.1405,1775,1775,0.008858,0.124,"Nov 14, 13",0.3728298694557131
2013-11-18,7.486,3250,3250,0.345506,4.839,"Nov 18, 13",0.43925557072270394
2013-11-19,8.4162,6118,6118,0.930209,12.426,"Nov 19, 13",0.6180954761309673
2013-11-20,8.4162,1200,1200,0,0,"Nov 20, 13",0.6180954761309673
2013-11-21,7.5834,2100,2100,-0.832758,-9.895,"Nov 21, 13",0.45798165843154603
2013-11-22,8.2744,3623,3623,0.691013,9.112,"Nov 22, 13",0.5908330609655279
2013-11-25,8.2743,1409,1409,-0.00009,-0.001,"Nov 25, 13",0.5908138350027878
2013-11-26,8.2656,3700,3700,-0.00877,-0.106,"Nov 26, 13",0.5891411762444003
2013-11-27,8.239,1950,1950,-0.026578,-0.322,"Nov 27, 13",0.5840270701555382
2013-11-29,8.3976,4085,4085,0.158578,1.925,"Nov 29, 13",0.6145194470613118
2013-12-02,8.3985,4057,4057,0.000887,0.011,"Dec 2, 13",0.6146924807259725
2013-12-03,8.3985,3677,3677,0,0,"Dec 3, 13",0.6146924807259725
2013-12-04,8.1947,3172,3172,-0.20376,-2.426,"Dec 4, 13",0.5755099686616807
2013-12-05,8.0888,2100,2100,-0.105867,-1.292,"Dec 5, 13",0.5551496741199318
2013-12-06,8.1415,400,400,0.052712,0.652,"Dec 6, 13",0.5652817564839561
2013-12-09,8.239,1572,1572,0.09745,1.197,"Dec 9, 13",0.5840270701555382
2013-12-10,8.3276,1700,1700,0.088592,1.075,"Dec 10, 13",0.6010612731432528
2013-12-11,8.3276,1000,1000,0,0,"Dec 11, 13",0.6010612731432528
2013-12-12,7.7518,4135,4135,-0.575756,-6.914,"Dec 12, 13",0.4903581796858479
2013-12-13,7.9732,1057,1057,0.221391,2.856,"Dec 13, 13",0.5329244611923943
2013-12-16,7.9732,528,528,0,0,"Dec 16, 13",0.5329244611923943
2013-12-17,8.1061,410,410,0.132886,1.667,"Dec 17, 13",0.5584757656739661
2013-12-19,8.1327,463,463,0.026578,0.328,"Dec 19, 13",0.5635898717628286
2013-12-20,7.9732,13525,13525,-0.159464,-1.961,"Dec 20, 13",0.5329244611923943
2013-12-23,7.9528,140,140,-0.020377,-0.256,"Dec 23, 13",0.5290023647934171
2013-12-24,7.7518,694,694,-0.201014,-2.528,"Dec 24, 13",0.4903581796858479
2013-12-26,7.9626,272,272,0.21076,2.719,"Dec 26, 13",0.5308865091419454
2013-12-27,7.796,1092,1092,-0.166553,-2.092,"Dec 27, 13",0.4988560552169651
2013-12-30,7.9731,4192,4192,0.177094,2.272,"Dec 30, 13",0.5329052352296542
2013-12-31,7.9555,14137,14137,-0.017628,-0.221,"Dec 31, 13",0.5295214657873993
2014-01-02,7.9732,5505,5505,0.017718,0.223,"Jan 2, 14",0.5329244611923943
2014-01-03,7.9998,1005,1005,0.026577,0.333,"Jan 3, 14",0.5380385672812565
2014-01-06,8.0351,12696,12696,0.035348,0.442,"Jan 6, 14",0.5448253321285064
2014-01-07,8.1229,1629,1629,0.087764,1.092,"Jan 7, 14",0.5617057274143002
2014-01-08,8.0936,8242,8242,-0.029284,-0.361,"Jan 8, 14",0.5560725203314557
2014-01-09,7.6359,4442,4442,-0.457771,-5.656,"Jan 9, 14",0.4680752888700903
2014-01-10,7.9212,951,951,0.285298,3.736,"Jan 10, 14",0.5229269605675504
2014-01-13,8.0846,3015,3015,0.163491,2.064,"Jan 13, 14",0.5543421836848481
2014-01-14,7.905,992,992,-0.17966,-2.222,"Jan 14, 14",0.5198123546036569
2014-01-15,8.0757,3542,3542,0.170675,2.159,"Jan 15, 14",0.5526310730009805
2014-01-16,8.0577,1673,1673,-0.017965,-0.222,"Jan 16, 14",0.5491703997077655
2014-01-17,7.7254,3539,3539,-0.332279,-4.124,"Jan 17, 14",0.48528252552246554
2014-01-21,7.7168,6240,6240,-0.008623,-0.112,"Jan 21, 14",0.48362909272681837
2014-01-22,7.6894,7129,7129,-0.027398,-0.355,"Jan 22, 14",0.4783611789360353
2014-01-23,7.6445,15983,15983,-0.044914,-0.584,"Jan 23, 14",0.4697287216657374
2014-01-24,7.6085,7431,7431,-0.035932,-0.47,"Jan 24, 14",0.4628073750793072
2014-01-27,7.366,3950,3950,-0.242539,-3.188,"Jan 27, 14",0.4161844154346029
2014-01-28,7.3301,4402,4402,-0.035932,-0.488,"Jan 28, 14",0.40928229481091266
2014-01-29,7.2582,10550,10550,-0.071863,-0.98,"Jan 29, 14",0.39545882760079226
2014-01-30,7.6175,126,126,0.359317,4.95,"Jan 30, 14",0.4645377117259147
2014-01-31,7.6085,111,111,-0.008983,-0.118,"Jan 31, 14",0.4628073750793072
2014-02-03,7.8331,2514,2514,0.224573,2.952,"Feb 3, 14",0.5059888873935363
2014-02-04,7.393,3770,3770,-0.440162,-5.619,"Feb 4, 14",0.4213754253744256
2014-02-05,7.3031,2727,2727,-0.089831,-1.215,"Feb 5, 14",0.4040912848710899
2014-02-06,7.1598,7047,7047,-0.143368,-1.963,"Feb 6, 14",0.3765404802645492
2014-02-07,7.4289,3955,3955,0.269129,3.759,"Feb 7, 14",0.42827754599811585
2014-02-10,7.375,5810,5810,-0.053897,-0.726,"Feb 10, 14",0.41791475208121054
2014-02-11,7.7432,58586,58586,0.36821,4.993,"Feb 11, 14",0.48870474689020055
2014-02-12,7.6862,2701,2701,-0.057041,-0.737,"Feb 12, 14",0.47774594812835264
2014-02-13,7.7882,2129,2129,0.102046,1.328,"Feb 13, 14",0.49735643012323844
2014-02-14,7.7253,1213,1213,-0.062881,-0.807,"Feb 14, 14",0.48526329955972547
2014-02-18,7.6948,3775,3775,-0.030542,-0.395,"Feb 18, 14",0.4793993809239998
2014-02-19,7.4828,189,189,-0.211998,-2.755,"Feb 19, 14",0.4386403399150213
2014-02-20,7.5187,368,368,0.035932,0.48,"Feb 20, 14",0.4455424605387115
2014-02-21,7.851,9777,9777,0.332278,4.419,"Feb 21, 14",0.5094303347240113
2014-02-24,7.8511,2771,2771,0.000091,0.001,"Feb 24, 14",0.5094495606867514
2014-02-25,7.8511,3164,3164,0,0,"Feb 25, 14",0.5094495606867514
2014-02-26,7.6624,3654,3654,-0.188642,-2.403,"Feb 26, 14",0.4731701689962125
2014-02-27,7.6683,105,105,0.005839,0.076,"Feb 27, 14",0.47430450079787756
2014-02-28,7.9409,3856,3856,0.272632,3.555,"Feb 28, 14",0.526714475227347
2014-03-03,7.7253,16615,16615,-0.21559,-2.715,"Mar 3, 14",0.48526329955972547
2014-03-04,7.8152,1600,1600,0.08983,1.163,"Mar 4, 14",0.5025474400630612
2014-03-05,7.5996,21546,21546,-0.215592,-2.759,"Mar 5, 14",0.4610962643954396
2014-03-06,7.7702,4970,4970,0.170677,2.246,"Mar 6, 14",0.4938957568300233
2014-03-07,7.9948,43431,43431,0.224573,2.89,"Mar 7, 14",0.5370772691442524
2014-03-10,7.9499,3000,3000,-0.044915,-0.562,"Mar 10, 14",0.5284448118739548
2014-03-11,8.0487,23560,23560,0.098812,1.243,"Mar 11, 14",0.5474400630611579
2014-03-12,8.3541,59721,59721,0.30542,3.795,"Mar 12, 14",0.6061561532693752
2014-03-13,8.2643,10387,10387,-0.08983,-1.075,"Mar 13, 14",0.5888912387287795
2014-03-14,8.2643,3451,3451,0,0,"Mar 14, 14",0.5888912387287795
2014-03-17,8.1116,21804,21804,-0.152708,-1.848,"Mar 17, 14",0.5595331936246707
2014-03-18,8.3092,38456,38456,0.197623,2.436,"Mar 18, 14",0.5975236959990773
2014-03-19,8.0846,6193,6193,-0.224572,-2.703,"Mar 19, 14",0.5543421836848481
2014-03-20,8.408,4791,4791,0.323385,4,"Mar 20, 14",0.6165189471862803
2014-03-21,8.6146,81259,81259,0.206608,2.457,"Mar 21, 14",0.6562397862072943
2014-03-24,8.6595,36273,36273,0.044914,0.521,"Mar 24, 14",0.6648722434775921
2014-03-25,8.6326,114851,114851,-0.026949,-0.311,"Mar 25, 14",0.6597004595005096
2014-03-26,8.5791,7658,7658,-0.053538,-0.62,"Mar 26, 14",0.6494145694345645
2014-03-27,8.408,8259,8259,-0.171035,-1.994,"Mar 27, 14",0.6165189471862803
2014-03-28,8.3541,62421,62421,-0.053898,-0.641,"Mar 28, 14",0.6061561532693752
2014-03-31,8.426,52459,52459,0.071863,0.86,"Mar 31, 14",0.6199796204794956
2014-04-01,8.6955,7216,7216,0.269489,3.198,"Apr 1, 14",0.6717935900640224
2014-04-02,8.938,20594,20594,0.242539,2.789,"Apr 2, 14",0.7184165497087268
2014-04-03,8.9098,6010,6010,-0.028206,-0.316,"Apr 3, 14",0.7129948282160231
2014-04-04,8.8931,27840,27840,-0.016708,-0.188,"Apr 4, 14",0.709784092438429
2014-04-07,8.8482,3859,3859,-0.044915,-0.505,"Apr 7, 14",0.7011516351681312
2014-04-08,8.8931,16384,16384,0.044915,0.508,"Apr 8, 14",0.709784092438429
2014-04-09,8.9829,13218,13218,0.089829,1.01,"Apr 9, 14",0.7270490069790246
2014-04-10,8.974,11059,11059,-0.008983,-0.1,"Apr 10, 14",0.7253378962951571
2014-04-11,8.9831,9421,9421,0.009121,0.102,"Apr 11, 14",0.7270874589045048
2014-04-14,8.7642,10425,10425,-0.218879,-2.437,"Apr 14, 14",0.6850018264664605
2014-04-15,8.8464,28114,28114,0.08217,0.938,"Apr 15, 14",0.7008055678388094
2014-04-16,8.7733,19461,19461,-0.073051,-0.826,"Apr 16, 14",0.6867513890758081
2014-04-17,8.9648,17520,17520,0.191519,2.183,"Apr 17, 14",0.7235691077230694
2014-04-21,9.0104,24730,24730,0.045599,0.509,"Apr 21, 14",0.7323361467325478
2014-04-22,9.0195,6378,6378,0.009029,0.1,"Apr 22, 14",0.7340857093418955
2014-04-23,9.0101,4553,4553,-0.009394,-0.104,"Apr 23, 14",0.7322784688443273
2014-04-24,9.0195,878,878,0.009394,0.104,"Apr 24, 14",0.7340857093418955
2014-04-25,8.664,3271,3271,-0.355492,-3.941,"Apr 25, 14",0.665737411800896
2014-04-28,8.755,1918,1918,0.091016,1.051,"Apr 28, 14",0.6832330378943727
2014-04-29,8.746,928,928,-0.009028,-0.103,"Apr 29, 14",0.6815027012477651
2014-04-30,8.7551,1696,1696,0.009118,0.104,"Apr 30, 14",0.6832522638571128
2014-05-01,8.673,21806,21806,-0.082078,-0.937,"May 1, 14",0.6674677484475036
2014-05-02,8.8007,4889,4889,0.127678,1.472,"May 2, 14",0.6920193028665913
2014-05-05,9.6215,74309,74309,0.820788,9.326,"May 5, 14",0.8498260050372022
2014-05-06,9.7856,91598,91598,0.164157,1.706,"May 6, 14",0.8813758098936806
2014-05-07,10.1413,28563,28563,0.355676,3.635,"May 7, 14",0.9497625593601599
2014-05-08,10.2143,27706,27706,0.072958,0.719,"May 8, 14",0.9637975121604214
2014-05-09,10.5335,52889,52889,0.319196,3.125,"May 9, 14",1.0251667852267703
2014-05-12,11.3812,86945,86945,0.847784,8.048,"May 12, 14",1.188145271374464
2014-05-13,11.1262,50098,50098,-0.254993,-2.24,"May 13, 14",1.1391190663872495
2014-05-14,11.3269,12648,12648,0.200638,1.803,"May 14, 14",1.1777055736065984
2014-05-15,10.6976,31886,31886,-0.62927,-5.556,"May 15, 14",1.0567165900832485
2014-05-16,10.018,105303,105303,-0.679614,-6.353,"May 16, 14",0.9260569473016363
2014-05-19,10.0775,25830,25830,0.059461,0.594,"May 19, 14",0.9374963951319865
2014-05-20,10.1413,16006,16006,0.06384,0.633,"May 20, 14",0.9497625593601599
2014-05-21,10.1231,25396,25396,-0.018239,-0.18,"May 21, 14",0.9462634341414649
2014-05-22,10.2692,5884,5884,0.146191,1.444,"May 22, 14",0.9743525657047277
2014-05-23,9.8495,13144,13144,-0.419788,-4.088,"May 23, 14",0.8936612000845945
2014-05-27,9.7218,43935,43935,-0.127677,-1.296,"May 27, 14",0.8691096456655067
2014-05-28,9.8859,5672,5672,0.164156,1.689,"May 28, 14",0.9006594505219848
2014-05-29,9.5394,58250,58250,-0.346554,-3.506,"May 29, 14",0.8340414896275933
2014-05-30,8.9922,38555,38555,-0.547193,-5.736,"May 30, 14",0.7288370215138524
2014-06-02,9.2749,17437,17437,0.282717,3.144,"Jun 2, 14",0.7831888181800706
2014-06-03,9.056,11118,11118,-0.218878,-2.36,"Jun 3, 14",0.7411031857420259
2014-06-04,9.129,3879,3879,0.07296,0.806,"Jun 4, 14",0.7551381385422875
2014-06-05,9.3196,6635,6635,0.190604,2.088,"Jun 5, 14",0.7917828235248879
2014-06-06,9.5029,33511,33511,0.183309,1.967,"Jun 6, 14",0.8270240132274626
2014-06-09,9.1199,57354,57354,-0.383033,-4.031,"Jun 9, 14",0.7533885759329398
2014-06-10,9.1199,8366,8366,0,0,"Jun 10, 14",0.7533885759329398
2014-06-11,9.2749,4750,4750,0.155038,1.7,"Jun 11, 14",0.7831888181800706
2014-06-12,9.1199,9941,9941,-0.155038,-1.672,"Jun 12, 14",0.7533885759329398
2014-06-13,9.1108,4022,4022,-0.00912,-0.1,"Jun 13, 14",0.7516390133235921
2014-06-16,10.0227,98590,98590,0.911988,10.01,"Jun 16, 14",0.9269605675504202
2014-06-17,10.0136,37435,37435,-0.00912,-0.091,"Jun 17, 14",0.9252110049410726
2014-06-18,10.0319,20961,20961,0.018239,0.182,"Jun 18, 14",0.928729356122508
2014-06-19,10.4787,25372,25372,0.446873,4.455,"Jun 19, 14",1.0146309576452042
2014-06-20,9.2749,74045,74045,-1.2038,-11.488,"Jun 20, 14",0.7831888181800706
2014-06-23,9.8495,44388,44388,0.574551,6.195,"Jun 23, 14",0.8936612000845945
2014-06-24,9.9224,31037,31037,0.072959,0.741,"Jun 24, 14",0.9076769269221157
2014-06-25,9.8039,8011,8011,-0.118559,-1.195,"Jun 25, 14",0.884894161075116
2014-06-26,10.0073,3287,3287,0.203473,2.075,"Jun 26, 14",0.9239997692884473
2014-06-27,9.8963,10656,10656,-0.110987,-1.109,"Jun 27, 14",0.9026589506469538
2014-06-30,10.0351,5853,5853,0.138733,1.402,"Jun 30, 14",0.9293445869301906
2014-07-01,9.9981,2173,2173,-0.036995,-0.369,"Jul 1, 14",0.9222309807163596
2014-07-02,9.9518,3418,3418,-0.046245,-0.463,"Jul 2, 14",0.9133293599677005
2014-07-03,9.6836,20359,20359,-0.268218,-2.695,"Jul 3, 14",0.8617653278987947
2014-07-07,9.3877,22743,22743,-0.295967,-3.056,"Jul 7, 14",0.8048757041508855
2014-07-08,9.4524,11950,11950,0.064743,0.69,"Jul 8, 14",0.81731490204372
2014-07-09,9.4246,5652,5652,-0.027747,-0.294,"Jul 9, 14",0.8119700844019765
2014-07-10,9.3322,9467,9467,-0.092488,-0.981,"Jul 10, 14",0.7942052948301387
2014-07-11,9.4405,6890,6890,0.108305,1.161,"Jul 11, 14",0.8150270124776499
2014-07-14,9.4709,8452,8452,0.030428,0.322,"Jul 14, 14",0.8208717051506356
2014-07-15,9.3968,8691,8691,-0.074084,-0.782,"Jul 15, 14",0.8066252667602333
2014-07-16,9.4061,5027,5027,0.009249,0.098,"Jul 16, 14",0.808413281295061
2014-07-17,9.3229,13073,13073,-0.083147,-0.884,"Jul 17, 14",0.792417280295311
2014-07-18,9.3784,3445,3445,0.055493,0.595,"Jul 18, 14",0.8030876896160575
2014-07-21,9.6189,5940,5940,0.240472,2.564,"Jul 21, 14",0.8493261300059601
2014-07-22,9.6189,4695,4695,0,0,"Jul 22, 14",0.8493261300059601
2014-07-23,9.6004,7861,7861,-0.018499,-0.192,"Jul 23, 14",0.8457693268990446
2014-07-24,9.6189,6134,6134,0.018499,0.193,"Jul 24, 14",0.8493261300059601
2014-07-25,9.4986,708,708,-0.120237,-1.25,"Jul 25, 14",0.8261972968296387
2014-07-28,9.3414,21549,21549,-0.15723,-1.655,"Jul 28, 14",0.7959740834022264
2014-07-29,9.3322,3765,3765,-0.009249,-0.099,"Jul 29, 14",0.7942052948301387
2014-07-30,9.4053,2419,2419,0.073158,0.784,"Jul 30, 14",0.8082594735931403
2014-07-31,9.4246,2830,2830,0.01933,0.206,"Jul 31, 14",0.8119700844019765
2014-08-01,9.2582,2284,2284,-0.16648,-1.766,"Aug 1, 14",0.7799780824024765
2014-08-04,9.2674,7782,7782,0.009249,0.1,"Aug 4, 14",0.7817468709745642
2014-08-05,9.0547,10125,10125,-0.212725,-2.295,"Aug 5, 14",0.7408532482264051
2014-08-06,8.4753,27702,27702,-0.579352,-6.398,"Aug 6, 14",0.6294580201103572
2014-08-07,8.4813,16169,16169,0.005919,0.07,"Aug 7, 14",0.630611577874762
2014-08-08,8.3703,7130,7130,-0.110988,-1.309,"Aug 8, 14",0.6092707592332687
2014-08-11,8.3277,7383,7383,-0.042544,-0.508,"Aug 11, 14",0.6010804991059928
2014-08-12,8.8975,8142,8142,0.569732,6.841,"Aug 12, 14",0.7106300347989928
2014-08-13,8.842,3610,3610,-0.055492,-0.624,"Aug 13, 14",0.699959625478246
2014-08-14,8.7587,5468,5468,-0.083241,-0.941,"Aug 14, 14",0.6839443985157556
2014-08-15,8.6015,1737,1737,-0.157232,-1.795,"Aug 15, 14",0.6537211850883433
2014-08-18,8.5275,6340,6340,-0.073991,-0.86,"Aug 18, 14",0.639493972660681
2014-08-19,8.3888,4463,4463,-0.138733,-1.627,"Aug 19, 14",0.6128275623401842
2014-08-20,8.5485,3840,3840,0.159728,1.904,"Aug 20, 14",0.6435314248360988
2014-08-21,8.7031,29771,29771,0.15464,1.809,"Aug 21, 14",0.6732547632322687
2014-08-22,8.509,11652,11652,-0.194132,-2.231,"Aug 22, 14",0.6359371695537656
2014-08-25,8.879,37961,37961,0.369956,4.348,"Aug 25, 14",0.7070732316920769
2014-08-26,8.8697,15228,15228,-0.00925,-0.104,"Aug 26, 14",0.7052852171572492
2014-08-27,9.2375,37389,37389,0.367739,4.146,"Aug 27, 14",0.775998308115279
2014-08-28,9.1749,4954,4954,-0.062525,-0.677,"Aug 28, 14",0.7639628554399861
2014-08-29,9.1564,5800,5800,-0.018496,-0.202,"Aug 29, 14",0.7604060523330706
2014-09-02,9.3322,8941,8941,0.17573,1.919,"Sep 2, 14",0.7942052948301387
2014-09-03,9.3183,3618,3618,-0.013874,-0.149,"Sep 3, 14",0.7915328860092671
2014-09-04,9.1842,9426,9426,-0.134111,-1.439,"Sep 4, 14",0.7657508699748141
2014-09-05,9.2952,11189,11189,0.110988,1.208,"Sep 5, 14",0.7870916886163074
2014-09-08,9.3322,10263,10263,0.036997,0.398,"Sep 8, 14",0.7942052948301387
2014-09-09,9.334,21962,21962,0.001849,0.02,"Sep 9, 14",0.7945513621594601
2014-09-10,9.5264,10662,10662,0.192377,2.061,"Sep 10, 14",0.8315421144713824
2014-09-11,9.6096,8227,8227,0.08324,0.874,"Sep 11, 14",0.8475381154711323
2014-09-12,9.6836,8030,8030,0.073993,0.77,"Sep 12, 14",0.8617653278987947
2014-09-15,9.8316,17762,17762,0.147981,1.528,"Sep 15, 14",0.8902197527541192
2014-09-16,9.9241,10397,10397,0.092489,0.941,"Sep 16, 14",0.908003768288697
2014-09-17,10.1368,27568,27568,0.212726,2.144,"Sep 17, 14",0.9488973910368561
2014-09-18,9.9888,28390,28390,-0.147982,-1.46,"Sep 18, 14",0.9204429661815315
2014-09-19,9.5819,18363,18363,-0.406953,-4.074,"Sep 19, 14",0.8422125237921289
2014-09-22,9.7761,16202,16202,0.194227,2.027,"Sep 22, 14",0.8795493434333724
2014-09-23,10.096,8845,8845,0.31992,3.272,"Sep 23, 14",0.9410531982389019
2014-09-24,10.1276,5434,5434,0.031539,0.312,"Sep 24, 14",0.9471286024647684
2014-09-25,10.0813,4971,4971,-0.046244,-0.457,"Sep 25, 14",0.9382269817161096
2014-09-26,9.8039,16765,16765,-0.277467,-2.752,"Sep 26, 14",0.884894161075116
2014-09-29,9.7854,7923,7923,-0.018499,-0.189,"Sep 29, 14",0.8813373579682001
2014-09-30,9.8224,9182,9182,0.036995,0.378,"Sep 30, 14",0.8884509641820315
2014-10-01,9.7761,5345,5345,-0.046244,-0.471,"Oct 1, 14",0.8795493434333724
2014-10-02,9.6651,3292,3292,-0.110986,-1.135,"Oct 2, 14",0.8582085247918791
2014-10-03,10.0628,11227,11227,0.397703,4.115,"Oct 3, 14",0.9346701786091938
2014-10-06,10.0721,12078,12078,0.009249,0.092,"Oct 6, 14",0.9364581931440219
2014-10-07,9.8132,4473,4473,-0.258877,-2.57,"Oct 7, 14",0.8866821756099438
2014-10-08,9.7299,8354,8354,-0.083333,-0.849,"Oct 8, 14",0.8706669486474538
2014-10-09,9.7761,507,507,0.046244,0.475,"Oct 9, 14",0.8795493434333724
2014-10-10,9.8131,5504,5504,0.036996,0.378,"Oct 10, 14",0.8866629496472037
2014-10-13,9.8501,11065,11065,0.036996,0.377,"Oct 13, 14",0.8937765558610347
2014-10-14,9.8815,8697,8697,0.031446,0.319,"Oct 14, 14",0.8998135081614214
2014-10-15,9.9057,3943,3943,0.02414,0.244,"Oct 15, 14",0.9044661911445215
2014-10-16,10.1307,4326,4326,0.225028,2.272,"Oct 16, 14",0.947724607309711
2014-10-17,10.0463,4985,4985,-0.084421,-0.833,"Oct 17, 14",0.9314978947570801
2014-10-20,10.187,6087,6087,0.140703,1.401,"Oct 20, 14",0.9585488243323784
2014-10-21,10.1776,5216,5216,-0.00938,-0.092,"Oct 21, 14",0.9567415838348106
2014-10-22,10.1823,6326,6326,0.004691,0.046,"Oct 22, 14",0.9576452040835945
2014-10-23,10.7873,36020,36020,0.605028,5.942,"Oct 23, 14",1.073962278661104
2014-10-24,11.0218,14664,14664,0.234506,2.174,"Oct 24, 14",1.1190471612866015
2014-10-27,11.0125,27090,27090,-0.00938,-0.085,"Oct 27, 14",1.1172591467517736
2014-10-28,11.1907,5277,5277,0.178226,1.618,"Oct 28, 14",1.1515198123546038
2014-10-29,11.2001,3911,3911,0.00938,0.084,"Oct 29, 14",1.1533270528521717
2014-10-30,11.2249,3779,3779,0.024858,0.222,"Oct 30, 14",1.1580950916117125
2014-10-31,11.0687,5942,5942,-0.156181,-1.391,"Oct 31, 14",1.128064137811701
2014-11-03,11.3408,5983,5983,0.272028,2.458,"Nov 3, 14",1.18037798242747
2014-11-04,11.3689,10203,10203,0.028141,0.248,"Nov 4, 14",1.185780477957434
2014-11-05,11.1625,9868,9868,-0.206367,-1.815,"Nov 5, 14",1.1460980908618998
2014-11-06,10.4215,17429,17429,-0.741042,-6.639,"Nov 6, 14",1.003633706957876
2014-11-07,10.0838,20219,20219,-0.337692,-3.24,"Nov 7, 14",0.9387076307846116
2014-11-10,10.0463,10411,10411,-0.037519,-0.372,"Nov 10, 14",0.9314978947570801
2014-11-11,10.0557,14626,14626,0.009379,0.093,"Nov 11, 14",0.9333051352546479
2014-11-12,10.0086,8353,8353,-0.047089,-0.468,"Nov 12, 14",0.9242497068040681
2014-11-13,9.7876,7908,7908,-0.221,-2.208,"Nov 13, 14",0.881760329148482
2014-11-14,9.7391,7623,7623,-0.048496,-0.495,"Nov 14, 14",0.8724357372195415
2014-11-17,9.6805,4337,4337,-0.058627,-0.602,"Nov 17, 14",0.8611693230538521
2014-11-18,9.446,23174,23174,-0.234507,-2.422,"Nov 18, 14",0.8160844404283545
2014-11-19,9.7555,6853,6853,0.30955,3.277,"Nov 19, 14",0.8755887951089151
2014-11-20,9.8043,3512,3512,0.048778,0.5,"Nov 20, 14",0.8849710649260761
2014-11-21,9.6242,1014,1014,-0.180103,-1.837,"Nov 21, 14",0.8503451060311846
2014-11-24,9.7555,2557,2557,0.131325,1.365,"Nov 24, 14",0.8755887951089151
2014-11-25,9.7086,8047,8047,-0.046902,-0.481,"Nov 25, 14",0.8665718185838157
2014-11-26,9.7461,1946,1946,0.037521,0.386,"Nov 26, 14",0.8737815546113473
2014-11-28,9.4929,1000,1000,-0.253175,-2.598,"Nov 28, 14",0.8251014169534541
2014-12-01,9.3991,4728,4728,-0.093895,-0.989,"Dec 1, 14",0.8070674639032551
2014-12-02,9.4835,4766,4766,0.084423,0.898,"Dec 2, 14",0.823294176455886
2014-12-03,9.7461,7233,7233,0.262647,2.77,"Dec 3, 14",0.8737815546113473
2014-12-04,9.7186,994,994,-0.027484,-0.282,"Dec 4, 14",0.8684944148578242
2014-12-05,9.6711,3042,3042,-0.047557,-0.489,"Dec 5, 14",0.8593620825562839
2014-12-08,9.4366,4103,4103,-0.234509,-2.425,"Dec 8, 14",0.8142771999307866
2014-12-09,9.5585,6101,6101,0.121944,1.292,"Dec 9, 14",0.8377136485109493
2014-12-10,9.4929,1281,1281,-0.065661,-0.687,"Dec 10, 14",0.8251014169534541
2014-12-11,9.3927,3153,3153,-0.100182,-1.055,"Dec 11, 14",0.8058370022878896
2014-12-12,9.1927,6022,6022,-0.199987,-2.129,"Dec 12, 14",0.7673850768077213
2014-12-15,9.3803,6988,6988,0.187605,2.041,"Dec 15, 14",0.8034529829081192
2014-12-16,9.6617,4104,4104,0.281409,3,"Dec 16, 14",0.8575548420587161
2014-12-17,9.4335,11246,11246,-0.228223,-2.362,"Dec 17, 14",0.813681195085844
2014-12-18,9.4464,10340,10340,0.012945,0.137,"Dec 18, 14",0.816161344279315
2014-12-19,9.3803,15712,15712,-0.066131,-0.7,"Dec 19, 14",0.8034529829081192
2014-12-22,9.3991,27802,27802,0.018761,0.2,"Dec 22, 14",0.8070674639032551
2014-12-23,9.3991,29860,29860,0,0,"Dec 23, 14",0.8070674639032551
2014-12-24,9.3334,515,515,-0.065663,-0.699,"Dec 24, 14",0.7944360063830196
2014-12-26,9.3804,5218,5218,0.046997,0.504,"Dec 26, 14",0.8034722088708592
2014-12-29,9.3897,29487,29487,0.009285,0.099,"Dec 29, 14",0.805260223405687
2014-12-30,9.523,3120,3120,0.133322,1.42,"Dec 30, 14",0.8308884317382192
2014-12-31,10.0182,13682,13682,0.495196,5.2,"Dec 31, 14",0.9260953992271164
2015-01-02,9.5611,11679,11679,-0.457105,-4.563,"Jan 2, 15",0.8382135235421914
2015-01-05,9.742,20920,20920,0.180938,1.892,"Jan 5, 15",0.872993290139004
2015-01-06,9.8563,6790,6790,0.114276,1.173,"Jan 6, 15",0.8949685655509199
2015-01-07,9.542,8007,8007,-0.314259,-3.188,"Jan 7, 15",0.8345413646588353
2015-01-08,9.6277,1783,1783,0.085707,0.898,"Jan 8, 15",0.8510180147270877
2015-01-09,9.6944,631,631,0.06666,0.692,"Jan 9, 15",0.8638417318747237
2015-01-12,9.6182,4122,4122,-0.076183,-0.786,"Jan 12, 15",0.8491915482667795
2015-01-13,9.7611,3364,3364,0.142844,1.485,"Jan 13, 15",0.87666544902236
2015-01-14,9.4087,5053,5053,-0.352349,-3.61,"Jan 14, 15",0.808913156326303
2015-01-15,9.5136,711,711,0.104847,1.114,"Jan 15, 15",0.8290811912406515
2015-01-16,9.6349,967,967,0.121324,1.275,"Jan 16, 15",0.8524022840443736
2015-01-20,9.6182,172,172,-0.016666,-0.173,"Jan 20, 15",0.8491915482667795
2015-01-21,9.7992,4213,4213,0.180937,1.881,"Jan 21, 15",0.8839905408263321
2015-01-22,9.8087,1847,1847,0.009523,0.097,"Jan 22, 15",0.8858170072866399
2015-01-23,9.7611,3339,3339,-0.047616,-0.485,"Jan 23, 15",0.87666544902236
2015-01-26,9.5516,8348,8348,-0.209505,-2.146,"Jan 26, 15",0.8363870570818835
2015-01-27,9.7135,6375,6375,0.161891,1.695,"Jan 27, 15",0.8675138907580797
2015-01-28,9.7611,3461,3461,0.047614,0.49,"Jan 28, 15",0.87666544902236
2015-01-29,9.761,405,405,-0.000095,-0.001,"Jan 29, 15",0.8766462230596196
2015-01-30,9.7515,3344,3344,-0.009427,-0.097,"Jan 30, 15",0.8748197565993118
2015-02-02,9.5135,20589,20589,-0.238076,-2.441,"Feb 2, 15",0.8290619652779114
2015-02-03,9.5516,6252,6252,0.038093,0.4,"Feb 3, 15",0.8363870570818835
2015-02-04,9.523,2492,2492,-0.028569,-0.299,"Feb 4, 15",0.8308884317382192
2015-02-05,9.523,2673,2673,0,0,"Feb 5, 15",0.8308884317382192
2015-02-06,9.3897,2759,2759,-0.133322,-1.4,"Feb 6, 15",0.805260223405687
2015-02-09,9.4087,8864,8864,0.019047,0.203,"Feb 9, 15",0.808913156326303
2015-02-10,9.3611,8924,8924,-0.047615,-0.506,"Feb 10, 15",0.7997615980620231
2015-02-11,9.3516,5806,5806,-0.009524,-0.102,"Feb 11, 15",0.7979351316017149
2015-02-12,9.3325,20812,20812,-0.019046,-0.204,"Feb 12, 15",0.7942629727183589
2015-02-13,9.3325,585,585,0,0,"Feb 13, 15",0.7942629727183589
2015-02-17,9.285,1680,1680,-0.04752,-0.509,"Feb 17, 15",0.785130640416819
2015-02-18,9.2374,1107,1107,-0.047614,-0.513,"Feb 18, 15",0.7759790821525387
2015-02-19,9.2373,15484,15484,-0.000097,-0.001,"Feb 19, 15",0.7759598561897987
2015-02-20,9.4944,13528,13528,0.257122,2.784,"Feb 20, 15",0.8253898063945554
2015-02-23,9.378,1707,1707,-0.116466,-1.227,"Feb 23, 15",0.8030107857650973
2015-02-24,9.454,4402,4402,0.075993,0.81,"Feb 24, 15",0.8176225174475614
2015-02-25,9.4944,1176,1176,0.040473,0.428,"Feb 25, 15",0.8253898063945554
2015-02-26,9.523,9895,9895,0.028569,0.301,"Feb 26, 15",0.8308884317382192
2015-02-27,9.4135,3584,3584,-0.109515,-1.15,"Feb 27, 15",0.8098360025378273
2015-03-02,9.5325,16249,16249,0.119038,1.265,"Mar 2, 15",0.8327148981985275
2015-03-03,9.4468,20929,20929,-0.085707,-0.899,"Mar 3, 15",0.8162382481302751
2015-03-04,9.3935,2503,2503,-0.053329,-0.565,"Mar 4, 15",0.8059908099898102
2015-03-05,9.5135,9475,9475,0.119989,1.277,"Mar 5, 15",0.8290619652779114
2015-03-06,9.5135,7988,7988,0,0,"Mar 6, 15",0.8290619652779114
2015-03-09,9.3801,1453,1453,-0.133321,-1.401,"Mar 9, 15",0.8034145309826392
2015-03-10,9.523,3375,3375,0.142845,1.523,"Mar 10, 15",0.8308884317382192
2015-03-11,9.523,6939,6939,0,0,"Mar 11, 15",0.8308884317382192
2015-03-12,9.5992,9290,9290,0.076184,0.8,"Mar 12, 15",0.8455386153461635
2015-03-13,9.7611,2467,2467,0.16189,1.686,"Mar 13, 15",0.87666544902236
2015-03-16,9.9515,9521,9521,0.190461,1.951,"Mar 16, 15",0.9132716820794801
2015-03-17,9.8182,1596,1596,-0.133322,-1.34,"Mar 17, 15",0.8876434737469477
2015-03-18,9.8468,13386,13386,0.028569,0.291,"Mar 18, 15",0.893142099090612
2015-03-19,9.742,11026,11026,-0.104753,-1.064,"Mar 19, 15",0.872993290139004
2015-03-20,9.523,11047,11047,-0.219029,-2.248,"Mar 20, 15",0.8308884317382192
2015-03-23,9.5135,7833,7833,-0.009524,-0.1,"Mar 23, 15",0.8290619652779114
2015-03-24,9.6754,4397,4397,0.161892,1.702,"Mar 24, 15",0.8601887989541076
2015-03-25,9.6696,12450,12450,-0.005714,-0.059,"Mar 25, 15",0.859073693115183
2015-03-26,9.6696,22,22,0,0,"Mar 26, 15",0.859073693115183
2015-03-27,9.5325,5334,5334,-0.137131,-1.418,"Mar 27, 15",0.8327148981985275
2015-03-30,9.4944,5438,5438,-0.038092,-0.4,"Mar 30, 15",0.8253898063945554
2015-03-31,9.6563,13339,13339,0.161891,1.705,"Mar 31, 15",0.8565166400707516
2015-04-01,9.4373,17880,17880,-0.219029,-2.268,"Apr 1, 15",0.8144117816699673
2015-04-02,9.5706,2472,2472,0.133321,1.413,"Apr 2, 15",0.8400399900024995
2015-04-06,9.7801,12240,12240,0.209506,2.189,"Apr 6, 15",0.8803183819429757
2015-04-07,9.7802,2239,2239,0.000096,0.001,"Apr 7, 15",0.880337607905716
2015-04-08,9.8373,2393,2393,0.057042,0.583,"Apr 8, 15",0.8913156326303042
2015-04-09,9.9725,7664,7664,0.135289,1.375,"Apr 9, 15",0.9173091342548979
2015-04-10,9.8759,22840,22840,-0.096633,-0.969,"Apr 10, 15",0.8987368542479764
2015-04-13,10.0015,939,939,0.125622,1.272,"Apr 13, 15",0.9228846634495224
2015-04-14,9.8083,5617,5617,-0.193266,-1.932,"Apr 14, 15",0.8857401034356794
2015-04-15,9.8083,937,937,0,0,"Apr 15, 15",0.8857401034356794
2015-04-16,10.0306,6716,6716,0.222354,2.267,"Apr 16, 15",0.9284794186068868
2015-04-17,9.9629,36426,36426,-0.067741,-0.675,"Apr 17, 15",0.9154634418318497
2015-04-20,9.8567,7807,7807,-0.106199,-1.066,"Apr 20, 15",0.8950454694018803
2015-04-21,9.8952,6172,6172,0.038556,0.391,"Apr 21, 15",0.902447465056813
2015-04-22,10.1272,12409,12409,0.231919,2.344,"Apr 22, 15",0.9470516986138082
2015-04-23,9.9822,1845,1845,-0.144949,-1.431,"Apr 23, 15",0.9191740526406862
2015-04-24,10.3108,16269,16269,0.328553,3.291,"Apr 24, 15",0.9823505662046028
2015-04-27,10.2431,23371,23371,-0.067643,-0.656,"Apr 27, 15",0.9693345894295657
2015-04-28,10.3301,1669,1669,0.08697,0.849,"Apr 28, 15",0.986061177013439
2015-04-29,10.3784,2923,2923,0.048316,0.468,"Apr 29, 15",0.9953473170168995
2015-04-30,10.1465,907,907,-0.231919,-2.235,"Apr 30, 15",0.9507623094226444
2015-05-01,10.3784,6651,6651,0.231919,2.286,"May 1, 15",0.9953473170168995
2015-05-04,10.2141,1752,1752,-0.164276,-1.583,"May 4, 15",0.9637590602349414
2015-05-05,10.3301,1939,1939,0.11596,1.135,"May 5, 15",0.986061177013439
2015-05-06,10.0885,2382,2382,-0.241584,-2.339,"May 6, 15",0.9396112510333955
2015-05-07,10.2818,7250,7250,0.193267,1.916,"May 7, 15",0.9767750370099785
2015-05-08,10.2238,3901,3901,-0.05798,-0.564,"May 8, 15",0.9656239786207297
2015-05-11,10.1869,9908,9908,-0.036913,-0.361,"May 11, 15",0.9585295983696384
2015-05-12,10.1465,2541,2541,-0.040393,-0.397,"May 12, 15",0.9507623094226444
2015-05-13,10.3397,6875,6875,0.193266,1.905,"May 13, 15",0.9879068694364872
2015-05-14,10.0982,16461,16461,-0.241583,-2.336,"May 14, 15",0.9414761694191838
2015-05-15,10.0305,3572,3572,-0.067644,-0.67,"May 15, 15",0.9284601926441467
2015-05-18,9.9339,4928,4928,-0.096633,-0.963,"May 18, 15",0.9098879126372252
2015-05-19,9.9532,3275,3275,0.019327,0.195,"May 19, 15",0.9135985234460617
2015-05-20,9.9532,4962,4962,0,0,"May 20, 15",0.9135985234460617
2015-05-21,10.0787,1500,1500,0.125527,1.261,"May 21, 15",0.9377271066848673
2015-05-22,10.0885,5015,5015,0.009759,0.097,"May 22, 15",0.9396112510333955
2015-05-26,9.9822,233,233,-0.106296,-1.054,"May 26, 15",0.9191740526406862
2015-05-27,9.9629,1931,1931,-0.019327,-0.194,"May 27, 15",0.9154634418318497
2015-05-28,9.8759,1851,1851,-0.086969,-0.873,"May 28, 15",0.8987368542479764
2015-05-29,9.8566,1879,1879,-0.019327,-0.196,"May 29, 15",0.8950262434391403
2015-06-01,10.0982,3572,3572,0.241583,2.451,"Jun 1, 15",0.9414761694191838
2015-06-02,9.9822,4259,4259,-0.11596,-1.148,"Jun 2, 15",0.9191740526406862
2015-06-03,10.0982,1506,1506,0.11596,1.162,"Jun 3, 15",0.9414761694191838
2015-06-04,10.0402,1776,1776,-0.05798,-0.574,"Jun 4, 15",0.930325111029935
2015-06-05,9.9919,1018,1018,-0.048317,-0.481,"Jun 5, 15",0.9210389710264741
2015-06-08,10.0885,1281,1281,0.096633,0.967,"Jun 8, 15",0.9396112510333955
2015-06-09,10.0885,1569,1569,0,0,"Jun 9, 15",0.9396112510333955
2015-06-10,10.1368,6719,6719,0.048317,0.479,"Jun 10, 15",0.9488973910368561
2015-06-11,10.0982,1892,1892,-0.038653,-0.381,"Jun 11, 15",0.9414761694191838
2015-06-12,10.1272,2144,2144,0.028989,0.287,"Jun 12, 15",0.9470516986138082
2015-06-15,10.2624,10065,10065,0.135288,1.336,"Jun 15, 15",0.9730452002384019
2015-06-16,10.2721,2041,2041,0.009663,0.094,"Jun 16, 15",0.9749101186241902
2015-06-17,10.1078,2622,2622,-0.164277,-1.599,"Jun 17, 15",0.9433218618422317
2015-06-18,10.2141,6164,6164,0.106297,1.052,"Jun 18, 15",0.9637590602349414
2015-06-19,9.6633,4140,4140,-0.550809,-5.393,"Jun 19, 15",0.8578624574625574
2015-06-22,10.0595,2215,2215,0.396195,4.1,"Jun 22, 15",0.9340357218387711
2015-06-23,10.1368,5283,5283,0.077307,0.768,"Jun 23, 15",0.9488973910368561
2015-06-24,10.1755,5750,5750,0.038654,0.381,"Jun 24, 15",0.9563378386172687
2015-06-25,10.1078,309,309,-0.067644,-0.665,"Jun 25, 15",0.9433218618422317
2015-06-26,10.1465,931,931,0.038654,0.382,"Jun 26, 15",0.9507623094226444
2015-06-29,10.0113,8334,8334,-0.13519,-1.332,"Jun 29, 15",0.9247688077980506
2015-06-30,9.8083,6681,6681,-0.203027,-2.028,"Jun 30, 15",0.8857401034356794
2015-07-01,9.7889,9368,9368,-0.019326,-0.197,"Jul 1, 15",0.8820102666641033
2015-07-02,9.5667,4777,4777,-0.222256,-2.27,"Jul 2, 15",0.8392901774556363
2015-07-06,9.5667,20805,20805,0,0,"Jul 6, 15",0.8392901774556363
2015-07-07,9.4894,5104,5104,-0.077307,-0.808,"Jul 7, 15",0.824428508257551
2015-07-08,9.3831,1894,1894,-0.106296,-1.12,"Jul 8, 15",0.8039913098648417
2015-07-09,9.5957,4517,4517,0.212593,2.266,"Jul 9, 15",0.8448657066502607
2015-07-10,9.528,613,613,-0.067643,-0.705,"Jul 10, 15",0.8318497298752237
2015-07-13,9.499,1220,1220,-0.02899,-0.304,"Jul 13, 15",0.8262742006805992
2015-07-14,9.2285,8684,8684,-0.270573,-2.848,"Jul 14, 15",0.7742679714686714
2015-07-15,9.2675,1833,1833,0.039039,0.423,"Jul 15, 15",0.7817660969373043
2015-07-16,9.2381,349,349,-0.029376,-0.317,"Jul 16, 15",0.7761136638917193
2015-07-17,9.0835,3955,3955,-0.154613,-1.674,"Jul 17, 15",0.7463903254955494
2015-07-20,9.1318,1411,1411,0.048316,0.532,"Jul 20, 15",0.7556764654990099
2015-07-21,8.8902,18421,18421,-0.241583,-2.646,"Jul 21, 15",0.7092265395189665
2015-07-22,9.1124,6436,6436,0.22216,2.499,"Jul 22, 15",0.7519466287274335
2015-07-23,9.0062,969,969,-0.1062,-1.165,"Jul 23, 15",0.7315286562974641
2015-07-24,8.9579,1148,1148,-0.048316,-0.536,"Jul 24, 15",0.7222425162940036
2015-07-27,8.8613,986,986,-0.096633,-1.079,"Jul 27, 15",0.7036702362870821
2015-07-28,8.9386,1704,1704,0.077306,0.872,"Jul 28, 15",0.7185319054851671
2015-07-29,9.0038,2598,2598,0.065228,0.73,"Jul 29, 15",0.7310672331917022
2015-07-30,9.1339,2902,2902,0.130136,1.445,"Jul 30, 15",0.7560802107165518
2015-07-31,9.2321,6987,6987,0.098214,1.075,"Jul 31, 15",0.7749601061273146
2015-08-03,9.1732,25693,25693,-0.058928,-0.638,"Aug 3, 15",0.7636360140734048
2015-08-04,8.9332,5143,5143,-0.240036,-2.617,"Aug 4, 15",0.7174937034972025
2015-08-05,9.2223,11083,11083,0.289143,3.237,"Aug 5, 15",0.7730759617787862
2015-08-06,9.1634,26270,26270,-0.058929,-0.639,"Aug 6, 15",0.7617518697248764
2015-08-07,9.4286,2079,2079,0.265179,2.894,"Aug 7, 15",0.8127391229115798
2015-08-10,9.0357,1395,1395,-0.392857,-4.167,"Aug 10, 15",0.737200315305789
2015-08-11,8.8982,4501,4501,-0.1375,-1.522,"Aug 11, 15",0.710764616538173
2015-08-12,8.7411,8728,8728,-0.157143,-1.766,"Aug 12, 15",0.6805606290735008
2015-08-13,8.6429,8339,8339,-0.098215,-1.124,"Aug 13, 15",0.661680733662738
2015-08-14,8.7313,324,324,0.088393,1.023,"Aug 14, 15",0.6786764847249726
2015-08-17,8.6429,3013,3013,-0.088393,-1.012,"Aug 17, 15",0.661680733662738
2015-08-18,8.7411,3422,3422,0.098215,1.136,"Aug 18, 15",0.6805606290735008
2015-08-19,8.6625,4400,4400,-0.078572,-0.899,"Aug 19, 15",0.6654490223597946
2015-08-20,8.7116,5093,5093,0.049107,0.567,"Aug 20, 15",0.6748889700651762
2015-08-21,8.751,2040,2040,0.039384,0.452,"Aug 21, 15",0.6824639993847691
2015-08-24,8.5397,35984,35984,-0.211259,-2.414,"Aug 24, 15",0.6418395401149712
2015-08-25,8.7902,4978,4978,0.250447,2.933,"Aug 25, 15",0.6900005767788824
2015-08-26,8.25,5178,5178,-0.540179,-6.145,"Aug 26, 15",0.5861419260569474
2015-08-27,8.3973,5451,5451,0.147322,1.786,"Aug 27, 15",0.6144617691730914
2015-08-28,8.3482,3634,3634,-0.049107,-0.585,"Aug 28, 15",0.6050218214677101
2015-08-31,8.4759,2595,2595,0.127678,1.529,"Aug 31, 15",0.6295733758867975
2015-09-01,8.3973,790,790,-0.078571,-0.927,"Sep 1, 15",0.6144617691730914
2015-09-02,8.1518,2391,2391,-0.245536,-2.924,"Sep 2, 15",0.5672620306461846
2015-09-03,8.5938,1172,1172,0.441964,5.422,"Sep 3, 15",0.6522407859573569
2015-09-04,8.25,13890,13890,-0.34375,-4,"Sep 4, 15",0.5861419260569474
2015-09-08,8.2009,20313,20313,-0.049107,-0.595,"Sep 8, 15",0.5767019783515661
2015-09-09,8.0241,9307,9307,-0.176786,-2.156,"Sep 9, 15",0.5427104762270972
2015-09-10,8.25,20226,20226,0.225893,2.815,"Sep 10, 15",0.5861419260569474
2015-09-11,8.7804,18077,18077,0.530357,6.429,"Sep 11, 15",0.688116432430354
2015-09-14,9.1045,15059,15059,0.324108,3.691,"Sep 14, 15",0.7504277776709669
2015-09-15,8.967,13738,13738,-0.1375,-1.51,"Sep 15, 15",0.7239920789033513
2015-09-16,9.2223,6863,6863,0.255357,2.848,"Sep 16, 15",0.7730759617787862
2015-09-17,9.2027,6568,6568,-0.019643,-0.213,"Sep 17, 15",0.7693076730817296
2015-09-18,8.1518,31026,31026,-1.0509,-11.419,"Sep 18, 15",0.5672620306461846
2015-09-21,8.6232,7864,7864,0.471429,5.783,"Sep 21, 15",0.6578932190029417
2015-09-22,8.5446,1926,1926,-0.078572,-0.911,"Sep 22, 15",0.6427816122892356
2015-09-23,8.7115,3667,3667,0.166866,1.953,"Sep 23, 15",0.6748697441024358
2015-09-24,8.3482,7659,7659,-0.363294,-4.17,"Sep 24, 15",0.6050218214677101
2015-09-25,7.9161,4257,4257,-0.432143,-5.176,"Sep 25, 15",0.5219464364678063
2015-09-28,8.3286,3523,3523,0.4125,5.211,"Sep 28, 15",0.6012535327706535
2015-09-29,8.1125,725,725,-0.216072,-2.594,"Sep 29, 15",0.5597062272893317
2015-09-30,8.692,1756,1756,0.579465,7.143,"Sep 30, 15",0.6711206813681196
2015-10-01,8.5643,1500,1500,-0.127679,-1.469,"Oct 1, 15",0.6465691269490319
2015-10-02,8.4464,340,340,-0.117857,-1.376,"Oct 2, 15",0.6239017168784728
2015-10-05,8.4759,1002,1002,0.029464,0.349,"Oct 5, 15",0.6295733758867975
2015-10-06,8.8688,3753,3753,0.392857,4.635,"Oct 6, 15",0.7051121834925885
2015-10-07,8.6429,1985,1985,-0.225893,-2.547,"Oct 7, 15",0.661680733662738
2015-10-08,8.6527,2197,2197,0.009822,0.114,"Oct 8, 15",0.6635648780112664
2015-10-09,8.5446,778,778,-0.108036,-1.249,"Oct 9, 15",0.6427816122892356
2015-10-12,8.5446,1848,1848,0,0,"Oct 12, 15",0.6427816122892356
2015-10-13,8.8393,2872,2872,0.294643,3.448,"Oct 13, 15",0.6994405244842635
2015-10-14,8.8393,7630,7630,0,0,"Oct 14, 15",0.6994405244842635
2015-10-15,9.0063,3236,3236,0.166964,1.889,"Oct 15, 15",0.7315478822602042
2015-10-16,8.7136,3055,3055,-0.292678,-3.25,"Oct 16, 15",0.6752734893199777
2015-10-19,8.5839,6317,6317,-0.129643,-1.488,"Oct 19, 15",0.6503374156460885
2015-10-20,8.3679,558,558,-0.216072,-2.517,"Oct 20, 15",0.6088093361275068
2015-10-21,8.1518,5186,5186,-0.216071,-2.582,"Oct 21, 15",0.5672620306461846
2015-10-22,8.0339,20336,20336,-0.117857,-1.446,"Oct 22, 15",0.5445946205756252
2015-10-23,8.0537,4416,4416,0.019741,0.246,"Oct 23, 15",0.5484013611981619
2015-10-26,8.1027,9176,9176,0.049009,0.609,"Oct 26, 15",0.5578220829408034
2015-10-27,7.9455,10319,10319,-0.157143,-1.939,"Oct 27, 15",0.527598869513391
2015-10-28,7.975,1073,1073,0.029464,0.371,"Oct 28, 15",0.5332705285217157
2015-10-29,7.9455,2475,2475,-0.029464,-0.369,"Oct 29, 15",0.527598869513391
2015-10-30,8.0143,1120,1120,0.06875,0.865,"Oct 30, 15",0.540826331878569
2015-11-02,8.2402,2598,2598,0.225893,2.819,"Nov 2, 15",0.584257781708419
2015-11-03,8.1278,22082,22082,-0.112357,-1.364,"Nov 3, 15",0.5626477995885646
2015-11-04,8.358,4780,4780,0.230214,2.832,"Nov 4, 15",0.6069059658162385
2015-11-05,8.3615,2000,2000,0.003437,0.041,"Nov 5, 15",0.6075788745121412
2015-11-06,8.3777,6972,6972,0.016206,0.194,"Nov 6, 15",0.610693480476035
2015-11-09,8.0143,4043,4043,-0.363393,-4.338,"Nov 9, 15",0.540826331878569
2015-11-10,8.0535,2165,2165,0.039187,0.489,"Nov 10, 15",0.5483629092726818
2015-11-11,8.0438,3650,3650,-0.009723,-0.121,"Nov 11, 15",0.5464979908868935
2015-11-12,7.9554,2116,2116,-0.088393,-1.099,"Nov 12, 15",0.5295022398246593
2015-11-13,8.2893,2224,2224,0.333929,4.198,"Nov 13, 15",0.5936977294138006
2015-11-16,8.25,719,719,-0.039286,-0.474,"Nov 16, 15",0.5861419260569474
2015-11-17,8.2107,2306,2306,-0.039286,-0.476,"Nov 17, 15",0.5785861227000941
2015-11-18,8.25,1253,1253,0.039286,0.478,"Nov 18, 15",0.5861419260569474
2015-11-19,8.4,16838,16838,0.149999,1.818,"Nov 19, 15",0.6149808701670737
2015-11-20,7.86,11447,11447,-0.54,-6.429,"Nov 20, 15",0.511160671370619
2015-11-23,8.1,6355,6355,0.24,3.053,"Nov 23, 15",0.5573029819468209
2015-11-24,8.09,138,138,-0.01,-0.123,"Nov 24, 15",0.5553803856728126
2015-11-25,8.02,6722,6722,-0.07,-0.865,"Nov 25, 15",0.5419222117547536
2015-11-27,8.064,3090,3090,0.044,0.549,"Nov 27, 15",0.5503816353603908
2015-11-30,8.22,3963,3963,0.156,1.935,"Nov 30, 15",0.5803741372349223
2015-12-01,8.14,1268,1268,-0.08,-0.973,"Dec 1, 15",0.5649933670428549
2015-12-02,7.88,15098,15098,-0.26,-3.194,"Dec 2, 15",0.5150058639186358
2015-12-03,7.85,2175,2175,-0.03,-0.381,"Dec 3, 15",0.5092380750966105
2015-12-04,7.5,9485,9485,-0.35,-4.459,"Dec 4, 15",0.4419472055063158
2015-12-07,7.83,2889,2889,0.33,4.4,"Dec 7, 15",0.5053928825485937
2015-12-08,7.92,5334,5334,0.09,1.149,"Dec 8, 15",0.5226962490146695
2015-12-09,7.92,145,145,0,0,"Dec 9, 15",0.5226962490146695
2015-12-10,8.02,2188,2188,0.1,1.263,"Dec 10, 15",0.5419222117547536
2015-12-11,7.75,441,441,-0.27,-3.367,"Dec 11, 15",0.4900121123565263
2015-12-14,7.6542,973,973,-0.0958,-1.236,"Dec 14, 15",0.4715936400515257
2015-12-15,7.61,8105,8105,-0.0442,-0.577,"Dec 15, 15",0.46309576452040846
2015-12-16,7.5,2681,2681,-0.11,-1.445,"Dec 16, 15",0.4419472055063158
2015-12-17,7.52,1854,1854,0.02,0.267,"Dec 17, 15",0.4457923980543325
2015-12-18,7.6,7326,7326,0.08,1.064,"Dec 18, 15",0.4611731682463999
2015-12-21,6.98,3504,3504,-0.62,-8.158,"Dec 21, 15",0.341972199257878
2015-12-22,7.08,3781,3781,0.1,1.433,"Dec 22, 15",0.3611981619979621
2015-12-23,7.31,10546,10546,0.23,3.249,"Dec 23, 15",0.4054178763001557
2015-12-24,7.38,1200,1200,0.07,0.958,"Dec 24, 15",0.4188760502182147
2015-12-28,7.91,22333,22333,0.53,7.182,"Dec 28, 15",0.5207736527406611
2015-12-29,7.8,4754,4754,-0.11,-1.391,"Dec 29, 15",0.4996250937265684
2015-12-30,7.85,6450,6450,0.05,0.641,"Dec 30, 15",0.5092380750966105
2015-12-31,8.15,3707,3707,0.3,3.822,"Dec 31, 15",0.5669159633168632
2016-01-04,8.23,5583,5583,0.08,0.982,"Jan 4, 16",0.5822967335089306
2016-01-05,8.02,990,990,-0.21,-2.552,"Jan 5, 16",0.5419222117547536
2016-01-06,8.149,100,100,0.129,1.608,"Jan 6, 16",0.5667237036894621
2016-01-07,7.83,3437,3437,-0.319,-3.915,"Jan 7, 16",0.5053928825485937
2016-01-08,7.9338,5113,5113,0.1038,1.326,"Jan 8, 16",0.525349431872801
2016-01-11,7.6,2059,2059,-0.3338,-4.207,"Jan 11, 16",0.4611731682463999
2016-01-12,7.25,4964,4964,-0.35,-4.605,"Jan 12, 16",0.39388229865610525
2016-01-13,7.25,680,680,0,0,"Jan 13, 16",0.39388229865610525
2016-01-14,7.7,959,959,0.45,6.207,"Jan 14, 16",0.48039913098648424
2016-01-15,7.25,3452,3452,-0.45,-5.844,"Jan 15, 16",0.39388229865610525
2016-01-19,7.1,3133,3133,-0.15,-2.069,"Jan 19, 16",0.36504335454597886
2016-01-20,6.4408,15684,15684,-0.6592,-9.285,"Jan 20, 16",0.23830580816334387
2016-01-21,7.0375,4797,4797,0.5967,9.264,"Jan 21, 16",0.3530271278334262
2016-01-22,7.34,1683,1683,0.3025,4.298,"Jan 22, 16",0.411185665122181
2016-01-25,7.13,300,300,-0.21,-2.861,"Jan 25, 16",0.3708111433680042
2016-01-26,7.1,2082,2082,-0.03,-0.421,"Jan 26, 16",0.36504335454597886
2016-01-27,7.12,851,851,0.02,0.282,"Jan 27, 16",0.3688885470939958
2016-01-28,7.2452,1769,1769,0.1252,1.758,"Jan 28, 16",0.39295945244458114
2016-01-29,7.46,903,903,0.2148,2.965,"Jan 29, 16",0.4342568204102821
2016-02-01,7.2,4998,4998,-0.26,-3.485,"Feb 1, 16",0.3842693172860632
2016-02-02,6.7,4290,4290,-0.5,-6.944,"Feb 2, 16",0.2881395035856421
2016-02-03,6.68,1147,1147,-0.02,-0.299,"Feb 3, 16",0.2842943110376252
2016-02-04,6.85,2579,2579,0.17,2.545,"Feb 4, 16",0.31697844769576833
2016-02-05,6.6365,1721,1721,-0.2135,-3.117,"Feb 5, 16",0.2759310172456886
2016-02-08,6.57,2389,2389,-0.0665,-1.002,"Feb 8, 16",0.2631457520235327
2016-02-09,6.6,2511,2511,0.03,0.457,"Feb 9, 16",0.2689135408455578
2016-02-10,6.544,1222,1222,-0.056,-0.848,"Feb 10, 16",0.25814700171111066
2016-02-11,6.3,760,760,-0.244,-3.729,"Feb 11, 16",0.21123565262530522
2016-02-12,6.46,419,419,0.16,2.54,"Feb 12, 16",0.24199719300943998
2016-02-16,6.44,7959,7959,-0.02,-0.31,"Feb 16, 16",0.23815200046142324
2016-02-17,6.1216,5880,5880,-0.3184,-4.944,"Feb 17, 16",0.176936535096995
2016-02-18,6.12,11563,11563,-0.0016,-0.026,"Feb 18, 16",0.1766289196931537
2016-02-19,6.2,16568,16568,0.08,1.307,"Feb 19, 16",0.19200968988522107
2016-02-22,6.6,2938,2938,0.4,6.452,"Feb 22, 16",0.2689135408455578
2016-02-23,6.43,915,915,-0.17,-2.576,"Feb 23, 16",0.23622940418741467
2016-02-24,6.455,185,185,0.025,0.389,"Feb 24, 16",0.2410358948724358
2016-02-25,6.2304,1104,1104,-0.2246,-3.479,"Feb 25, 16",0.19785438255820673
2016-02-26,6.23,6360,6360,-0.0004,-0.006,"Feb 26, 16",0.19777747870724638
2016-02-29,6.25,143,143,0.02,0.321,"Feb 29, 16",0.20162267125526315
2016-03-01,6.38,4597,4597,0.13,2.08,"Mar 1, 16",0.2266164228173726
2016-03-02,6.1,1484,1484,-0.28,-4.389,"Mar 2, 16",0.17278372714513676
2016-03-03,6.25,3696,3696,0.15,2.459,"Mar 3, 16",0.20162267125526315
2016-03-04,6.42,8264,8264,0.17,2.72,"Mar 4, 16",0.2343068079134063
2016-03-07,6.66,10209,10209,0.24,3.738,"Mar 7, 16",0.28044911848960846
2016-03-08,6.4,4616,4616,-0.26,-3.904,"Mar 8, 16",0.23046161536538953
2016-03-09,6.57,8490,8490,0.17,2.656,"Mar 9, 16",0.2631457520235327
2016-03-10,6.09,5139,5139,-0.48,-7.306,"Mar 10, 16",0.1708611308711284
2016-03-11,6.5,3016,3016,0.41,6.732,"Mar 11, 16",0.24968757810547368
2016-03-14,6.5,14,14,0,0,"Mar 14, 16",0.24968757810547368
2016-03-15,6.04,5061,5061,-0.46,-7.077,"Mar 15, 16",0.16124814950108632
2016-03-16,6.24,922,922,0.2,3.311,"Mar 16, 16",0.19970007498125478
2016-03-17,5.94,4506,4506,-0.3,-4.808,"Mar 17, 16",0.14202218676100217
2016-03-18,5.9,2374,2374,-0.04,-0.673,"Mar 18, 16",0.13433180166496847
2016-03-21,5.91,754,754,0.01,0.169,"Mar 21, 16",0.13625439793897687
2016-03-22,5.9,834,834,-0.01,-0.169,"Mar 22, 16",0.13433180166496847
2016-03-23,5.92,871,871,0.02,0.339,"Mar 23, 16",0.13817699421298524
2016-03-24,6.222,2101,2101,0.302,5.101,"Mar 24, 16",0.19623940168803966
2016-03-28,6.222,0,0,0,0,"Mar 28, 16",0.19623940168803966
2016-03-29,6.49,11493,11493,0.268,4.307,"Mar 29, 16",0.2477649818314653
2016-03-30,6.49,50,50,0,0,"Mar 30, 16",0.2477649818314653
2016-03-31,6.07,2594,2594,-0.42,-6.471,"Mar 31, 16",0.16701593832311162
2016-04-01,6.07,639,639,0,0,"Apr 1, 16",0.16701593832311162
2016-04-04,6.07,1103,1103,0,0,"Apr 4, 16",0.16701593832311162
2016-04-05,6.0814,803,803,0.0114,0.188,"Apr 5, 16",0.16920769807548125
2016-04-06,6.06,1575,1575,-0.0214,-0.352,"Apr 6, 16",0.1650933420491031
2016-04-07,6.02,2873,2873,-0.04,-0.66,"Apr 7, 16",0.15740295695306938
2016-04-08,6.04,4241,4241,0.02,0.332,"Apr 8, 16",0.16124814950108632
2016-04-11,6.04,50,50,0,0,"Apr 11, 16",0.16124814950108632
2016-04-12,6,10008,10008,-0.04,-0.662,"Apr 12, 16",0.15355776440505262
2016-04-13,5.92,51582,51582,-0.08,-1.333,"Apr 13, 16",0.13817699421298524
2016-04-14,5.9,2541,2541,-0.02,-0.338,"Apr 14, 16",0.13433180166496847
2016-04-15,5.79,853,853,-0.11,-1.864,"Apr 15, 16",0.11318324265087579
2016-04-18,5.75,796,796,-0.04,-0.691,"Apr 18, 16",0.1054928575548421
2016-04-19,5.5501,10702,10702,-0.1999,-3.477,"Apr 19, 16",0.06706015803741368
2016-04-20,5.87,5145,5145,0.3199,5.764,"Apr 20, 16",0.12856401284294317
2016-04-21,6.0804,1296,1296,0.2104,3.584,"Apr 21, 16",0.16901543844808034
2016-04-22,6.0804,185,185,0,0,"Apr 22, 16",0.16901543844808034
2016-04-25,5.99,2307,2307,-0.0904,-1.487,"Apr 25, 16",0.15163516813104425
2016-04-26,5.83,3659,3659,-0.16,-2.671,"Apr 26, 16",0.12087362774690948
2016-04-27,5.84,700,700,0.01,0.172,"Apr 27, 16",0.12279622402091786
2016-04-28,5.83,8137,8137,-0.01,-0.171,"Apr 28, 16",0.12087362774690948
2016-04-29,5.77,2394,2394,-0.06,-1.029,"Apr 29, 16",0.10933805010285885
2016-05-02,5.61,620,620,-0.16,-2.773,"May 2, 16",0.07857650971872426
2016-05-03,4.82,13231,13231,-0.79,-14.082,"May 3, 16",-0.073308595927941
2016-05-04,5.57,10444,10444,0.75,15.56,"May 4, 16",0.07088612462269057
2016-05-05,5.3501,2892,2892,-0.2199,-3.948,"May 5, 16",0.0286082325572454
2016-05-06,5.25,2499,2499,-0.1001,-1.871,"May 6, 16",0.009363043854421046
2016-05-09,5.17,4038,4038,-0.08,-1.524,"May 9, 16",-0.0060177263376463355
2016-05-10,5.3975,896,896,0.2275,4.4,"May 10, 16",0.03772133889604525
2016-05-11,5.4899,295,295,0.0924,1.712,"May 11, 16",0.055486128467882985
2016-05-12,5.15,3347,3347,-0.3399,-6.191,"May 12, 16",-0.009862918885663095
2016-05-13,5.15,1029,1029,0,0,"May 13, 16",-0.009862918885663095
2016-05-16,4.86,3116,3116,-0.29,-5.631,"May 16, 16",-0.06561821083190732
2016-05-17,5,1320,1320,0.14,2.881,"May 17, 16",-0.03870186299578948
2016-05-18,5.03,1756,1756,0.03,0.6,"May 18, 16",-0.03293407417376417
2016-05-19,5.03,780,780,0,0,"May 19, 16",-0.03293407417376417
2016-05-20,5,4910,4910,-0.03,-0.596,"May 20, 16",-0.03870186299578948
2016-05-23,4.82,557,557,-0.18,-3.6,"May 23, 16",-0.073308595927941
2016-05-24,4.92,1512,1512,0.1,2.075,"May 24, 16",-0.05408263318785686
2016-05-25,5.04,2118,2118,0.12,2.439,"May 25, 16",-0.03101147789975579
2016-05-26,4.61,72217,72217,-0.43,-8.532,"May 26, 16",-0.11368311768211783
2016-05-27,4.9,3400,3400,0.29,6.291,"May 27, 16",-0.05792782573587362
2016-05-31,4.7984,7121,7121,-0.1016,-2.073,"May 31, 16",-0.07746140387979925
2016-06-01,4.64,5308,5308,-0.1584,-3.301,"Jun 1, 16",-0.1079153288600927
2016-06-02,4.64,2851,2851,0,0,"Jun 2, 16",-0.1079153288600927
2016-06-03,4.64,304,304,0,0,"Jun 3, 16",-0.1079153288600927
2016-06-06,4.2,16693,16693,-0.44,-9.483,"Jun 6, 16",-0.19250956491646312
2016-06-07,4.45,40840,40840,0.25,5.952,"Jun 7, 16",-0.1444446580662526
2016-06-08,4.74,9991,9991,0.29,6.517,"Jun 8, 16",-0.08868936612000838
2016-06-09,4.7,11375,11375,-0.04,-0.844,"Jun 9, 16",-0.09637975121604207
2016-06-10,4.82,28737,28737,0.12,2.553,"Jun 10, 16",-0.073308595927941
2016-06-13,4.8,11195,11195,-0.02,-0.415,"Jun 13, 16",-0.07715378847595794
2016-06-14,4.78,8030,8030,-0.02,-0.417,"Jun 14, 16",-0.0809989810239747
2016-06-15,4.85,16848,16848,0.07,1.464,"Jun 15, 16",-0.06754080710591587
2016-06-16,4.7801,27186,27186,-0.0699,-1.441,"Jun 16, 16",-0.08097975506123466
2016-06-17,4.71,103206,103206,-0.0701,-1.466,"Jun 17, 16",-0.0944571549420337
2016-06-20,4.75,2980,2980,0.04,0.849,"Jun 20, 16",-0.086766769846
2016-06-21,4.66,9029,9029,-0.09,-1.895,"Jun 21, 16",-0.10407013631207576
2016-06-22,4.66,10210,10210,0,0,"Jun 22, 16",-0.10407013631207576
2016-06-23,4.66,5377,5377,0,0,"Jun 23, 16",-0.10407013631207576
2016-06-24,4.57,16293,16293,-0.09,-1.931,"Jun 24, 16",-0.12137350277815152
2016-06-27,4.52,3311,3311,-0.05,-1.094,"Jun 27, 16",-0.13098648414819378
2016-06-28,4.58,301,301,0.06,1.327,"Jun 28, 16",-0.11945090650414315
2016-06-29,4.7,11534,11534,0.12,2.62,"Jun 29, 16",-0.09637975121604207
2016-06-30,4.75,7549,7549,0.05,1.064,"Jun 30, 16",-0.086766769846
2016-07-01,4.68,2544,2544,-0.07,-1.474,"Jul 1, 16",-0.10022494376405901
2016-07-05,4.56,2468,2468,-0.12,-2.564,"Jul 5, 16",-0.12329609905216007
2016-07-06,4.5,1410,1410,-0.06,-1.316,"Jul 6, 16",-0.13483167669621055
2016-07-07,4.4,8316,8316,-0.1,-2.222,"Jul 7, 16",-0.15405763943629466
2016-07-08,4.6,14203,14203,0.2,4.545,"Jul 8, 16",-0.11560571395612639
2016-07-11,4.61,7528,7528,0.01,0.217,"Jul 11, 16",-0.11368311768211783
2016-07-12,4.65,1794,1794,0.04,0.868,"Jul 12, 16",-0.10599273258608415
2016-07-13,4.6,7388,7388,-0.05,-1.075,"Jul 13, 16",-0.11560571395612639
2016-07-14,4.6,168,168,0,0,"Jul 14, 16",-0.11560571395612639
2016-07-15,4.72,4399,4399,0.12,2.609,"Jul 15, 16",-0.09253455866802532
2016-07-18,4.6931,1916,1916,-0.0269,-0.57,"Jul 18, 16",-0.09770634264510787
2016-07-19,4.58,3123,3123,-0.1131,-2.41,"Jul 19, 16",-0.11945090650414315
2016-07-20,4.75,9935,9935,0.17,3.712,"Jul 20, 16",-0.086766769846
2016-07-21,4.58,5391,5391,-0.17,-3.579,"Jul 21, 16",-0.11945090650414315
2016-07-22,4.74,20095,20095,0.16,3.493,"Jul 22, 16",-0.08868936612000838
2016-07-25,4.7,13552,13552,-0.04,-0.844,"Jul 25, 16",-0.09637975121604207
2016-07-26,4.7,7281,7281,0,0,"Jul 26, 16",-0.09637975121604207
2016-07-27,4.81,16399,16399,0.11,2.34,"Jul 27, 16",-0.07523119220194956
2016-07-28,4.8,11261,11261,-0.01,-0.208,"Jul 28, 16",-0.07715378847595794
2016-07-29,4.7201,730,730,-0.0799,-1.665,"Jul 29, 16",-0.0925153327052851
2016-08-01,4.72,3124,3124,-0.0001,-0.002,"Aug 1, 16",-0.09253455866802532
2016-08-02,4.72,2956,2956,0,0,"Aug 2, 16",-0.09253455866802532
2016-08-03,4.55,16324,16324,-0.17,-3.602,"Aug 3, 16",-0.12521869532616847
2016-08-04,4.42,22786,22786,-0.13,-2.857,"Aug 4, 16",-0.15021244688827792
2016-08-05,4.27,10232,10232,-0.15,-3.394,"Aug 5, 16",-0.1790513909984043
2016-08-08,4.3,6449,6449,0.03,0.703,"Aug 8, 16",-0.17328360217637898
2016-08-09,4.26,5236,5236,-0.04,-0.93,"Aug 9, 16",-0.18097398727241268
2016-08-10,4.09,4931,4931,-0.17,-3.991,"Aug 10, 16",-0.21365812393055583
2016-08-11,3.95,20556,20556,-0.14,-3.423,"Aug 11, 16",-0.24057447176667365
2016-08-12,4.063,8076,8076,0.113,2.861,"Aug 12, 16",-0.21884913387037858
2016-08-15,4.062,7447,7447,-0.001,-0.025,"Aug 15, 16",-0.21904139349777932
2016-08-16,4.09,3528,3528,0.028,0.689,"Aug 16, 16",-0.21365812393055583
2016-08-17,4.13,16067,16067,0.04,0.978,"Aug 17, 16",-0.20596773883452213
2016-08-18,4.4,13348,13348,0.27,6.538,"Aug 18, 16",-0.15405763943629466
2016-08-19,4.33,3470,3470,-0.07,-1.591,"Aug 19, 16",-0.16751581335435367
2016-08-22,4.4,2540,2540,0.07,1.617,"Aug 22, 16",-0.15405763943629466
2016-08-23,4.4,1519,1519,0,0,"Aug 23, 16",-0.15405763943629466
2016-08-24,4.5,2032,2032,0.1,2.273,"Aug 24, 16",-0.13483167669621055
2016-08-25,4.7,12205,12205,0.2,4.444,"Aug 25, 16",-0.09637975121604207
2016-08-26,4.62,18818,18818,-0.08,-1.702,"Aug 26, 16",-0.11176052140810946
2016-08-29,4.6366,7511,7511,0.0166,0.359,"Aug 29, 16",-0.10856901159325558
2016-08-30,4.67,5388,5388,0.0334,0.72,"Aug 30, 16",-0.10214754003806739
2016-08-31,4.45,52408,52408,-0.22,-4.711,"Aug 31, 16",-0.1444446580662526
2016-09-01,4.6,4894,4894,0.15,3.371,"Sep 1, 16",-0.11560571395612639
2016-09-02,4.8,11423,11423,0.2,4.348,"Sep 2, 16",-0.07715378847595794
2016-09-06,4.76,60449,60449,-0.04,-0.833,"Sep 6, 16",-0.08484417357199163
2016-09-07,4.75,4380,4380,-0.01,-0.21,"Sep 7, 16",-0.086766769846
2016-09-08,4.78,3659,3659,0.03,0.632,"Sep 8, 16",-0.0809989810239747
2016-09-09,4.55,4620,4620,-0.23,-4.812,"Sep 9, 16",-0.12521869532616847
2016-09-12,4.57,2331,2331,0.02,0.44,"Sep 12, 16",-0.12137350277815152
2016-09-13,4.57,4362,4362,0,0,"Sep 13, 16",-0.12137350277815152
2016-09-14,4.6399,13940,13940,0.0699,1.53,"Sep 14, 16",-0.10793455482283273
2016-09-15,4.58,2714,2714,-0.0599,-1.291,"Sep 15, 16",-0.11945090650414315
2016-09-16,4.89,10828,10828,0.31,6.769,"Sep 16, 16",-0.05985042200988217
2016-09-19,4.7,8652,8652,-0.19,-3.885,"Sep 19, 16",-0.09637975121604207
2016-09-20,4.71,4856,4856,0.01,0.213,"Sep 20, 16",-0.0944571549420337
2016-09-21,4.71,69,69,0,0,"Sep 21, 16",-0.0944571549420337
2016-09-22,4.65,3231,3231,-0.06,-1.274,"Sep 22, 16",-0.10599273258608415
2016-09-23,4.5878,6822,6822,-0.0622,-1.338,"Sep 23, 16",-0.11795128141041666
2016-09-26,4.6032,2782,2782,0.0154,0.336,"Sep 26, 16",-0.1149904831484436
2016-09-27,4.6412,1859,1859,0.038,0.826,"Sep 27, 16",-0.10768461730721154
2016-09-28,4.52,1128,1128,-0.1212,-2.611,"Sep 28, 16",-0.13098648414819378
2016-09-29,4.5259,615,615,0.0059,0.131,"Sep 29, 16",-0.12985215234652872
2016-09-30,4.5235,1343,1343,-0.0024,-0.053,"Sep 30, 16",-0.1303135754522907
2016-10-03,4.39,13559,13559,-0.1335,-2.951,"Oct 3, 16",-0.15598023571030323
2016-10-04,4.35,4574,4574,-0.04,-0.911,"Oct 4, 16",-0.1636706208063369
2016-10-05,4.2825,6765,6765,-0.0675,-1.552,"Oct 5, 16",-0.17664814565589373
2016-10-06,4.01,5922,5922,-0.2725,-6.363,"Oct 6, 16",-0.2290388941226232
2016-10-07,4.05,3968,3968,0.04,0.998,"Oct 7, 16",-0.2213485090265895
2016-10-10,4.0359,993,993,-0.0141,-0.348,"Oct 10, 16",-0.22405936977294139
2016-10-11,4,7304,7304,-0.0359,-0.89,"Oct 11, 16",-0.23096149039663158
2016-10-12,3.94,2389,2389,-0.06,-1.5,"Oct 12, 16",-0.2424970680406821
2016-10-13,3.9,2455,2455,-0.04,-1.015,"Oct 13, 16",-0.2501874531367158
2016-10-14,3.8598,13934,13934,-0.0402,-1.031,"Oct 14, 16",-0.25791629015822964
2016-10-17,3.76,1876,1876,-0.0998,-2.586,"Oct 17, 16",-0.2771038009728337
2016-10-18,3.7101,3412,3412,-0.0499,-1.327,"Oct 18, 16",-0.28669755638013567
2016-10-19,3.6838,4641,4641,-0.0263,-0.709,"Oct 19, 16",-0.29175398458077784
2016-10-20,3.4,3269,3269,-0.2838,-7.704,"Oct 20, 16",-0.3463172668371369
2016-10-21,3.301,4662,4662,-0.099,-2.912,"Oct 21, 16",-0.3653509699498202
2016-10-24,3.41,7185,7185,0.109,3.302,"Oct 24, 16",-0.3443946705631284
2016-10-25,3.42,748,748,0.01,0.293,"Oct 25, 16",-0.34247207428912
2016-10-26,3.32,7400,7400,-0.1,-2.924,"Oct 26, 16",-0.3616980370292042
2016-10-27,3.33,514,514,0.01,0.301,"Oct 27, 16",-0.3597754407551958
2016-10-28,3.34,710,710,0.01,0.3,"Oct 28, 16",-0.3578528444811874
2016-10-31,3.52,12181,12181,0.18,5.389,"Oct 31, 16",-0.32324611154903576
2016-11-01,3.59,10305,10305,0.07,1.989,"Nov 1, 16",-0.3097879376309769
2016-11-02,3.32,23860,23860,-0.27,-7.521,"Nov 2, 16",-0.3616980370292042
2016-11-03,3.05,13432,13432,-0.27,-8.133,"Nov 3, 16",-0.4136081364274316
2016-11-04,3.1,9338,9338,0.05,1.639,"Nov 4, 16",-0.4039951550573895
2016-11-07,2.81,16750,16750,-0.29,-9.355,"Nov 7, 16",-0.45975044700363366
2016-11-08,2.82,10476,10476,0.01,0.356,"Nov 8, 16",-0.4578278507296253
2016-11-09,2.76,15307,15307,-0.06,-2.128,"Nov 9, 16",-0.46936342837367584
2016-11-10,2.7295,7259,7259,-0.0305,-1.105,"Nov 10, 16",-0.4752273470094015
2016-11-11,2.73,14462,14462,0.0005,0.018,"Nov 11, 16",-0.47513121719570106
2016-11-14,2.798,14095,14095,0.068,2.491,"Nov 14, 16",-0.4620575625324438
2016-11-15,2.5,58453,58453,-0.298,-10.65,"Nov 15, 16",-0.5193509314978947
2016-11-16,2.45,14255,14255,-0.05,-2,"Nov 16, 16",-0.5289639128679368
2016-11-17,2.45,27257,27257,0,0,"Nov 17, 16",-0.5289639128679368
2016-11-18,2.37,13260,13260,-0.08,-3.265,"Nov 18, 16",-0.5443446830600042
2016-11-21,2.31,19716,19716,-0.06,-2.532,"Nov 21, 16",-0.5558802607040547
2016-11-22,2.2521,15661,15661,-0.0579,-2.506,"Nov 22, 16",-0.5670120931305634
2016-11-23,2.3098,15108,15108,0.0577,2.562,"Nov 23, 16",-0.5559187126295349
2016-11-25,2.29,852,852,-0.0198,-0.857,"Nov 25, 16",-0.5597254532520716
2016-11-28,3.2,103108,103108,0.91,39.738,"Nov 28, 16",-0.3847691923173052
2016-11-29,3.71,112902,112902,0.51,15.938,"Nov 29, 16",-0.2867167823428758
2016-11-30,3.59,69447,69447,-0.12,-3.235,"Nov 30, 16",-0.3097879376309769
2016-12-01,3.11,35152,35152,-0.48,-13.37,"Dec 1, 16",-0.4020725587833811
2016-12-02,2.8,53157,53157,-0.31,-9.968,"Dec 2, 16",-0.46167304327764214
2016-12-05,2.7,23662,23662,-0.1,-3.571,"Dec 5, 16",-0.4808990060177263
2016-12-06,2.6,20680,20680,-0.1,-3.704,"Dec 6, 16",-0.5001249687578105
2016-12-07,2.71,43385,43385,0.11,4.231,"Dec 7, 16",-0.4789764097437179
2016-12-08,3.01,67796,67796,0.3,11.07,"Dec 8, 16",-0.4212985215234653
2016-12-09,3,38840,38840,-0.01,-0.332,"Dec 9, 16",-0.4232211177974737
2016-12-12,2.89,26675,26675,-0.11,-3.667,"Dec 12, 16",-0.4443696768115663
2016-12-13,2.61,38111,38111,-0.28,-9.689,"Dec 13, 16",-0.4982023724838021
2016-12-14,2.75,22520,22520,0.14,5.364,"Dec 14, 16",-0.4712860246476842
2016-12-15,2.65,16990,16990,-0.1,-3.636,"Dec 15, 16",-0.49051198738776847
2016-12-16,2.71,9270,9270,0.06,2.264,"Dec 16, 16",-0.4789764097437179
2016-12-19,2.63,7939,7939,-0.08,-2.952,"Dec 19, 16",-0.49435717993578526
2016-12-20,2.559,23270,23270,-0.071,-2.7,"Dec 20, 16",-0.508007613481245
2016-12-21,2.63,25556,25556,0.071,2.775,"Dec 21, 16",-0.49435717993578526
2016-12-22,2.78,6187,6187,0.15,5.703,"Dec 22, 16",-0.465518235825659
2016-12-23,2.85,20120,20120,0.07,2.518,"Dec 23, 16",-0.4520600619076
2016-12-27,3.0598,26444,26444,0.2098,7.361,"Dec 27, 16",-0.4117239920789033
2016-12-28,3,19785,19785,-0.0598,-1.954,"Dec 28, 16",-0.4232211177974737
2016-12-29,2.9184,20423,20423,-0.0816,-2.72,"Dec 29, 16",-0.43890950339338236
2016-12-30,3.15,16742,16742,0.2316,7.936,"Dec 30, 16",-0.3943821736873474
2017-01-03,2.97,17314,17314,-0.18,-5.714,"Jan 3, 17",-0.4289889066194989
2017-01-04,3,1510,1510,0.03,1.01,"Jan 4, 17",-0.4232211177974737
2017-01-05,3,4498,4498,0,0,"Jan 5, 17",-0.4232211177974737
2017-01-06,2.9,6582,6582,-0.1,-3.333,"Jan 6, 17",-0.44244708053755794
2017-01-09,2.78,8463,8463,-0.12,-4.138,"Jan 9, 17",-0.465518235825659
2017-01-10,2.75,3149,3149,-0.03,-1.079,"Jan 10, 17",-0.4712860246476842
2017-01-11,3,376119,376119,0.25,9.091,"Jan 11, 17",-0.4232211177974737
2017-01-12,3,216430,216430,0,0,"Jan 12, 17",-0.4232211177974737
2017-01-13,3,25643,25643,0,0,"Jan 13, 17",-0.4232211177974737
2017-01-17,2.95,39421,39421,-0.05,-1.667,"Jan 17, 17",-0.43283409916751575
2017-01-18,2.9,15109,15109,-0.05,-1.695,"Jan 18, 17",-0.44244708053755794
2017-01-19,2.82,8458,8458,-0.08,-2.759,"Jan 19, 17",-0.4578278507296253
2017-01-20,3.03,18033,18033,0.21,7.447,"Jan 20, 17",-0.41745332897544846
2017-01-23,2.88,23412,23412,-0.15,-4.95,"Jan 23, 17",-0.4462922730855748
2017-01-24,3.0984,67101,67101,0.2184,7.583,"Jan 24, 17",-0.40430277046123086
2017-01-25,3.26,54028,54028,0.1616,5.216,"Jan 25, 17",-0.3732336146732548
2017-01-26,3.1369,81242,81242,-0.1231,-3.776,"Jan 26, 17",-0.39690077480629843
2017-01-27,3.09,22533,22533,-0.0469,-1.495,"Jan 27, 17",-0.4059177513313979
2017-01-30,3.57,269662,269662,0.48,15.534,"Jan 30, 17",-0.31363313017899375
2017-01-31,3.5,78310,78310,-0.07,-1.961,"Jan 31, 17",-0.3270913040970526
2017-02-01,3.454,12240,12240,-0.046,-1.314,"Feb 1, 17",-0.33593524695749133
2017-02-02,3.69,38082,38082,0.236,6.833,"Feb 2, 17",-0.29056197489089264
2017-02-03,3.6,6937,6937,-0.09,-2.439,"Feb 3, 17",-0.3078653413569684
2017-02-06,3.71,24158,24158,0.11,3.056,"Feb 6, 17",-0.2867167823428758
2017-02-07,4.1,60284,60284,0.39,10.512,"Feb 7, 17",-0.21173552765654743
2017-02-08,4.25,41758,41758,0.15,3.659,"Feb 8, 17",-0.18289658354642105
2017-02-09,4.2,16669,16669,-0.05,-1.176,"Feb 9, 17",-0.19250956491646312
2017-02-10,4.28,32909,32909,0.08,1.905,"Feb 10, 17",-0.17712879472439574
2017-02-13,4.6,38993,38993,0.32,7.477,"Feb 13, 17",-0.11560571395612639
2017-02-14,4.6,17864,17864,0,0,"Feb 14, 17",-0.11560571395612639
2017-02-15,4.53,24244,24244,-0.07,-1.522,"Feb 15, 17",-0.1290638878741852
2017-02-16,4.45,10995,10995,-0.08,-1.766,"Feb 16, 17",-0.1444446580662526
2017-02-17,4.47,21608,21608,0.02,0.449,"Feb 17, 17",-0.14059946551823585
2017-02-21,4.05,38788,38788,-0.42,-9.396,"Feb 21, 17",-0.2213485090265895
2017-02-22,3.91,41470,41470,-0.14,-3.457,"Feb 22, 17",-0.24826485686270736
2017-02-23,3.87,15449,15449,-0.04,-1.023,"Feb 23, 17",-0.25595524195874103
2017-02-24,3.767,10316,10316,-0.103,-2.661,"Feb 24, 17",-0.2757579835810278
2017-02-27,4.2,20221,20221,0.433,11.495,"Feb 27, 17",-0.19250956491646312
2017-02-28,3.95,40410,40410,-0.25,-5.952,"Feb 28, 17",-0.24057447176667365
2017-03-01,3.75,18499,18499,-0.2,-5.063,"Mar 1, 17",-0.2790263972468421
2017-03-02,3.72,58835,58835,-0.03,-0.8,"Mar 2, 17",-0.28479418606886736
2017-03-03,3.85,65843,65843,0.13,3.495,"Mar 3, 17",-0.2598004345067579
2017-03-06,3.72,49714,49714,-0.13,-3.377,"Mar 6, 17",-0.28479418606886736
2017-03-07,3.3,64099,64099,-0.42,-11.29,"Mar 7, 17",-0.3655432295772211
2017-03-08,3.26,29483,29483,-0.04,-1.212,"Mar 8, 17",-0.3732336146732548
2017-03-09,3.34,26832,26832,0.08,2.454,"Mar 9, 17",-0.3578528444811874
2017-03-10,3.34,32793,32793,0,0,"Mar 10, 17",-0.3578528444811874
2017-03-13,3.34,30332,30332,0,0,"Mar 13, 17",-0.3578528444811874
2017-03-14,3.78,93394,93394,0.44,13.174,"Mar 14, 17",-0.27325860842481686
2017-03-15,3.67,14923,14923,-0.11,-2.91,"Mar 15, 17",-0.2944071674389095
2017-03-16,3.52,2740,2740,-0.15,-4.087,"Mar 16, 17",-0.32324611154903576
2017-03-17,3.85,8483,8483,0.33,9.375,"Mar 17, 17",-0.2598004345067579
2017-03-20,4,28654,28654,0.15,3.896,"Mar 20, 17",-0.23096149039663158
2017-03-21,3.96,10634,10634,-0.04,-1,"Mar 21, 17",-0.23865187549266528
2017-03-22,3.75,16622,16622,-0.21,-5.303,"Mar 22, 17",-0.2790263972468421
2017-03-23,3.7818,40064,40064,0.0318,0.848,"Mar 23, 17",-0.27291254109549534
2017-03-24,3.78,33777,33777,-0.0018,-0.048,"Mar 24, 17",-0.27325860842481686
2017-03-27,3.76,33612,33612,-0.02,-0.529,"Mar 27, 17",-0.2771038009728337
2017-03-28,3.66,20230,20230,-0.1,-2.66,"Mar 28, 17",-0.29632976371291786
2017-03-29,3.66,8808,8808,0,0,"Mar 29, 17",-0.29632976371291786
2017-03-30,3.66,14080,14080,0,0,"Mar 30, 17",-0.29632976371291786
2017-03-31,3.65,30997,30997,-0.01,-0.273,"Mar 31, 17",-0.29825235998692634
2017-04-03,3.6,32342,32342,-0.05,-1.37,"Apr 3, 17",-0.3078653413569684
2017-04-04,3.4,18484,18484,-0.2,-5.556,"Apr 4, 17",-0.3463172668371369
2017-04-05,3.2,31553,31553,-0.2,-5.882,"Apr 5, 17",-0.3847691923173052
2017-04-06,3.24,24191,24191,0.04,1.25,"Apr 6, 17",-0.3770788072212715
2017-04-07,3.2,23175,23175,-0.04,-1.235,"Apr 7, 17",-0.3847691923173052
2017-04-10,3.06,18496,18496,-0.14,-4.375,"Apr 10, 17",-0.4116855401534231
2017-04-11,3.06,22671,22671,0,0,"Apr 11, 17",-0.4116855401534231
2017-04-12,3.02,9362,9362,-0.04,-1.307,"Apr 12, 17",-0.4193759252494568
2017-04-13,3.08,12337,12337,0.06,1.987,"Apr 13, 17",-0.40784034760540633
2017-04-17,3.11,13553,13553,0.03,0.974,"Apr 17, 17",-0.4020725587833811
2017-04-18,3.02,26277,26277,-0.09,-2.894,"Apr 18, 17",-0.4193759252494568
2017-04-19,3.28,79570,79570,0.26,8.609,"Apr 19, 17",-0.3693884221252379
2017-04-20,3.57,42122,42122,0.29,8.841,"Apr 20, 17",-0.31363313017899375
2017-04-21,3.48,33611,33611,-0.09,-2.521,"Apr 21, 17",-0.33093649664506947
2017-04-24,3.5,13593,13593,0.02,0.575,"Apr 24, 17",-0.3270913040970526
2017-04-25,3.26,24557,24557,-0.24,-6.857,"Apr 25, 17",-0.3732336146732548
2017-04-26,3.35,14952,14952,0.09,2.761,"Apr 26, 17",-0.35593024820717895
2017-04-27,3.35,17721,17721,0,0,"Apr 27, 17",-0.35593024820717895
2017-04-28,3.4,11951,11951,0.05,1.493,"Apr 28, 17",-0.3463172668371369
2017-05-01,3.2,40550,40550,-0.2,-5.882,"May 1, 17",-0.3847691923173052
2017-05-02,3.2,13468,13468,0,0,"May 2, 17",-0.3847691923173052
2017-05-03,3.2,20959,20959,0,0,"May 3, 17",-0.3847691923173052
2017-05-04,3.13,3187,3187,-0.07,-2.188,"May 4, 17",-0.39822736623536426
2017-05-05,3.06,13271,13271,-0.07,-2.236,"May 5, 17",-0.4116855401534231
2017-05-08,3.17,17417,17417,0.11,3.595,"May 8, 17",-0.39053698113933055
2017-05-09,3.01,39010,39010,-0.16,-5.047,"May 9, 17",-0.4212985215234653
2017-05-10,2.8,13895,13895,-0.21,-6.977,"May 10, 17",-0.46167304327764214
2017-05-11,2.6,12327,12327,-0.2,-7.143,"May 11, 17",-0.5001249687578105
2017-05-12,2.49,117361,117361,-0.11,-4.231,"May 12, 17",-0.5212735277719032
2017-05-15,2.55,22153,22153,0.06,2.41,"May 15, 17",-0.5097379501278527
2017-05-16,2.3201,61136,61136,-0.2299,-9.016,"May 16, 17",-0.5539384384673062
2017-05-17,2.34,16299,16299,0.0199,0.858,"May 17, 17",-0.5501124718820295
2017-05-18,2.29,4235,4235,-0.05,-2.137,"May 18, 17",-0.5597254532520716
2017-05-19,2.4,18406,18406,0.11,4.803,"May 19, 17",-0.5385768942379789
2017-05-22,2.48,10650,10650,0.08,3.333,"May 22, 17",-0.5231961240459115
2017-05-23,2.81,32910,32910,0.33,13.306,"May 23, 17",-0.45975044700363366
2017-05-24,2.5321,48523,48523,-0.2779,-9.89,"May 24, 17",-0.5131793974583277
2017-05-25,2.55,27444,27444,0.0179,0.707,"May 25, 17",-0.5097379501278527
2017-05-26,2.45,25991,25991,-0.1,-3.922,"May 26, 17",-0.5289639128679368
2017-05-30,2.32,33068,33068,-0.13,-5.306,"May 30, 17",-0.5539576644300463
2017-05-31,2.22,25613,25613,-0.1,-4.31,"May 31, 17",-0.5731836271701305
2017-06-01,2.23,116889,116889,0.01,0.45,"Jun 1, 17",-0.5712610308961221
2017-06-02,2.17,73711,73711,-0.06,-2.691,"Jun 2, 17",-0.5827966085401727
2017-06-05,2.21,109080,109080,0.04,1.843,"Jun 5, 17",-0.575106223444139
2017-06-06,2.34,78528,78528,0.13,5.882,"Jun 6, 17",-0.5501124718820295
2017-06-07,2.53,56261,56261,0.19,8.12,"Jun 7, 17",-0.5135831426758695
2017-06-08,2.49,31891,31891,-0.04,-1.581,"Jun 8, 17",-0.5212735277719032
2017-06-09,2.49,21287,21287,0,0,"Jun 9, 17",-0.5212735277719032
2017-06-12,2.51,46408,46408,0.02,0.803,"Jun 12, 17",-0.5174283352238863
2017-06-13,2.75,114294,114294,0.24,9.562,"Jun 13, 17",-0.4712860246476842
2017-06-14,2.7,40635,40635,-0.05,-1.818,"Jun 14, 17",-0.4808990060177263
2017-06-15,2.6,26065,26065,-0.1,-3.704,"Jun 15, 17",-0.5001249687578105
2017-06-16,2.5,77543,77543,-0.1,-3.846,"Jun 16, 17",-0.5193509314978947
2017-06-19,2.34,44212,44212,-0.16,-6.4,"Jun 19, 17",-0.5501124718820295
2017-06-20,2.19,63542,63542,-0.15,-6.41,"Jun 20, 17",-0.5789514159921558
2017-06-21,2.09,73954,73954,-0.1,-4.566,"Jun 21, 17",-0.5981773787322401
2017-06-22,2.04,39366,39366,-0.05,-2.392,"Jun 22, 17",-0.607790360102282
2017-06-23,1.84,141654,141654,-0.2,-9.804,"Jun 23, 17",-0.6462422855824506
2017-06-26,1.93,49709,49709,0.09,4.891,"Jun 26, 17",-0.6289389191163748
2017-06-27,1.84,45922,45922,-0.09,-4.663,"Jun 27, 17",-0.6462422855824506
2017-06-28,1.87,21991,21991,0.03,1.63,"Jun 28, 17",-0.6404744967604252
2017-06-29,1.97,159598,159598,0.1,5.348,"Jun 29, 17",-0.6212485340203411
2017-06-30,1.79,47351,47351,-0.18,-9.137,"Jun 30, 17",-0.6558552669524926
2017-07-03,1.71,5891,5891,-0.08,-4.469,"Jul 3, 17",-0.67123603714456
2017-07-05,1.75,204517,204517,0.04,2.339,"Jul 5, 17",-0.6635456520485263
2017-07-06,1.61,129523,129523,-0.14,-8,"Jul 6, 17",-0.6904619998846442
2017-07-07,1.4,789297,789297,-0.21,-13.043,"Jul 7, 17",-0.7308365216388211
2017-07-10,1.5,489987,489987,0.1,7.143,"Jul 10, 17",-0.7116105588987368
2017-07-11,1.55,1210960,1210960,0.05,3.333,"Jul 11, 17",-0.7019975775286947
2017-07-12,1.48,330605,330605,-0.07,-4.516,"Jul 12, 17",-0.7154557514467537
2017-07-13,1.48,120905,120905,0,0,"Jul 13, 17",-0.7154557514467537
2017-07-14,1.47,72038,72038,-0.01,-0.676,"Jul 14, 17",-0.7173783477207621
2017-07-17,1.465,74044,74044,-0.005,-0.34,"Jul 17, 17",-0.7183396458577663
2017-07-18,1.35,235428,235428,-0.115,-7.85,"Jul 18, 17",-0.7404495030088631
2017-07-19,1.38,155322,155322,0.03,2.222,"Jul 19, 17",-0.7346817141868379
2017-07-20,1.44,254012,254012,0.06,4.348,"Jul 20, 17",-0.7231461365427874
2017-07-21,1.42,91714,91714,-0.02,-1.389,"Jul 21, 17",-0.7269913290908042
2017-07-24,1.46,138479,138479,0.04,2.817,"Jul 24, 17",-0.7193009439947705
2017-07-25,1.42,79114,79114,-0.04,-2.74,"Jul 25, 17",-0.7269913290908042
2017-07-26,1.43,44504,44504,0.01,0.704,"Jul 26, 17",-0.7250687328167958
2017-07-27,1.38,65384,65384,-0.05,-3.497,"Jul 27, 17",-0.7346817141868379
2017-07-28,1.26,144168,144168,-0.12,-8.696,"Jul 28, 17",-0.757752869474939
2017-07-31,1.45,137507,137507,0.19,15.079,"Jul 31, 17",-0.7212235402687789
2017-08-01,1.38,91824,91824,-0.07,-4.828,"Aug 1, 17",-0.7346817141868379
2017-08-02,1.36,35120,35120,-0.02,-1.449,"Aug 2, 17",-0.7385269067348547
2017-08-03,1.36,14112,14112,0,0,"Aug 3, 17",-0.7385269067348547
2017-08-04,1.35,37961,37961,-0.01,-0.735,"Aug 4, 17",-0.7404495030088631
2017-08-07,1.4,97690,97690,0.05,3.704,"Aug 7, 17",-0.7308365216388211
2017-08-08,1.4,75991,75991,0,0,"Aug 8, 17",-0.7308365216388211
2017-08-09,1.45,55159,55159,0.05,3.571,"Aug 9, 17",-0.7212235402687789
2017-08-10,1.36,131707,131707,-0.09,-6.207,"Aug 10, 17",-0.7385269067348547
2017-08-11,1.36,55150,55150,0,0,"Aug 11, 17",-0.7385269067348547
2017-08-14,1.39,73698,73698,0.03,2.206,"Aug 14, 17",-0.7327591179128295
2017-08-15,1.35,55815,55815,-0.04,-2.878,"Aug 15, 17",-0.7404495030088631
2017-08-16,1.33,77471,77471,-0.02,-1.481,"Aug 16, 17",-0.74429469555688
2017-08-17,1.27,163054,163054,-0.06,-4.511,"Aug 17, 17",-0.7558302732009305
2017-08-18,1.32,63784,63784,0.05,3.937,"Aug 18, 17",-0.7462172918308884
2017-08-21,1.1999,76655,76655,-0.1201,-9.098,"Aug 21, 17",-0.7693076730817296
2017-08-22,1.33,650181,650181,0.1301,10.843,"Aug 22, 17",-0.74429469555688
2017-08-23,1.39,278390,278390,0.06,4.511,"Aug 23, 17",-0.7327591179128295
2017-08-24,1.39,160908,160908,0,0,"Aug 24, 17",-0.7327591179128295
2017-08-25,1.43,92020,92020,0.04,2.878,"Aug 25, 17",-0.7250687328167958
2017-08-28,1.35,50718,50718,-0.08,-5.594,"Aug 28, 17",-0.7404495030088631
2017-08-29,1.33,130621,130621,-0.02,-1.481,"Aug 29, 17",-0.74429469555688
2017-08-30,1.41,147585,147585,0.08,6.015,"Aug 30, 17",-0.7289139253648126
2017-08-31,1.35,73395,73395,-0.06,-4.255,"Aug 31, 17",-0.7404495030088631
2017-09-01,1.38,93194,93194,0.03,2.222,"Sep 1, 17",-0.7346817141868379
2017-09-05,1.36,61048,61048,-0.02,-1.449,"Sep 5, 17",-0.7385269067348547
2017-09-06,1.41,28658,28658,0.05,3.676,"Sep 6, 17",-0.7289139253648126
2017-09-07,1.4,56155,56155,-0.01,-0.709,"Sep 7, 17",-0.7308365216388211
2017-09-08,1.43,378529,378529,0.03,2.143,"Sep 8, 17",-0.7250687328167958
2017-09-11,1.4,119282,119282,-0.03,-2.098,"Sep 11, 17",-0.7308365216388211
2017-09-12,1.41,92527,92527,0.01,0.714,"Sep 12, 17",-0.7289139253648126
2017-09-13,1.47,110891,110891,0.06,4.255,"Sep 13, 17",-0.7173783477207621
2017-09-14,1.42,66194,66194,-0.05,-3.401,"Sep 14, 17",-0.7269913290908042
2017-09-15,1.45,70019,70019,0.03,2.113,"Sep 15, 17",-0.7212235402687789
2017-09-18,1.53,138304,138304,0.08,5.517,"Sep 18, 17",-0.7058427700767115
2017-09-19,1.49,94390,94390,-0.04,-2.614,"Sep 19, 17",-0.7135331551727452
2017-09-20,1.41,77454,77454,-0.08,-5.369,"Sep 20, 17",-0.7289139253648126
2017-09-21,1.44,72581,72581,0.03,2.128,"Sep 21, 17",-0.7231461365427874
2017-09-22,1.47,89892,89892,0.03,2.083,"Sep 22, 17",-0.7173783477207621
2017-09-25,1.4,59229,59229,-0.07,-4.762,"Sep 25, 17",-0.7308365216388211
2017-09-26,1.46,152034,152034,0.06,4.286,"Sep 26, 17",-0.7193009439947705
2017-09-27,1.43,43867,43867,-0.03,-2.055,"Sep 27, 17",-0.7250687328167958
2017-09-28,1.44,32628,32628,0.01,0.699,"Sep 28, 17",-0.7231461365427874
2017-09-29,1.42,71868,71868,-0.02,-1.389,"Sep 29, 17",-0.7269913290908042
2017-10-02,1.46,38376,38376,0.04,2.817,"Oct 2, 17",-0.7193009439947705
2017-10-03,1.39,64860,64860,-0.07,-4.795,"Oct 3, 17",-0.7327591179128295
2017-10-04,1.31,113205,113205,-0.08,-5.755,"Oct 4, 17",-0.7481398881048968
2017-10-05,1.4214,79024,79024,0.1114,8.504,"Oct 5, 17",-0.726722165612443
2017-10-06,1.4,24855,24855,-0.0214,-1.506,"Oct 6, 17",-0.7308365216388211
2017-10-09,1.4,25471,25471,0,0,"Oct 9, 17",-0.7308365216388211
2017-10-10,1.39,75665,75665,-0.01,-0.714,"Oct 10, 17",-0.7327591179128295
2017-10-11,1.39,42353,42353,0,0,"Oct 11, 17",-0.7327591179128295
2017-10-12,1.35,60319,60319,-0.04,-2.878,"Oct 12, 17",-0.7404495030088631
2017-10-13,1.38,14981,14981,0.03,2.222,"Oct 13, 17",-0.7346817141868379
2017-10-16,1.3799,48787,48787,-0.0001,-0.007,"Oct 16, 17",-0.734700940149578
2017-10-17,1.39,59135,59135,0.0101,0.732,"Oct 17, 17",-0.7327591179128295
2017-10-18,1.5097,190010,190010,0.1197,8.612,"Oct 18, 17",-0.7097456405129486
2017-10-19,1.4319,85625,85625,-0.0778,-5.153,"Oct 19, 17",-0.7247034395247343
2017-10-20,1.38,105936,105936,-0.0519,-3.625,"Oct 20, 17",-0.7346817141868379
2017-10-23,1.38,90820,90820,0,0,"Oct 23, 17",-0.7346817141868379
2017-10-24,1.39,23645,23645,0.01,0.725,"Oct 24, 17",-0.7327591179128295
2017-10-25,1.3688,50596,50596,-0.0212,-1.525,"Oct 25, 17",-0.7368350220137273
2017-10-26,1.34,97740,97740,-0.0288,-2.104,"Oct 26, 17",-0.7423720992828716
2017-10-27,1.39,26110,26110,0.05,3.731,"Oct 27, 17",-0.7327591179128295
2017-10-30,1.3199,46758,46758,-0.0701,-5.043,"Oct 30, 17",-0.7462365177936285
2017-10-31,1.34,54128,54128,0.0201,1.523,"Oct 31, 17",-0.7423720992828716
2017-11-01,1.32,16983,16983,-0.02,-1.493,"Nov 1, 17",-0.7462172918308884
2017-11-02,1.33,34864,34864,0.01,0.758,"Nov 2, 17",-0.74429469555688
2017-11-03,1.3186,44804,44804,-0.0114,-0.857,"Nov 3, 17",-0.7464864553092496
2017-11-06,1.35,19406,19406,0.0314,2.381,"Nov 6, 17",-0.7404495030088631
2017-11-07,1.35,35177,35177,0,0,"Nov 7, 17",-0.7404495030088631
2017-11-08,1.4,65613,65613,0.05,3.704,"Nov 8, 17",-0.7308365216388211
2017-11-09,1.3999,22326,22326,-0.0001,-0.007,"Nov 9, 17",-0.7308557476015612
2017-11-10,1.3701,20937,20937,-0.0298,-2.129,"Nov 10, 17",-0.7365850844981062
2017-11-13,1.3728,331789,331789,0.0027,0.197,"Nov 13, 17",-0.736065983504124
2017-11-14,1.33,42303,42303,-0.0428,-3.118,"Nov 14, 17",-0.74429469555688
2017-11-15,1.33,71198,71198,0,0,"Nov 15, 17",-0.74429469555688
2017-11-16,1.3683,42848,42848,0.0383,2.88,"Nov 16, 17",-0.7369311518274277
2017-11-17,1.37,26634,26634,0.0017,0.124,"Nov 17, 17",-0.7366043104608463
2017-11-20,1.391,70323,70323,0.021,1.533,"Nov 20, 17",-0.7325668582854287
2017-11-21,1.37,48343,48343,-0.021,-1.51,"Nov 21, 17",-0.7366043104608463
2017-11-22,1.41,69562,69562,0.04,2.92,"Nov 22, 17",-0.7289139253648126
2017-11-24,1.4,25725,25725,-0.01,-0.709,"Nov 24, 17",-0.7308365216388211
2017-11-27,1.38,35879,35879,-0.02,-1.429,"Nov 27, 17",-0.7346817141868379
2017-11-28,1.4,48800,48800,0.02,1.449,"Nov 28, 17",-0.7308365216388211
2017-11-29,1.38,12498,12498,-0.02,-1.429,"Nov 29, 17",-0.7346817141868379
2017-11-30,1.4,69563,69563,0.02,1.449,"Nov 30, 17",-0.7308365216388211
2017-12-01,1.39,53284,53284,-0.01,-0.714,"Dec 1, 17",-0.7327591179128295
2017-12-04,1.33,63151,63151,-0.06,-4.317,"Dec 4, 17",-0.74429469555688
2017-12-05,1.41,287524,287524,0.08,6.015,"Dec 5, 17",-0.7289139253648126
2017-12-06,1.38,45764,45764,-0.03,-2.128,"Dec 6, 17",-0.7346817141868379
2017-12-07,1.4,53064,53064,0.02,1.449,"Dec 7, 17",-0.7308365216388211
2017-12-08,1.39,35576,35576,-0.01,-0.714,"Dec 8, 17",-0.7327591179128295
2017-12-11,1.33,52603,52603,-0.06,-4.317,"Dec 11, 17",-0.74429469555688
2017-12-12,1.31,105853,105853,-0.02,-1.504,"Dec 12, 17",-0.7481398881048968
2017-12-13,1.33,104383,104383,0.02,1.527,"Dec 13, 17",-0.74429469555688
2017-12-14,1.3,85174,85174,-0.03,-2.256,"Dec 14, 17",-0.7500624843789053
2017-12-15,1.32,104291,104291,0.02,1.538,"Dec 15, 17",-0.7462172918308884
2017-12-18,1.42,244939,244939,0.1,7.576,"Dec 18, 17",-0.7269913290908042
2017-12-19,1.64,1430665,1430665,0.22,15.493,"Dec 19, 17",-0.684694211062619
2017-12-20,1.655,448668,448668,0.015,0.915,"Dec 20, 17",-0.6818103166516063
2017-12-21,1.62,143448,143448,-0.035,-2.115,"Dec 21, 17",-0.6885394036106358
2017-12-22,1.65,113901,113901,0.03,1.852,"Dec 22, 17",-0.6827716147886106
2017-12-26,1.66,65874,65874,0.01,0.606,"Dec 26, 17",-0.6808490185146021
2017-12-27,1.65,158656,158656,-0.01,-0.602,"Dec 27, 17",-0.6827716147886106
2017-12-28,1.66,49146,49146,0.01,0.606,"Dec 28, 17",-0.6808490185146021
2017-12-29,1.69,101550,101550,0.03,1.807,"Dec 29, 17",-0.6750812296925769
2018-01-02,1.76,149641,149641,0.07,4.142,"Jan 2, 18",-0.661623055774518
2018-01-03,1.62,250416,250416,-0.14,-7.955,"Jan 3, 18",-0.6885394036106358
2018-01-04,1.62,117037,117037,0,0,"Jan 4, 18",-0.6885394036106358
2018-01-05,1.6,59533,59533,-0.02,-1.235,"Jan 5, 18",-0.6923845961586527
2018-01-08,1.6252,35947,35947,0.0252,1.575,"Jan 8, 18",-0.6875396535481514
2018-01-09,1.53,133895,133895,-0.0952,-5.858,"Jan 9, 18",-0.7058427700767115
2018-01-10,1.5599,49116,49116,0.0299,1.954,"Jan 10, 18",-0.7000942072174264
2018-01-11,1.6,48386,48386,0.0401,2.571,"Jan 11, 18",-0.6923845961586527
2018-01-12,1.62,51961,51961,0.02,1.25,"Jan 12, 18",-0.6885394036106358
2018-01-16,1.6,98634,98634,-0.02,-1.235,"Jan 16, 18",-0.6923845961586527
2018-01-17,1.54,154342,154342,-0.06,-3.75,"Jan 17, 18",-0.7039201738027031
2018-01-18,1.47,39187,39187,-0.07,-4.545,"Jan 18, 18",-0.7173783477207621
2018-01-19,1.49,41080,41080,0.02,1.361,"Jan 19, 18",-0.7135331551727452
2018-01-22,1.54,65493,65493,0.05,3.356,"Jan 22, 18",-0.7039201738027031
2018-01-23,1.4799,95722,95722,-0.0601,-3.903,"Jan 23, 18",-0.7154749774094938
2018-01-24,1.419,72542,72542,-0.0609,-4.115,"Jan 24, 18",-0.7271835887182051
2018-01-25,1.42,30576,30576,0.001,0.07,"Jan 25, 18",-0.7269913290908042
2018-01-26,1.42,68789,68789,0,0,"Jan 26, 18",-0.7269913290908042
2018-01-29,1.36,69984,69984,-0.06,-4.225,"Jan 29, 18",-0.7385269067348547
2018-01-30,1.36,101312,101312,0,0,"Jan 30, 18",-0.7385269067348547
2018-01-31,1.32,50869,50869,-0.04,-2.941,"Jan 31, 18",-0.7462172918308884
2018-02-01,1.3358,44153,44153,0.0158,1.197,"Feb 1, 18",-0.7431795897179552
2018-02-02,1.3201,33493,33493,-0.0157,-1.175,"Feb 2, 18",-0.7461980658681483
2018-02-05,1.31,45255,45255,-0.0101,-0.765,"Feb 5, 18",-0.7481398881048968
2018-02-06,1.31,48130,48130,0,0,"Feb 6, 18",-0.7481398881048968
2018-02-07,1.39,72654,72654,0.08,6.107,"Feb 7, 18",-0.7327591179128295
2018-02-08,1.33,31791,31791,-0.06,-4.317,"Feb 8, 18",-0.74429469555688
2018-02-09,1.3699,80950,80950,0.0399,3,"Feb 9, 18",-0.7366235364235865
2018-02-12,1.4,36467,36467,0.0301,2.197,"Feb 12, 18",-0.7308365216388211
2018-02-13,1.39,14464,14464,-0.01,-0.714,"Feb 13, 18",-0.7327591179128295
2018-02-14,1.3999,31884,31884,0.0099,0.712,"Feb 14, 18",-0.7308557476015612
2018-02-15,1.4,21858,21858,0.0001,0.007,"Feb 15, 18",-0.7308365216388211
2018-02-16,1.3799,29318,29318,-0.0201,-1.436,"Feb 16, 18",-0.734700940149578
2018-02-20,1.4199,41608,41608,0.04,2.899,"Feb 20, 18",-0.7270105550535443
2018-02-21,1.37,49963,49963,-0.0499,-3.514,"Feb 21, 18",-0.7366043104608463
2018-02-22,1.37,39220,39220,0,0,"Feb 22, 18",-0.7366043104608463
2018-02-23,1.36,61292,61292,-0.01,-0.73,"Feb 23, 18",-0.7385269067348547
2018-02-26,1.42,30094,30094,0.06,4.412,"Feb 26, 18",-0.7269913290908042
2018-02-27,1.38,15348,15348,-0.04,-2.817,"Feb 27, 18",-0.7346817141868379
2018-02-28,1.37,22747,22747,-0.01,-0.725,"Feb 28, 18",-0.7366043104608463
2018-03-01,1.34,14194,14194,-0.03,-2.19,"Mar 1, 18",-0.7423720992828716
2018-03-02,1.37,23573,23573,0.03,2.239,"Mar 2, 18",-0.7366043104608463
2018-03-05,1.41,37354,37354,0.04,2.92,"Mar 5, 18",-0.7289139253648126
2018-03-06,1.35,37493,37493,-0.06,-4.255,"Mar 6, 18",-0.7404495030088631
2018-03-07,1.36,55888,55888,0.01,0.741,"Mar 7, 18",-0.7385269067348547
2018-03-08,1.46,68874,68874,0.1,7.353,"Mar 8, 18",-0.7193009439947705
2018-03-09,1.44,66609,66609,-0.02,-1.37,"Mar 9, 18",-0.7231461365427874
2018-03-12,1.49,69028,69028,0.05,3.472,"Mar 12, 18",-0.7135331551727452
2018-03-13,1.591,122222,122222,0.101,6.779,"Mar 13, 18",-0.6941149328052602
2018-03-14,1.65,52840,52840,0.059,3.708,"Mar 14, 18",-0.6827716147886106
2018-03-15,1.58,122810,122810,-0.07,-4.242,"Mar 15, 18",-0.6962297887066695
2018-03-16,1.65,73414,73414,0.07,4.43,"Mar 16, 18",-0.6827716147886106
2018-03-19,1.67,54526,54526,0.02,1.212,"Mar 19, 18",-0.6789264222405937
2018-03-20,1.69,58698,58698,0.02,1.198,"Mar 20, 18",-0.6750812296925769
2018-03-21,1.57,189425,189425,-0.12,-7.101,"Mar 21, 18",-0.6981523849806779
2018-03-22,1.6,48899,48899,0.03,1.911,"Mar 22, 18",-0.6923845961586527
2018-03-23,1.67,279423,279423,0.07,4.375,"Mar 23, 18",-0.6789264222405937
2018-03-26,1.67,75485,75485,0,0,"Mar 26, 18",-0.6789264222405937
2018-03-27,1.5554,32577,32577,-0.1146,-6.862,"Mar 27, 18",-0.7009593755407303
2018-03-28,1.55,113687,113687,-0.0054,-0.347,"Mar 28, 18",-0.7019975775286947
2018-03-29,1.54,17006,17006,-0.01,-0.645,"Mar 29, 18",-0.7039201738027031
2018-04-02,1.53,44905,44905,-0.01,-0.649,"Apr 2, 18",-0.7058427700767115
2018-04-03,1.51,24815,24815,-0.02,-1.307,"Apr 3, 18",-0.7096879626247284
2018-04-04,1.585,25399,25399,0.075,4.967,"Apr 4, 18",-0.6952684905696652
2018-04-05,1.56,82595,82595,-0.025,-1.577,"Apr 5, 18",-0.7000749812546863
2018-04-06,1.45,31984,31984,-0.11,-7.051,"Apr 6, 18",-0.7212235402687789
2018-04-09,1.56,40507,40507,0.11,7.586,"Apr 9, 18",-0.7000749812546863
2018-04-10,1.54,9504,9504,-0.02,-1.282,"Apr 10, 18",-0.7039201738027031
2018-04-11,1.51,24240,24240,-0.03,-1.948,"Apr 11, 18",-0.7096879626247284
2018-04-12,1.65,90186,90186,0.14,9.272,"Apr 12, 18",-0.6827716147886106
2018-04-13,1.68,62874,62874,0.03,1.818,"Apr 13, 18",-0.6770038259665854
2018-04-16,1.7492,209012,209012,0.0692,4.119,"Apr 16, 18",-0.663699459750447
2018-04-17,1.7,83214,83214,-0.0492,-2.813,"Apr 17, 18",-0.6731586334185684
2018-04-18,1.61,30472,30472,-0.09,-5.294,"Apr 18, 18",-0.6904619998846442
2018-04-19,1.63,19195,19195,0.02,1.242,"Apr 19, 18",-0.6866168073366274
2018-04-20,1.54,48297,48297,-0.09,-5.521,"Apr 20, 18",-0.7039201738027031
2018-04-23,1.5,29578,29578,-0.04,-2.597,"Apr 23, 18",-0.7116105588987368
2018-04-24,1.45,55130,55130,-0.05,-3.333,"Apr 24, 18",-0.7212235402687789
2018-04-25,1.5,43729,43729,0.05,3.448,"Apr 25, 18",-0.7116105588987368
2018-04-26,1.46,12484,12484,-0.04,-2.667,"Apr 26, 18",-0.7193009439947705
2018-04-27,1.52,31537,31537,0.06,4.11,"Apr 27, 18",-0.70776536635072
2018-04-30,1.57,35663,35663,0.05,3.289,"Apr 30, 18",-0.6981523849806779
2018-05-01,1.56,24196,24196,-0.01,-0.637,"May 1, 18",-0.7000749812546863
2018-05-02,1.4915,16869,16869,-0.0685,-4.391,"May 2, 18",-0.713244765731644
2018-05-03,1.476,18451,18451,-0.0155,-1.039,"May 3, 18",-0.7162247899563571
2018-05-04,1.5,48521,48521,0.024,1.626,"May 4, 18",-0.7116105588987368
2018-05-07,1.54,23226,23226,0.04,2.667,"May 7, 18",-0.7039201738027031
2018-05-08,1.535,22289,22289,-0.005,-0.325,"May 8, 18",-0.7048814719397073
2018-05-09,1.56,29186,29186,0.025,1.629,"May 9, 18",-0.7000749812546863
2018-05-10,1.56,14679,14679,0,0,"May 10, 18",-0.7000749812546863
2018-05-11,1.59,9604,9604,0.03,1.923,"May 11, 18",-0.694307192432661
2018-05-14,1.6392,24736,24736,0.0492,3.094,"May 14, 18",-0.6848480187645397
2018-05-15,1.6458,36207,36207,0.0066,0.403,"May 15, 18",-0.683579105223694
2018-05-16,1.61,16281,16281,-0.0358,-2.175,"May 16, 18",-0.6904619998846442
2018-05-17,1.61,63096,63096,0,0,"May 17, 18",-0.6904619998846442
2018-05-18,1.68,85771,85771,0.07,4.348,"May 18, 18",-0.6770038259665854
2018-05-21,1.68,29785,29785,0,0,"May 21, 18",-0.6770038259665854
2018-05-22,1.66,9807,9807,-0.02,-1.19,"May 22, 18",-0.6808490185146021
2018-05-23,1.56,88623,88623,-0.1,-6.024,"May 23, 18",-0.7000749812546863
2018-05-24,1.6098,13345,13345,0.0498,3.192,"May 24, 18",-0.6905004518101244
2018-05-25,1.59,17444,17444,-0.0198,-1.23,"May 25, 18",-0.694307192432661
2018-05-29,1.69,75406,75406,0.1,6.289,"May 29, 18",-0.6750812296925769
2018-05-30,1.66,25114,25114,-0.03,-1.775,"May 30, 18",-0.6808490185146021
2018-05-31,1.7,9985,9985,0.04,2.41,"May 31, 18",-0.6731586334185684
2018-06-01,1.7,105747,105747,0,0,"Jun 1, 18",-0.6731586334185684
2018-06-04,1.67,30574,30574,-0.03,-1.765,"Jun 4, 18",-0.6789264222405937
2018-06-05,1.64,107975,107975,-0.03,-1.796,"Jun 5, 18",-0.684694211062619
2018-06-06,1.67,51904,51904,0.03,1.829,"Jun 6, 18",-0.6789264222405937
2018-06-07,1.76,22936,22936,0.09,5.389,"Jun 7, 18",-0.661623055774518
2018-06-08,1.73,49237,49237,-0.03,-1.705,"Jun 8, 18",-0.6673908445965432
2018-06-11,1.78,30781,30781,0.05,2.89,"Jun 11, 18",-0.657777863226501
2018-06-12,1.69,44406,44406,-0.09,-5.056,"Jun 12, 18",-0.6750812296925769
2018-06-13,1.66,32798,32798,-0.03,-1.775,"Jun 13, 18",-0.6808490185146021
2018-06-14,1.66,427942,427942,0,0,"Jun 14, 18",-0.6808490185146021
2018-06-15,1.69,24673,24673,0.03,1.807,"Jun 15, 18",-0.6750812296925769
2018-06-18,1.67,27085,27085,-0.02,-1.183,"Jun 18, 18",-0.6789264222405937
2018-06-19,1.66,18518,18518,-0.01,-0.599,"Jun 19, 18",-0.6808490185146021
2018-06-20,1.67,26844,26844,0.01,0.602,"Jun 20, 18",-0.6789264222405937
2018-06-21,1.72,65558,65558,0.05,2.994,"Jun 21, 18",-0.6693134408705517
2018-06-22,1.78,70395,70395,0.06,3.488,"Jun 22, 18",-0.657777863226501
2018-06-25,1.73,37340,37340,-0.05,-2.809,"Jun 25, 18",-0.6673908445965432
2018-06-26,1.87,75697,75697,0.14,8.092,"Jun 26, 18",-0.6404744967604252
2018-06-27,1.85,174399,174399,-0.02,-1.07,"Jun 27, 18",-0.6443196893084421
2018-06-28,1.75,34940,34940,-0.1,-5.405,"Jun 28, 18",-0.6635456520485263
2018-06-29,1.8,24241,24241,0.05,2.857,"Jun 29, 18",-0.6539326706784843
2018-07-02,1.73,34728,34728,-0.07,-3.889,"Jul 2, 18",-0.6673908445965432
2018-07-03,1.76,17696,17696,0.03,1.734,Jul 3,-0.661623055774518
2018-07-05,1.6,101612,101612,-0.16,-9.091,Jul 5,-0.6923845961586527
2018-07-06,1.5,103020,103020,-0.1,-6.25,Jul 6,-0.7116105588987368
2018-07-09,1.58,59156,59156,0.08,5.333,Jul 9,-0.6962297887066695
2018-07-10,1.52,17429,17429,-0.06,-3.797,Jul 10,-0.70776536635072
2018-07-11,1.5,9748,9748,-0.02,-1.316,Jul 11,-0.7116105588987368
2018-07-12,1.46,76436,76436,-0.04,-2.667,Jul 12,-0.7193009439947705
2018-07-13,1.53,49376,49376,0.07,4.795,Jul 13,-0.7058427700767115
2018-07-16,1.49,30908,30908,-0.04,-2.614,Jul 16,-0.7135331551727452
2018-07-17,1.4299,59523,59523,-0.0601,-4.034,Jul 17,-0.7250879587795359
2018-07-18,1.4309,18494,18494,0.001,0.07,Jul 18,-0.724895699152135
2018-07-19,1.46,46613,46613,0.0291,2.034,Jul 19,-0.7193009439947705
2018-07-20,1.6,53515,53515,0.14,9.589,Jul 20,-0.6923845961586527
2018-07-23,1.54,72584,72584,-0.06,-3.75,Jul 23,-0.7039201738027031
2018-07-24,1.49,22920,22920,-0.05,-3.247,Jul 24,-0.7135331551727452
2018-07-25,1.49,9650,9650,0,0,Jul 25,-0.7135331551727452
2018-07-26,1.55,22483,22483,0.06,4.027,Jul 26,-0.7019975775286947
2018-07-27,1.54,11714,11714,-0.01,-0.645,Jul 27,-0.7039201738027031
2018-07-30,1.49,20485,20485,-0.05,-3.247,Jul 30,-0.7135331551727452
2018-07-31,1.48,39453,39453,-0.01,-0.671,Jul 31,-0.7154557514467537
2018-08-01,1.45,10015,10015,-0.03,-2.027,Aug 1,-0.7212235402687789
2018-08-02,1.45,25900,25900,0,0,Aug 2,-0.7212235402687789