date,high,low,close,volume,unadjustedVolume,change,changePercent,label,changeOverTime
2014-02-19,0,0,0.15,0,0,0.15,0,"Feb 19, 14",0
2014-02-20,0,0,0.15,0,0,0,0,"Feb 20, 14",0
2014-02-21,0,0,0.15,0,0,0,0,"Feb 21, 14",0
2014-02-24,0,0,0.15,0,0,0,0,"Feb 24, 14",0
2014-02-25,0,0,0.15,0,0,0,0,"Feb 25, 14",0
2014-04-09,0.15,0.15,0.15,1000,1000,0,0,"Apr 9, 14",0
2014-09-08,2,2,2,2000,2000,1.85,1233.333,"Sep 8, 14",12.333333333333334
2014-09-09,2.5,2.25,2.25,5567,5567,0.25,12.5,"Sep 9, 14",14.000000000000002
2014-09-10,2.25,1.75,2.25,6233,6233,0,0,"Sep 10, 14",14.000000000000002
2014-09-11,2.75,2.25,2.25,2967,2967,0,0,"Sep 11, 14",14.000000000000002
2014-09-12,2.75,2.25,2.75,2533,2533,0.5,22.222,"Sep 12, 14",17.333333333333336
2014-09-16,3,3,3,800,800,0.25,9.091,"Sep 16, 14",19
2014-09-17,3,3,3,200,200,0,0,"Sep 17, 14",19
2014-09-18,3,2.75,2.75,1230,1230,-0.25,-8.333,"Sep 18, 14",17.333333333333336
2014-09-19,2.85,2.51,2.51,2600,2600,-0.24,-8.727,"Sep 19, 14",15.733333333333333
2014-09-22,2.52,2.5,2.5,7800,7800,-0.01,-0.398,"Sep 22, 14",15.666666666666668
2014-09-23,2.55,2.5,2.5,5267,5267,0,0,"Sep 23, 14",15.666666666666668
2014-09-24,2.25,1.99,2,8747,8747,-0.5,-20,"Sep 24, 14",12.333333333333334
2014-09-25,2.25,2,2.25,300,300,0.25,12.5,"Sep 25, 14",14.000000000000002
2014-09-30,2.25,2,2.25,2400,2400,0,0,"Sep 30, 14",14.000000000000002
2014-10-01,3,3,3,357,357,0.75,33.333,"Oct 1, 14",19
2014-10-13,2.99,2.99,2.99,2143,2143,-0.01,-0.333,"Oct 13, 14",18.933333333333337
2014-10-15,2.8,2.75,2.8,500,500,-0.19,-6.355,"Oct 15, 14",17.666666666666668
2014-10-16,3,3,3,1000,1000,0.2,7.143,"Oct 16, 14",19
2014-10-20,3.01,2.8,2.8,5000,5000,-0.2,-6.667,"Oct 20, 14",17.666666666666668
2014-10-21,2.81,2.81,2.81,4000,4000,0.01,0.357,"Oct 21, 14",17.733333333333334
2014-10-23,2.8,2.8,2.8,176,176,-0.01,-0.356,"Oct 23, 14",17.666666666666668
2014-10-28,2.8,2.8,2.8,2000,2000,0,0,"Oct 28, 14",17.666666666666668
2014-10-29,2.6,2.5,2.5,10600,10600,-0.3,-10.714,"Oct 29, 14",15.666666666666668
2014-10-30,,,2.5,33,33,0,0,"Oct 30, 14",15.666666666666668
2014-10-31,3.5,2.75,3.5,9800,9800,1,40,"Oct 31, 14",22.333333333333336
2014-11-06,3.4,3.4,3.4,100,100,-0.1,-2.857,"Nov 6, 14",21.666666666666668
2014-11-11,3.5,3.4,3.4,2100,2100,0,0,"Nov 11, 14",21.666666666666668
2014-11-12,3.4,3.4,3.4,100,100,0,0,"Nov 12, 14",21.666666666666668
2014-11-14,3.5,2.5,2.5,2100,2100,-0.9,-26.471,"Nov 14, 14",15.666666666666668
2014-11-17,3,2.5,3,1300,1300,0.5,20,"Nov 17, 14",19
2014-11-18,3,3,3,150,150,0,0,"Nov 18, 14",19
2014-11-21,2.5,2.5,2.5,930,930,-0.5,-16.667,"Nov 21, 14",15.666666666666668
2014-11-24,3,2.5,2.5,4200,4200,0,0,"Nov 24, 14",15.666666666666668
2014-11-25,2.5,2.31,2.31,1850,1850,-0.19,-7.6,"Nov 25, 14",14.400000000000002
2014-11-26,2.5,2.01,2.25,3400,3400,-0.06,-2.597,"Nov 26, 14",14.000000000000002
2014-11-28,2.25,2.25,2.25,2000,2000,0,0,"Nov 28, 14",14.000000000000002
2014-12-01,2.5,2.5,2.5,100,100,0.25,11.111,"Dec 1, 14",15.666666666666668
2014-12-02,2.5,2.16,2.5,1200,1200,0,0,"Dec 2, 14",15.666666666666668
2014-12-03,2.9,2.8,2.8,2976,2976,0.3,12,"Dec 3, 14",17.666666666666668
2014-12-09,2.95,2.8,2.8,3700,3700,0,0,"Dec 9, 14",17.666666666666668
2014-12-11,2.8,2.8,2.8,10050,10050,0,0,"Dec 11, 14",17.666666666666668
2014-12-15,3,3,3,600,600,0.2,7.143,"Dec 15, 14",19
2014-12-16,3,2.8,3,8900,8900,0,0,"Dec 16, 14",19
2014-12-18,,,3,24,24,0,0,"Dec 18, 14",19
2014-12-22,3,3,3,2200,2200,0,0,"Dec 22, 14",19
2014-12-23,3,3,3,1000,1000,0,0,"Dec 23, 14",19
2014-12-30,2.75,2.75,2.75,35000,35000,-0.25,-8.333,"Dec 30, 14",17.333333333333336
2014-12-31,3,3,3,100,100,0.25,9.091,"Dec 31, 14",19
2015-01-05,3,3,3,100,100,0,0,"Jan 5, 15",19
2015-01-06,3,3,3,25000,25000,0,0,"Jan 6, 15",19
2015-01-07,3,3,3,300,300,0,0,"Jan 7, 15",19
2015-01-08,3,2.75,2.75,11100,11100,-0.25,-8.333,"Jan 8, 15",17.333333333333336
2015-01-09,2.75,2.75,2.75,3777,3777,0,0,"Jan 9, 15",17.333333333333336
2015-01-13,3,3,3,200,200,0.25,9.091,"Jan 13, 15",19
2015-01-14,2.9,2.9,2.9,800,800,-0.1,-3.333,"Jan 14, 15",18.333333333333336
2015-01-15,3,3,3,100,100,0.1,3.448,"Jan 15, 15",19
2015-01-16,3,3,3,430,430,0,0,"Jan 16, 15",19
2015-01-21,3,2.9,3,1100,1100,0,0,"Jan 21, 15",19
2015-01-22,2.9,2.9,2.9,430,430,-0.1,-3.333,"Jan 22, 15",18.333333333333336
2015-01-26,3,2.9,2.9,1785,1785,0,0,"Jan 26, 15",18.333333333333336
2015-01-28,2.95,2.95,2.95,50000,50000,0.05,1.724,"Jan 28, 15",18.666666666666668
2015-01-30,3,2.8,3,2195,2195,0.05,1.695,"Jan 30, 15",19
2015-02-02,2.85,2.25,2.75,3500,3500,-0.25,-8.333,"Feb 2, 15",17.333333333333336
2015-02-03,2.95,2.55,2.9,34800,34800,0.15,5.455,"Feb 3, 15",18.333333333333336
2015-02-04,2.95,2.9,2.95,1300,1300,0.05,1.724,"Feb 4, 15",18.666666666666668
2015-02-11,2.95,2.95,2.95,800,800,0,0,"Feb 11, 15",18.666666666666668
2015-02-19,2.95,2.95,2.95,2200,2200,0,0,"Feb 19, 15",18.666666666666668
2015-02-23,3,2.6,3,1000,1000,0.05,1.695,"Feb 23, 15",19
2015-02-24,3,2.6,3,700,700,0,0,"Feb 24, 15",19
2015-02-25,3,2.6,3,900,900,0,0,"Feb 25, 15",19
2015-02-26,3,2.6,2.9,1450,1450,-0.1,-3.333,"Feb 26, 15",18.333333333333336
2015-02-27,2.89,2.35,2.89,1100,1100,-0.01,-0.345,"Feb 27, 15",18.26666666666667
2015-03-02,2.89,2.4,2.89,2800,2800,0,0,"Mar 2, 15",18.26666666666667
2015-03-03,2.9,2.5,2.9,3800,3800,0.01,0.346,"Mar 3, 15",18.333333333333336
2015-03-05,2.8,2.55,2.8,1800,1800,-0.1,-3.448,"Mar 5, 15",17.666666666666668
2015-03-06,3,2.55,3,2500,2500,0.2,7.143,"Mar 6, 15",19
2015-03-09,3,2.55,3,2000,2000,0,0,"Mar 9, 15",19
2015-03-12,3,2.65,3,1197,1197,0,0,"Mar 12, 15",19
2015-03-18,3,2.45,3,1000,1000,0,0,"Mar 18, 15",19
2015-03-20,3,2.55,3,1350,1350,0,0,"Mar 20, 15",19
2015-03-23,3,2.55,3,500,500,0,0,"Mar 23, 15",19
2015-03-26,3,2.3,3,1400,1400,0,0,"Mar 26, 15",19
2015-03-27,3,2.35,3,900,900,0,0,"Mar 27, 15",19
2015-03-30,3.25,2.35,3.25,8400,8400,0.25,8.333,"Mar 30, 15",20.666666666666668
2015-03-31,3.25,2.45,3.25,1300,1300,0,0,"Mar 31, 15",20.666666666666668
2015-04-06,3,3,3,200,200,-0.25,-7.692,"Apr 6, 15",19
2015-04-07,3,2,3,6300,6300,0,0,"Apr 7, 15",19
2015-04-13,3.15,3,3.15,2850,2850,0.15,5,"Apr 13, 15",20
2015-04-14,3.25,3,3,3878,3878,-0.15,-4.762,"Apr 14, 15",19
2015-04-21,,,3,13,13,0,0,"Apr 21, 15",19
2015-04-24,3.5,2.5,3.5,600,600,0.5,16.667,"Apr 24, 15",22.333333333333336
2015-04-27,3.5,2.5,3.5,1540,1540,0,0,"Apr 27, 15",22.333333333333336
2015-04-30,3,3,3,900,900,-0.5,-14.286,"Apr 30, 15",19
2015-05-11,3.5,2.5,3.5,2000,2000,0.5,16.667,"May 11, 15",22.333333333333336
2015-05-12,3.25,3.25,3.25,500,500,-0.25,-7.143,"May 12, 15",20.666666666666668
2015-05-14,3.45,2.5,3.45,4526,4526,0.2,6.154,"May 14, 15",22.000000000000004
2015-05-20,,,3.45,27000,27000,0,0,"May 20, 15",22.000000000000004
2015-05-21,3.25,2.55,3.25,700,700,-0.2,-5.797,"May 21, 15",20.666666666666668
2015-05-28,3.45,3.25,3.45,1000,1000,0.2,6.154,"May 28, 15",22.000000000000004
2015-05-29,3.45,3.45,3.45,2805,2805,0,0,"May 29, 15",22.000000000000004
2015-06-02,,,3.45,50,50,0,0,"Jun 2, 15",22.000000000000004
2015-06-04,3.45,3.25,3.25,39400,39400,-0.2,-5.797,"Jun 4, 15",20.666666666666668
2015-06-05,3.25,3.25,3.25,205,205,0,0,"Jun 5, 15",20.666666666666668
2015-06-08,3.4,3,3.4,2800,2800,0.15,4.615,"Jun 8, 15",21.666666666666668
2015-06-09,4,3.5,4,12161,12161,0.6,17.647,"Jun 9, 15",25.666666666666668
2015-06-10,4.5,4.4,4.48,6480,6480,0.48,12,"Jun 10, 15",28.866666666666667
2015-06-11,4.5,4.5,4.5,300,300,0.02,0.446,"Jun 11, 15",29
2015-06-12,4.5,4.5,4.5,1007,1007,0,0,"Jun 12, 15",29
2015-06-15,4.5,3.5,3.75,3500,3500,-0.75,-16.667,"Jun 15, 15",24
2015-06-16,4,3.6,4,1270,1270,0.25,6.667,"Jun 16, 15",25.666666666666668
2015-06-17,3.74,3,3.2,4639,4639,-0.8,-20,"Jun 17, 15",20.333333333333336
2015-06-18,3.25,3.16,3.25,1900,1900,0.05,1.562,"Jun 18, 15",20.666666666666668
2015-06-22,3.25,3.25,3.25,1106,1106,0,0,"Jun 22, 15",20.666666666666668
2015-06-23,3.49,3.25,3.25,1535,1535,0,0,"Jun 23, 15",20.666666666666668
2015-06-24,3.54,3.2499,3.2499,1600,1600,-0.0001,-0.003,"Jun 24, 15",20.666
2015-06-25,2.85,2.51,2.65,378725,378725,-0.5999,-18.459,"Jun 25, 15",16.666666666666668
2015-06-26,2.7,2.55,2.7,122904,122904,0.05,1.887,"Jun 26, 15",17.000000000000004
2015-06-29,2.7,2.52,2.5999,13049,13049,-0.1001,-3.707,"Jun 29, 15",16.332666666666668
2015-06-30,2.7,2.56,2.5601,14159,14159,-0.0398,-1.531,"Jun 30, 15",16.067333333333334
2015-07-01,2.56,2.5172,2.55,3693,3693,-0.0101,-0.395,"Jul 1, 15",16
2015-07-02,2.42,2.19,2.34,37211,37211,-0.21,-8.235,"Jul 2, 15",14.6
2015-07-06,2.49,2.1,2.35,58255,58255,0.01,0.427,"Jul 6, 15",14.666666666666668
2015-07-07,2.5,2.25,2.36,14630,14630,0.01,0.426,"Jul 7, 15",14.733333333333334
2015-07-08,2.33,2.2,2.33,1549,1549,-0.03,-1.271,"Jul 8, 15",14.533333333333335
2015-07-09,2.45,2.21,2.45,16804,16804,0.12,5.15,"Jul 9, 15",15.333333333333336
2015-07-10,2.7,2.21,2.5,42789,42789,0.05,2.041,"Jul 10, 15",15.666666666666668
2015-07-13,2.75,2.45,2.53,14996,14996,0.03,1.2,"Jul 13, 15",15.866666666666667
2015-07-14,2.65,2.25,2.34,33614,33614,-0.19,-7.51,"Jul 14, 15",14.6
2015-07-15,2.51,2.255,2.34,33517,33517,0,0,"Jul 15, 15",14.6
2015-07-16,2.4362,2.16,2.23,44938,44938,-0.11,-4.701,"Jul 16, 15",13.866666666666667
2015-07-17,2.57,2.2,2.21,27171,27171,-0.02,-0.897,"Jul 17, 15",13.733333333333334
2015-07-20,2.2501,2.16,2.16,17573,17573,-0.05,-2.262,"Jul 20, 15",13.400000000000002
2015-07-21,2.31,2.1101,2.22,46502,46502,0.06,2.778,"Jul 21, 15",13.800000000000002
2015-07-22,2.2501,2.2501,2.2501,486,486,0.0301,1.356,"Jul 22, 15",14.00066666666667
2015-07-23,2.31,1.82,1.97,52573,52573,-0.2801,-12.448,"Jul 23, 15",12.133333333333335
2015-07-24,2.05,2,2.05,34741,34741,0.08,4.061,"Jul 24, 15",12.666666666666666
2015-07-27,2.49,2,2.12,57257,57257,0.07,3.415,"Jul 27, 15",13.133333333333335
2015-07-28,2.4,2.03,2.18,73012,73012,0.06,2.83,"Jul 28, 15",13.533333333333335
2015-07-29,2.28,2.06,2.06,9398,9398,-0.12,-5.505,"Jul 29, 15",12.733333333333334
2015-07-30,2.34,2.1,2.2699,92030,92030,0.2099,10.189,"Jul 30, 15",14.132666666666667
2015-07-31,2.26,2.13,2.18,13661,13661,-0.0899,-3.961,"Jul 31, 15",13.533333333333335
2015-08-03,2.25,2.15,2.15,10641,10641,-0.03,-1.376,"Aug 3, 15",13.333333333333334
2015-08-04,2.22,2.15,2.21,11285,11285,0.06,2.791,"Aug 4, 15",13.733333333333334
2015-08-05,2.22,2.05,2.1199,46563,46563,-0.0901,-4.077,"Aug 5, 15",13.132666666666667
2015-08-06,2.2,1.83,1.95,174388,174388,-0.1699,-8.015,"Aug 6, 15",12
2015-08-07,1.95,1.83,1.83,22611,22611,-0.12,-6.154,"Aug 7, 15",11.200000000000001
2015-08-10,1.85,1.4,1.67,22801,22801,-0.16,-8.743,"Aug 10, 15",10.133333333333335
2015-08-11,1.77,1.48,1.77,32898,32898,0.1,5.988,"Aug 11, 15",10.8
2015-08-12,1.88,1.56,1.85,23771,23771,0.08,4.52,"Aug 12, 15",11.333333333333336
2015-08-13,1.98,1.8,1.85,12960,12960,0,0,"Aug 13, 15",11.333333333333336
2015-08-14,1.88,1.62,1.87,4650,4650,0.02,1.081,"Aug 14, 15",11.466666666666669
2015-08-17,1.87,1.6,1.85,60216,60216,-0.02,-1.07,"Aug 17, 15",11.333333333333336
2015-08-18,1.85,1.65,1.77,36313,36313,-0.08,-4.324,"Aug 18, 15",10.8
2015-08-19,1.77,1.56,1.62,62063,62063,-0.15,-8.475,"Aug 19, 15",9.800000000000002
2015-08-20,1.7399,1.61,1.7,4268,4268,0.08,4.938,"Aug 20, 15",10.333333333333334
2015-08-21,1.8,1.5,1.8,15316,15316,0.1,5.882,"Aug 21, 15",11.000000000000002
2015-08-24,1.68,1.39,1.63,68271,68271,-0.17,-9.444,"Aug 24, 15",9.866666666666667
2015-08-25,1.79,1.51,1.67,14871,14871,0.04,2.454,"Aug 25, 15",10.133333333333335
2015-08-26,1.7432,1.2,1.42,111677,111677,-0.25,-14.97,"Aug 26, 15",8.466666666666667
2015-08-27,1.47,1.3039,1.47,41344,41344,0.05,3.521,"Aug 27, 15",8.8
2015-08-28,1.49,1.3,1.33,15720,15720,-0.14,-9.524,"Aug 28, 15",7.866666666666668
2015-08-31,1.4699,1.38,1.42,5791,5791,0.09,6.767,"Aug 31, 15",8.466666666666667
2015-09-01,1.4499,1.253,1.33,15087,15087,-0.09,-6.338,"Sep 1, 15",7.866666666666668
2015-09-02,1.45,1.33,1.39,8136,8136,0.06,4.511,"Sep 2, 15",8.266666666666667
2015-09-03,1.5,1.28,1.43,16209,16209,0.04,2.878,"Sep 3, 15",8.533333333333333
2015-09-04,1.55,1.4001,1.45,31720,31720,0.02,1.399,"Sep 4, 15",8.666666666666668
2015-09-08,1.66,1.4607,1.49,43472,43472,0.04,2.759,"Sep 8, 15",8.933333333333334
2015-09-09,1.61,1.46,1.52,23210,23210,0.03,2.013,"Sep 9, 15",9.133333333333335
2015-09-10,1.56,1.4,1.46,31654,31654,-0.06,-3.947,"Sep 10, 15",8.733333333333334
2015-09-11,1.89,1.49,1.87,51842,51842,0.41,28.082,"Sep 11, 15",11.466666666666669
2015-09-14,2.25,1.85,2.01,228376,228376,0.14,7.487,"Sep 14, 15",12.4
2015-09-15,2.15,1.7,1.8,89847,89847,-0.21,-10.448,"Sep 15, 15",11.000000000000002
2015-09-16,1.95,1.72,1.84,63301,63301,0.04,2.222,"Sep 16, 15",11.266666666666667
2015-09-17,1.85,1.68,1.68,54601,54601,-0.16,-8.696,"Sep 17, 15",10.200000000000001
2015-09-18,1.7499,1.5,1.5,83393,83393,-0.18,-10.714,"Sep 18, 15",9.000000000000002
2015-09-21,1.7,1.52,1.6,44928,44928,0.1,6.667,"Sep 21, 15",9.666666666666668
2015-09-22,1.66,1.5,1.5,30187,30187,-0.1,-6.25,"Sep 22, 15",9.000000000000002
2015-09-23,1.6486,1.38,1.5,22991,22991,0,0,"Sep 23, 15",9.000000000000002
2015-09-24,1.5,1.42,1.43,45720,45720,-0.07,-4.667,"Sep 24, 15",8.533333333333333
2015-09-25,1.45,1.38,1.43,10750,10750,0,0,"Sep 25, 15",8.533333333333333
2015-09-28,1.43,1.06,1.08,43168,43168,-0.35,-24.476,"Sep 28, 15",6.2
2015-09-29,1.15,0.91,1.0499,60501,60501,-0.0301,-2.787,"Sep 29, 15",5.999333333333333
2015-09-30,1.14,0.98,1.03,22399,22399,-0.0199,-1.895,"Sep 30, 15",5.866666666666667
2015-10-01,1.1,1.05,1.0936,12019,12019,0.0636,6.175,"Oct 1, 15",6.290666666666666
2015-10-02,1.16,1.08,1.13,35592,35592,0.0364,3.328,"Oct 2, 15",6.533333333333332
2015-10-05,1.239,1.13,1.16,18640,18640,0.03,2.655,"Oct 5, 15",6.733333333333333
2015-10-06,1.2221,1.18,1.22,39768,39768,0.06,5.172,"Oct 6, 15",7.133333333333334
2015-10-07,1.32,1.24,1.28,40835,40835,0.06,4.918,"Oct 7, 15",7.533333333333334
2015-10-08,1.3497,1.08,1.2,95846,95846,-0.08,-6.25,"Oct 8, 15",7.000000000000001
2015-10-09,1.3,1.18,1.19,26115,26115,-0.01,-0.833,"Oct 9, 15",6.933333333333334
2015-10-12,1.236,1.16,1.2032,6533,6533,0.0132,1.109,"Oct 12, 15",7.0213333333333345
2015-10-13,1.2999,1.1601,1.25,6008,6008,0.0468,3.89,"Oct 13, 15",7.333333333333334
2015-10-14,1.36,1.16,1.16,28248,28248,-0.09,-7.2,"Oct 14, 15",6.733333333333333
2015-10-15,1.2899,1.18,1.21,19574,19574,0.05,4.31,"Oct 15, 15",7.066666666666667
2015-10-16,1.65,1.16,1.22,85432,85432,0.01,0.826,"Oct 16, 15",7.133333333333334
2015-10-19,1.22,1.17,1.21,20565,20565,-0.01,-0.82,"Oct 19, 15",7.066666666666667
2015-10-20,1.26,1.15,1.15,15901,15901,-0.06,-4.959,"Oct 20, 15",6.666666666666666
2015-10-21,1.1999,1.1,1.1,16184,16184,-0.05,-4.348,"Oct 21, 15",6.333333333333334
2015-10-22,1.1162,1,1.05,10493,10493,-0.05,-4.545,"Oct 22, 15",6
2015-10-23,1.16,1.01,1.04,29158,29158,-0.01,-0.952,"Oct 23, 15",5.933333333333334
2015-10-26,1.0972,1.01,1.05,13003,13003,0.01,0.962,"Oct 26, 15",6
2015-10-27,1.135,1.0405,1.1,32783,32783,0.05,4.762,"Oct 27, 15",6.333333333333334
2015-10-28,1.1551,1.05,1.0501,13269,13269,-0.0499,-4.536,"Oct 28, 15",6.000666666666667
2015-10-29,1.37,1,1.15,129774,129774,0.0999,9.513,"Oct 29, 15",6.666666666666666
2015-10-30,1.12,1.07,1.07,9700,9700,-0.08,-6.957,"Oct 30, 15",6.133333333333334
2015-11-02,1.15,1.02,1.06,10933,10933,-0.01,-0.935,"Nov 2, 15",6.066666666666667
2015-11-03,1.14,1.0535,1.14,51489,51489,0.08,7.547,"Nov 3, 15",6.6
2015-11-04,1.25,1,1.2,54204,54204,0.06,5.263,"Nov 4, 15",7.000000000000001
2015-11-05,1.174,1.09,1.11,2338,2338,-0.09,-7.5,"Nov 5, 15",6.4
2015-11-06,1.31,0.99,1.14,133053,133053,0.03,2.703,"Nov 6, 15",6.6
2015-11-09,1.17,1.14,1.16,17688,17688,0.02,1.754,"Nov 9, 15",6.733333333333333
2015-11-10,1.2,1.1,1.19,11302,11302,0.03,2.586,"Nov 10, 15",6.933333333333334
2015-11-11,1.13,1.07,1.12,23707,23707,-0.07,-5.882,"Nov 11, 15",6.466666666666668
2015-11-12,1.2,1.14,1.19,24136,24136,0.07,6.25,"Nov 12, 15",6.933333333333334
2015-11-13,1.14,1.12,1.14,6109,6109,-0.05,-4.202,"Nov 13, 15",6.6
2015-11-16,1.18,1.06,1.18,5130,5130,0.04,3.509,"Nov 16, 15",6.866666666666667
2015-11-17,1.18,1.1,1.18,5446,5446,0,0,"Nov 17, 15",6.866666666666667
2015-11-18,1.12,1.08,1.08,61226,61226,-0.1,-8.475,"Nov 18, 15",6.2
2015-11-19,1.15,1.12,1.13,810,810,0.05,4.63,"Nov 19, 15",6.533333333333332
2015-11-20,1.16,1.12,1.12,36298,36298,-0.01,-0.885,"Nov 20, 15",6.466666666666668
2015-11-23,1.16,1.13,1.1301,5403,5403,0.0101,0.902,"Nov 23, 15",6.534000000000001
2015-11-24,1.17,1.13,1.13,2459,2459,-0.0001,-0.009,"Nov 24, 15",6.533333333333332
2015-11-25,1.24,1.1,1.1,18447,18447,-0.03,-2.655,"Nov 25, 15",6.333333333333334
2015-11-27,1.19,1.086,1.19,6321,6321,0.09,8.182,"Nov 27, 15",6.933333333333334
2015-11-30,1.3,1.15,1.29,24193,24193,0.1,8.403,"Nov 30, 15",7.600000000000001
2015-12-01,1.29,1.17,1.2899,27213,27213,-0.0001,-0.008,"Dec 1, 15",7.599333333333335
2015-12-02,1.46,1.24,1.35,21846,21846,0.0601,4.659,"Dec 2, 15",8.000000000000002
2015-12-03,1.35,1.14,1.23,60073,60073,-0.12,-8.889,"Dec 3, 15",7.200000000000001
2015-12-04,1.2999,1.18,1.18,2852,2852,-0.05,-4.065,"Dec 4, 15",6.866666666666667
2015-12-07,1.2,1.16,1.2,645,645,0.02,1.695,"Dec 7, 15",7.000000000000001
2015-12-08,1.162,1.15,1.16,6904,6904,-0.04,-3.333,"Dec 8, 15",6.733333333333333
2015-12-09,1.24,1.12,1.15,20456,20456,-0.01,-0.862,"Dec 9, 15",6.666666666666666
2015-12-10,1.15,1.11,1.15,2574,2574,0,0,"Dec 10, 15",6.666666666666666
2015-12-11,2.75,1.24,1.76,8524973,8524973,0.61,53.043,"Dec 11, 15",10.733333333333334
2015-12-14,2.4,1.84,2.23,3907635,3907635,0.47,26.705,"Dec 14, 15",13.866666666666667
2015-12-15,2.07,1.61,1.81,844362,844362,-0.42,-18.834,"Dec 15, 15",11.066666666666668
2015-12-16,1.7889,1.512,1.58,206782,206782,-0.23,-12.707,"Dec 16, 15",9.533333333333335
2015-12-17,1.77,1.57,1.61,102535,102535,0.03,1.899,"Dec 17, 15",9.733333333333334
2015-12-18,1.68,1.51,1.56,83345,83345,-0.05,-3.106,"Dec 18, 15",9.400000000000002
2015-12-21,1.56,1.33,1.39,280542,280542,-0.17,-10.897,"Dec 21, 15",8.266666666666667
2015-12-22,1.48,1.305,1.48,229266,229266,0.09,6.475,"Dec 22, 15",8.866666666666667
2015-12-23,1.83,1.41,1.75,681373,681373,0.27,18.243,"Dec 23, 15",10.666666666666668
2015-12-24,1.89,1.52,1.57,139399,139399,-0.18,-10.286,"Dec 24, 15",9.466666666666669
2015-12-28,1.67,1.45,1.47,83753,83753,-0.1,-6.369,"Dec 28, 15",8.8
2015-12-29,1.6,1.44,1.5,85588,85588,0.03,2.041,"Dec 29, 15",9.000000000000002
2015-12-30,1.59,1.46,1.5,69784,69784,0,0,"Dec 30, 15",9.000000000000002
2015-12-31,1.52,1.4589,1.52,59092,59092,0.02,1.333,"Dec 31, 15",9.133333333333335
2016-01-04,1.57,1.42,1.55,92456,92456,0.03,1.974,"Jan 4, 16",9.333333333333334
2016-01-05,1.58,1.42,1.42,24324,24324,-0.13,-8.387,"Jan 5, 16",8.466666666666667
2016-01-06,1.58,1.42,1.48,124185,124185,0.06,4.225,"Jan 6, 16",8.866666666666667
2016-01-07,1.5489,1.43,1.5,58670,58670,0.02,1.351,"Jan 7, 16",9.000000000000002
2016-01-08,1.58,1.43,1.49,56647,56647,-0.01,-0.667,"Jan 8, 16",8.933333333333334
2016-01-11,1.95,1.43,1.95,154740,154740,0.46,30.872,"Jan 11, 16",12
2016-01-12,1.79,1.59,1.59,86285,86285,-0.36,-18.462,"Jan 12, 16",9.600000000000001
2016-01-13,1.57,1.46,1.47,47497,47497,-0.12,-7.547,"Jan 13, 16",8.8
2016-01-14,1.67,1.46,1.56,96574,96574,0.09,6.122,"Jan 14, 16",9.400000000000002
2016-01-15,1.64,1.5,1.5,39441,39441,-0.06,-3.846,"Jan 15, 16",9.000000000000002
2016-01-19,1.73,1.46,1.4705,42065,42065,-0.0295,-1.967,"Jan 19, 16",8.803333333333335
2016-01-20,1.49,1.44,1.45,49530,49530,-0.0205,-1.394,"Jan 20, 16",8.666666666666668
2016-01-21,1.7399,1.43,1.62,149311,149311,0.17,11.724,"Jan 21, 16",9.800000000000002
2016-01-22,1.71,1.6,1.63,205144,205144,0.01,0.617,"Jan 22, 16",9.866666666666667
2016-01-25,1.71,1.47,1.54,127277,127277,-0.09,-5.521,"Jan 25, 16",9.266666666666667
2016-01-26,1.58,1.5001,1.55,5075,5075,0.01,0.649,"Jan 26, 16",9.333333333333334
2016-01-27,1.69,1.4,1.46,54334,54334,-0.09,-5.806,"Jan 27, 16",8.733333333333334
2016-01-28,1.6,1.45,1.56,26862,26862,0.1,6.849,"Jan 28, 16",9.400000000000002
2016-01-29,1.84,1.56,1.78,131909,131909,0.22,14.103,"Jan 29, 16",10.866666666666667
2016-02-01,1.75,1.61,1.68,12263,12263,-0.1,-5.618,"Feb 1, 16",10.200000000000001
2016-02-02,1.78,1.555,1.65,27409,27409,-0.03,-1.786,"Feb 2, 16",10
2016-02-03,1.68,1.58,1.5802,37119,37119,-0.0698,-4.23,"Feb 3, 16",9.534666666666668
2016-02-04,1.6567,1.57,1.65,8180,8180,0.0698,4.417,"Feb 4, 16",10
2016-02-05,1.65,1.59,1.59,6108,6108,-0.06,-3.636,"Feb 5, 16",9.600000000000001
2016-02-08,1.64,1.58,1.64,3713,3713,0.05,3.145,"Feb 8, 16",9.933333333333334
2016-02-09,1.61,1.5,1.55,22882,22882,-0.09,-5.488,"Feb 9, 16",9.333333333333334
2016-02-10,1.65,1.519,1.64,3463,3463,0.09,5.806,"Feb 10, 16",9.933333333333334
2016-02-11,1.62,1.52,1.55,51931,51931,-0.09,-5.488,"Feb 11, 16",9.333333333333334
2016-02-12,1.58,1.51,1.58,3637,3637,0.03,1.935,"Feb 12, 16",9.533333333333335
2016-02-16,1.6,1.49,1.6,19196,19196,0.02,1.266,"Feb 16, 16",9.666666666666668
2016-02-17,1.6,1.55,1.57,9062,9062,-0.03,-1.875,"Feb 17, 16",9.466666666666669
2016-02-18,1.55,1.51,1.53,10316,10316,-0.04,-2.548,"Feb 18, 16",9.200000000000001
2016-02-19,1.57,1.5,1.5,12292,12292,-0.03,-1.961,"Feb 19, 16",9.000000000000002
2016-02-22,1.572,1.49,1.49,43398,43398,-0.01,-0.667,"Feb 22, 16",8.933333333333334
2016-02-23,1.56,1.5,1.51,16430,16430,0.02,1.342,"Feb 23, 16",9.066666666666668
2016-02-24,1.55,1.5,1.5,90511,90511,-0.01,-0.662,"Feb 24, 16",9.000000000000002
2016-02-25,1.56,1.5,1.51,11525,11525,0.01,0.667,"Feb 25, 16",9.066666666666668
2016-02-26,1.56,1.52,1.53,21560,21560,0.02,1.325,"Feb 26, 16",9.200000000000001
2016-02-29,1.58,1.55,1.55,2152,2152,0.02,1.307,"Feb 29, 16",9.333333333333334
2016-03-01,1.58,1.55,1.55,8786,8786,0,0,"Mar 1, 16",9.333333333333334
2016-03-02,1.57,1.55,1.56,15389,15389,0.01,0.645,"Mar 2, 16",9.400000000000002
2016-03-03,1.59,1.5,1.55,27558,27558,-0.01,-0.641,"Mar 3, 16",9.333333333333334
2016-03-04,1.56,1.49,1.51,28600,28600,-0.04,-2.581,"Mar 4, 16",9.066666666666668
2016-03-07,1.56,1.53,1.54,14035,14035,0.03,1.987,"Mar 7, 16",9.266666666666667
2016-03-08,1.54,1.5,1.5,10083,10083,-0.04,-2.597,"Mar 8, 16",9.000000000000002
2016-03-09,1.53,1.49,1.51,23974,23974,0.01,0.667,"Mar 9, 16",9.066666666666668
2016-03-10,1.53,1.49,1.49,33671,33671,-0.02,-1.325,"Mar 10, 16",8.933333333333334
2016-03-11,1.53,1.46,1.47,1505,1505,-0.02,-1.342,"Mar 11, 16",8.8
2016-03-14,1.5,1.429,1.43,49110,49110,-0.04,-2.721,"Mar 14, 16",8.533333333333333
2016-03-15,1.48,1.31,1.35,23336,23336,-0.08,-5.594,"Mar 15, 16",8.000000000000002
2016-03-16,1.48,1.35,1.37,10285,10285,0.02,1.481,"Mar 16, 16",8.133333333333335
2016-03-17,1.404,1.33,1.33,8520,8520,-0.04,-2.92,"Mar 17, 16",7.866666666666668
2016-03-18,1.455,1.34,1.35,27108,27108,0.02,1.504,"Mar 18, 16",8.000000000000002
2016-03-21,1.5,1.46,1.5,23861,23861,0.15,11.111,"Mar 21, 16",9.000000000000002
2016-03-22,1.5,1.47,1.47,7573,7573,-0.03,-2,"Mar 22, 16",8.8
2016-03-23,1.5,1.47,1.49,2129,2129,0.02,1.361,"Mar 23, 16",8.933333333333334
2016-03-24,1.48,1.46,1.47,15104,15104,-0.02,-1.342,"Mar 24, 16",8.8
2016-03-28,1.5,1.47,1.47,15991,15991,0,0,"Mar 28, 16",8.8
2016-03-29,1.28,1,1.06,542863,542863,-0.41,-27.891,"Mar 29, 16",6.066666666666667
2016-03-30,1.08,1.01,1.07,134911,134911,0.01,0.943,"Mar 30, 16",6.133333333333334
2016-03-31,1.09,1.04,1.09,65013,65013,0.02,1.869,"Mar 31, 16",6.2666666666666675
2016-04-01,1.09,1.06,1.06,106998,106998,-0.03,-2.752,"Apr 1, 16",6.066666666666667
2016-04-04,1.08,1,1.03,192362,192362,-0.03,-2.83,"Apr 4, 16",5.866666666666667
2016-04-05,1.03,1,1,119550,119550,-0.03,-2.913,"Apr 5, 16",5.666666666666667
2016-04-06,1.02,0.95,0.985,69051,69051,-0.015,-1.5,"Apr 6, 16",5.566666666666666
2016-04-07,1.03,0.9501,0.9501,69864,69864,-0.0349,-3.543,"Apr 7, 16",5.334
2016-04-08,1.02,0.928,0.928,44272,44272,-0.0221,-2.326,"Apr 8, 16",5.186666666666667
2016-04-11,1.05,0.86,0.89,213005,213005,-0.038,-4.095,"Apr 11, 16",4.933333333333334
2016-04-12,0.975,0.85,0.87,83128,83128,-0.02,-2.247,"Apr 12, 16",4.8
2016-04-13,0.93,0.86,0.87,48143,48143,0,0,"Apr 13, 16",4.8
2016-04-14,0.89,0.85,0.8501,38941,38941,-0.0199,-2.287,"Apr 14, 16",4.667333333333334
2016-04-15,0.9499,0.85,0.85,53428,53428,-0.0001,-0.012,"Apr 15, 16",4.666666666666667
2016-04-18,0.92,0.83,0.85,198858,198858,0,0,"Apr 18, 16",4.666666666666667
2016-04-19,0.876,0.8011,0.81,120874,120874,-0.04,-4.706,"Apr 19, 16",4.4
2016-04-20,0.8499,0.75,0.78,158291,158291,-0.03,-3.704,"Apr 20, 16",4.2
2016-04-21,0.86,0.78,0.8,227075,227075,0.02,2.564,"Apr 21, 16",4.333333333333334
2016-04-22,0.91,0.82,0.88,248256,248256,0.08,10,"Apr 22, 16",4.866666666666667
2016-04-25,0.93,0.906,0.9275,168942,168942,0.0475,5.398,"Apr 25, 16",5.183333333333334
2016-04-26,0.95,0.88,0.9,121519,121519,-0.0275,-2.965,"Apr 26, 16",5
2016-04-27,0.8509,0.78,0.84,161720,161720,-0.06,-6.667,"Apr 27, 16",4.6
2016-04-28,0.841,0.8,0.841,51709,51709,0.001,0.119,"Apr 28, 16",4.6066666666666665
2016-04-29,0.84,0.79,0.796,85673,85673,-0.045,-5.351,"Apr 29, 16",4.306666666666667
2016-05-02,0.8099,0.74,0.74,146906,146906,-0.056,-7.035,"May 2, 16",3.933333333333333
2016-05-03,0.76,0.73,0.735,29593,29593,-0.005,-0.676,"May 3, 16",3.9
2016-05-04,0.78,0.73,0.7748,41194,41194,0.0398,5.415,"May 4, 16",4.165333333333334
2016-05-05,0.7801,0.77,0.7762,12340,12340,0.0014,0.181,"May 5, 16",4.174666666666667
2016-05-06,0.8,0.7508,0.8,59618,59618,0.0238,3.066,"May 6, 16",4.333333333333334
2016-05-09,0.83,0.79,0.8192,45571,45571,0.0192,2.4,"May 9, 16",4.461333333333334
2016-05-10,0.83,0.7,0.79,21831,21831,-0.0292,-3.564,"May 10, 16",4.266666666666667
2016-05-11,0.7699,0.74,0.757,19500,19500,-0.033,-4.177,"May 11, 16",4.046666666666667
2016-05-12,0.783,0.6801,0.6801,41993,41993,-0.0769,-10.159,"May 12, 16",3.5340000000000003
2016-05-13,0.6258,0.6,0.6,79146,79146,-0.0801,-11.778,"May 13, 16",3
2016-05-16,0.65,0.58,0.6,44277,44277,0,0,"May 16, 16",3
2016-05-17,0.62,0.58,0.595,31968,31968,-0.005,-0.833,"May 17, 16",2.9666666666666663
2016-05-18,0.6079,0.5321,0.55,46265,46265,-0.045,-7.563,"May 18, 16",2.666666666666667
2016-05-19,0.55,0.5102,0.52,27842,27842,-0.03,-5.455,"May 19, 16",2.466666666666667
2016-05-20,0.6079,0.536,0.57,46127,46127,0.05,9.615,"May 20, 16",2.8
2016-05-23,0.66,0.571,0.59,19948,19948,0.02,3.509,"May 23, 16",2.933333333333333
2016-05-24,0.5999,0.5846,0.599,33977,33977,0.009,1.525,"May 24, 16",2.993333333333333
2016-05-25,0.66,0.57,0.63,16297,16297,0.031,5.175,"May 25, 16",3.2
2016-05-26,0.66,0.61,0.63,8480,8480,0,0,"May 26, 16",3.2
2016-05-27,0.6447,0.62,0.63,35005,35005,0,0,"May 27, 16",3.2
2016-05-31,0.6498,0.63,0.63,3884,3884,0,0,"May 31, 16",3.2
2016-06-01,0.632,0.63,0.63,21829,21829,0,0,"Jun 1, 16",3.2
2016-06-02,0.77,0.635,0.71,46951,46951,0.08,12.698,"Jun 2, 16",3.733333333333333
2016-06-03,0.77,0.7,0.75,31580,31580,0.04,5.634,"Jun 3, 16",4
2016-06-06,0.77,0.72,0.72,33383,33383,-0.03,-4,"Jun 6, 16",3.8
2016-06-07,0.77,0.7016,0.77,22769,22769,0.05,6.944,"Jun 7, 16",4.133333333333334
2016-06-08,0.81,0.6901,0.78,57757,57757,0.01,1.299,"Jun 8, 16",4.2
2016-06-09,0.8,0.76,0.7721,40924,40924,-0.0079,-1.013,"Jun 9, 16",4.147333333333333
2016-06-10,0.7899,0.73,0.76,12535,12535,-0.0121,-1.567,"Jun 10, 16",4.066666666666666
2016-06-13,0.779,0.74,0.76,35439,35439,0,0,"Jun 13, 16",4.066666666666666
2016-06-14,0.7815,0.7495,0.7699,38272,38272,0.0099,1.303,"Jun 14, 16",4.132666666666667
2016-06-15,0.76,0.74,0.74,40977,40977,-0.0299,-3.884,"Jun 15, 16",3.933333333333333
2016-06-16,0.74,0.652,0.69,62686,62686,-0.05,-6.757,"Jun 16, 16",3.5999999999999996
2016-06-17,0.7,0.68,0.68,5470,5470,-0.01,-1.449,"Jun 17, 16",3.5333333333333337
2016-06-20,0.68,0.63,0.6401,10736,10736,-0.0399,-5.868,"Jun 20, 16",3.267333333333333
2016-06-21,0.6401,0.63,0.63,3341,3341,-0.0101,-1.578,"Jun 21, 16",3.2
2016-06-22,0.65,0.63,0.632,6590,6590,0.002,0.317,"Jun 22, 16",3.2133333333333334
2016-06-23,0.648,0.6,0.6,30192,30192,-0.032,-5.063,"Jun 23, 16",3
2016-06-24,0.6499,0.6,0.6001,6408,6408,0.0001,0.017,"Jun 24, 16",3.0006666666666666
2016-06-27,0.615,0.6,0.61,8036,8036,0.0099,1.65,"Jun 27, 16",3.0666666666666664
2016-06-28,0.61,0.5094,0.59,21397,21397,-0.02,-3.279,"Jun 28, 16",2.933333333333333
2016-06-29,0.8,0.6221,0.6606,401249,401249,0.0706,11.966,"Jun 29, 16",3.404
2016-06-30,0.685,0.57,0.65,74307,74307,-0.0106,-1.605,"Jun 30, 16",3.3333333333333335
2016-07-01,0.67,0.64,0.65,37288,37288,0,0,"Jul 1, 16",3.3333333333333335
2016-07-05,0.6555,0.62,0.63,14580,14580,-0.02,-3.077,"Jul 5, 16",3.2
2016-07-06,0.6399,0.62,0.6208,6117,6117,-0.0092,-1.46,"Jul 6, 16",3.138666666666667
2016-07-07,0.6298,0.62,0.6216,11535,11535,0.0008,0.129,"Jul 7, 16",3.144
2016-07-08,0.65,0.62,0.645,12210,12210,0.0234,3.764,"Jul 8, 16",3.3000000000000003
2016-07-11,0.65,0.62,0.6301,8259,8259,-0.0149,-2.31,"Jul 11, 16",3.2006666666666668
2016-07-12,0.65,0.586,0.607,43306,43306,-0.0231,-3.666,"Jul 12, 16",3.0466666666666664
2016-07-13,0.628,0.56,0.597,13964,13964,-0.01,-1.647,"Jul 13, 16",2.98
2016-07-14,0.609,0.58,0.58,24296,24296,-0.017,-2.848,"Jul 14, 16",2.8666666666666663
2016-07-15,0.58,0.5,0.55,45509,45509,-0.03,-5.172,"Jul 15, 16",2.666666666666667
2016-07-18,0.5966,0.506,0.59,6532,6532,0.04,7.273,"Jul 18, 16",2.933333333333333
2016-07-19,0.65,0.58,0.6,8567,8567,0.01,1.695,"Jul 19, 16",3
2016-07-20,0.6398,0.5015,0.58,145020,145020,-0.02,-3.333,"Jul 20, 16",2.8666666666666663
2016-07-21,0.6219,0.5201,0.6219,217615,217615,0.0419,7.224,"Jul 21, 16",3.146
2016-07-22,0.8,0.635,0.78,291321,291321,0.1581,25.422,"Jul 22, 16",4.2
2016-07-25,0.97,0.79,0.899,295134,295134,0.119,15.256,"Jul 25, 16",4.993333333333333
2016-07-26,0.95,0.88,0.94,535757,535757,0.041,4.561,"Jul 26, 16",5.266666666666667
2016-07-27,0.94,0.8037,0.88,229378,229378,-0.06,-6.383,"Jul 27, 16",4.866666666666667
2016-07-28,0.9,0.83,0.86,164828,164828,-0.02,-2.273,"Jul 28, 16",4.733333333333333
2016-07-29,0.88,0.72,0.7201,259511,259511,-0.1399,-16.267,"Jul 29, 16",3.8006666666666664
2016-08-01,0.76,0.69,0.72,32348,32348,-0.0001,-0.014,"Aug 1, 16",3.8
2016-08-02,0.7906,0.6688,0.669,39401,39401,-0.051,-7.083,"Aug 2, 16",3.4600000000000004
2016-08-03,0.68,0.6534,0.6716,23451,23451,0.0026,0.389,"Aug 3, 16",3.477333333333333
2016-08-04,0.72,0.651,0.7101,30652,30652,0.0385,5.733,"Aug 4, 16",3.7339999999999995
2016-08-05,0.7008,0.6802,0.6803,13478,13478,-0.0298,-4.197,"Aug 5, 16",3.5353333333333334
2016-08-08,0.71,0.66,0.67,42598,42598,-0.0103,-1.514,"Aug 8, 16",3.466666666666667
2016-08-09,0.665,0.65,0.651,10778,10778,-0.019,-2.836,"Aug 9, 16",3.3400000000000003
2016-08-10,0.68,0.631,0.68,25224,25224,0.029,4.455,"Aug 10, 16",3.5333333333333337
2016-08-11,0.698,0.66,0.66,43705,43705,-0.02,-2.941,"Aug 11, 16",3.4000000000000004
2016-08-12,0.6703,0.55,0.6519,142660,142660,-0.0081,-1.227,"Aug 12, 16",3.346
2016-08-15,0.75,0.602,0.68,223035,223035,0.0281,4.31,"Aug 15, 16",3.5333333333333337
2016-08-16,0.7255,0.6798,0.72,28053,28053,0.04,5.882,"Aug 16, 16",3.8
2016-08-17,0.86,0.7301,0.85,244003,244003,0.13,18.056,"Aug 17, 16",4.666666666666667
2016-08-18,0.84,0.712,0.816,157403,157403,-0.034,-4,"Aug 18, 16",4.4399999999999995
2016-08-19,0.83,0.7697,0.78,258053,258053,-0.036,-4.412,"Aug 19, 16",4.2
2016-08-22,1.22,0.862,0.9,2366299,2366299,0.12,15.385,"Aug 22, 16",5
2016-08-23,0.8945,0.801,0.83,299236,299236,-0.07,-7.778,"Aug 23, 16",4.533333333333333
2016-08-24,0.8795,0.8041,0.84,282251,282251,0.01,1.205,"Aug 24, 16",4.6
2016-08-25,0.84,0.7703,0.7991,84867,84867,-0.0409,-4.869,"Aug 25, 16",4.327333333333334
2016-08-26,0.805,0.73,0.765,44687,44687,-0.0341,-4.267,"Aug 26, 16",4.1000000000000005
2016-08-29,0.7832,0.73,0.74,54506,54506,-0.025,-3.268,"Aug 29, 16",3.933333333333333
2016-08-30,0.76,0.7,0.7106,88855,88855,-0.0294,-3.973,"Aug 30, 16",3.7373333333333334
2016-08-31,0.7549,0.7001,0.75,50416,50416,0.0394,5.545,"Aug 31, 16",4
2016-09-01,0.788,0.7098,0.72,31399,31399,-0.03,-4,"Sep 1, 16",3.8
2016-09-02,0.75,0.724,0.74,20393,20393,0.02,2.778,"Sep 2, 16",3.933333333333333
2016-09-06,0.839,0.7086,0.7771,261900,261900,0.0371,5.014,"Sep 6, 16",4.180666666666667
2016-09-07,0.7999,0.7035,0.74,79581,79581,-0.0371,-4.774,"Sep 7, 16",3.933333333333333
2016-09-08,0.76,0.705,0.74,62360,62360,0,0,"Sep 8, 16",3.933333333333333
2016-09-09,0.7402,0.71,0.72,43321,43321,-0.02,-2.703,"Sep 9, 16",3.8
2016-09-12,0.811,0.7,0.725,147465,147465,0.005,0.694,"Sep 12, 16",3.833333333333333
2016-09-13,0.75,0.6325,0.67,391409,391409,-0.055,-7.586,"Sep 13, 16",3.466666666666667
2016-09-14,0.7994,0.71,0.75,128239,128239,0.08,11.94,"Sep 14, 16",4
2016-09-15,0.76,0.69,0.6903,34009,34009,-0.0597,-7.96,"Sep 15, 16",3.6020000000000003
2016-09-16,0.71,0.6501,0.6507,67562,67562,-0.0396,-5.737,"Sep 16, 16",3.3379999999999996
2016-09-19,0.76,0.6801,0.7,11528,11528,0.0493,7.576,"Sep 19, 16",3.6666666666666665
2016-09-20,0.7,0.66,0.69,32966,32966,-0.01,-1.429,"Sep 20, 16",3.5999999999999996
2016-09-21,0.73,0.6885,0.7,20771,20771,0.01,1.449,"Sep 21, 16",3.6666666666666665
2016-09-22,0.7,0.6722,0.68,33131,33131,-0.02,-2.857,"Sep 22, 16",3.5333333333333337
2016-09-23,0.72,0.6498,0.71,25567,25567,0.03,4.412,"Sep 23, 16",3.733333333333333
2016-09-26,0.68,0.602,0.63,194749,194749,-0.08,-11.268,"Sep 26, 16",3.2
2016-09-27,0.66,0.602,0.62,78076,78076,-0.01,-1.587,"Sep 27, 16",3.1333333333333333
2016-09-28,0.6575,0.59,0.6,184693,184693,-0.02,-3.226,"Sep 28, 16",3
2016-09-29,0.64,0.593,0.63,87302,87302,0.03,5,"Sep 29, 16",3.2
2016-09-30,0.6,0.551,0.555,148528,148528,-0.075,-11.905,"Sep 30, 16",2.7
2016-10-03,0.6,0.55,0.557,120121,120121,0.002,0.36,"Oct 3, 16",2.713333333333334
2016-10-04,0.58,0.4333,0.45,297550,297550,-0.107,-19.21,"Oct 4, 16",2.0000000000000004
2016-10-05,0.47,0.4101,0.43,324444,324444,-0.02,-4.444,"Oct 5, 16",1.866666666666667
2016-10-06,0.49,0.4145,0.4196,169547,169547,-0.0104,-2.419,"Oct 6, 16",1.797333333333333
2016-10-07,0.43,0.3863,0.4078,139283,139283,-0.0118,-2.812,"Oct 7, 16",1.718666666666667
2016-10-10,0.4,0.3725,0.38,207663,207663,-0.0278,-6.817,"Oct 10, 16",1.5333333333333334
2016-10-11,0.3998,0.3605,0.3798,112685,112685,-0.0002,-0.053,"Oct 11, 16",1.5320000000000003
2016-10-12,0.385,0.3557,0.3563,100324,100324,-0.0235,-6.187,"Oct 12, 16",1.3753333333333335
2016-10-13,0.3849,0.32,0.3489,184155,184155,-0.0074,-2.077,"Oct 13, 16",1.326
2016-10-14,0.385,0.34,0.34,194626,194626,-0.0089,-2.551,"Oct 14, 16",1.2666666666666668
2016-10-17,0.37,0.3301,0.34,54728,54728,0,0,"Oct 17, 16",1.2666666666666668
2016-10-18,0.357,0.3301,0.3326,35759,35759,-0.0074,-2.176,"Oct 18, 16",1.2173333333333334
2016-10-19,0.34,0.32,0.3277,88071,88071,-0.0049,-1.473,"Oct 19, 16",1.1846666666666668
2016-10-20,0.32,0.29,0.2935,220022,220022,-0.0342,-10.436,"Oct 20, 16",0.9566666666666667
2016-10-21,0.31,0.271,0.2794,129169,129169,-0.0141,-4.804,"Oct 21, 16",0.8626666666666666
2016-10-24,0.285,0.271,0.28,133452,133452,0.0006,0.215,"Oct 24, 16",0.8666666666666669
2016-10-25,0.29,0.2651,0.28,136739,136739,0,0,"Oct 25, 16",0.8666666666666669
2016-10-26,0.39,0.2699,0.275,523047,523047,-0.005,-1.786,"Oct 26, 16",0.8333333333333336
2016-10-27,0.2785,0.27,0.2749,161021,161021,-0.0001,-0.036,"Oct 27, 16",0.8326666666666666
2016-10-28,0.315,0.27,0.2727,156840,156840,-0.0022,-0.8,"Oct 28, 16",0.8180000000000001
2016-10-31,0.3349,0.27,0.3131,468206,468206,0.0404,14.815,"Oct 31, 16",1.0873333333333333
2016-11-01,0.3145,0.29,0.29,94164,94164,-0.0231,-7.378,"Nov 1, 16",0.9333333333333332
2016-11-02,0.31,0.29,0.29,51053,51053,0,0,"Nov 2, 16",0.9333333333333332
2016-11-03,0.31,0.29,0.31,98077,98077,0.02,6.897,"Nov 3, 16",1.0666666666666667
2016-11-04,0.31,0.2813,0.2813,38365,38365,-0.0287,-9.258,"Nov 4, 16",0.8753333333333334
2016-11-07,0.29,0.2775,0.2775,134361,134361,-0.0038,-1.351,"Nov 7, 16",0.8500000000000002
2016-11-08,0.285,0.27,0.27,40908,40908,-0.0075,-2.703,"Nov 8, 16",0.8000000000000002
2016-11-09,0.28,0.1883,0.2005,422170,422170,-0.0695,-25.741,"Nov 9, 16",0.3366666666666668
2016-11-10,0.22,0.2,0.2107,169032,169032,0.0102,5.087,"Nov 10, 16",0.40466666666666673
2016-11-11,0.2468,0.2107,0.2207,111185,111185,0.01,4.746,"Nov 11, 16",0.47133333333333344
2016-11-14,0.2599,0.1883,0.2,227103,227103,-0.0207,-9.379,"Nov 14, 16",0.3333333333333335
2016-11-15,0.2399,0.1905,0.2399,431467,431467,0.0399,19.95,"Nov 15, 16",0.5993333333333334
2016-11-16,0.2597,0.215,0.2405,576253,576253,0.0006,0.25,"Nov 16, 16",0.6033333333333334
2016-11-17,0.29,0.25,0.28,320086,320086,0.0395,16.424,"Nov 17, 16",0.8666666666666669
2016-11-18,0.29,0.25,0.2709,187795,187795,-0.0091,-3.25,"Nov 18, 16",0.8059999999999999
2016-11-21,0.37,0.27,0.353,471709,471709,0.0821,30.306,"Nov 21, 16",1.3533333333333333
2016-11-22,0.34,0.25,0.2996,3368206,3368206,-0.0534,-15.127,"Nov 22, 16",0.9973333333333333
2016-11-23,0.31,0.2601,0.2619,1722336,1722336,-0.0377,-12.583,"Nov 23, 16",0.7460000000000002
2016-11-25,0.2748,0.26,0.274,808549,808549,0.0121,4.62,"Nov 25, 16",0.8266666666666669
2016-11-28,0.275,0.26,0.2701,276439,276439,-0.0039,-1.423,"Nov 28, 16",0.8006666666666667
2016-11-29,0.28,0.26,0.275,205621,205621,0.0049,1.814,"Nov 29, 16",0.8333333333333336
2016-11-30,0.35,0.2601,0.31,1356384,1356384,0.035,12.727,"Nov 30, 16",1.0666666666666667
2016-12-01,0.33,0.3012,0.31,288146,288146,0,0,"Dec 1, 16",1.0666666666666667
2016-12-02,0.4399,0.32,0.41,3644429,3644429,0.1,32.258,"Dec 2, 16",1.7333333333333334
2016-12-05,0.479,0.3705,0.43,2655411,2655411,0.02,4.878,"Dec 5, 16",1.866666666666667
2016-12-06,0.45,0.4,0.4329,1199652,1199652,0.0029,0.674,"Dec 6, 16",1.8860000000000003
2016-12-07,0.5785,0.4242,0.56,5029144,5029144,0.1271,29.36,"Dec 7, 16",2.733333333333334
2016-12-08,0.56,0.35,0.42,4515788,4515788,-0.14,-25,"Dec 8, 16",1.8000000000000003
2016-12-09,0.42,0.37,0.38,809708,809708,-0.04,-9.524,"Dec 9, 16",1.5333333333333334
2016-12-12,0.4,0.35,0.3851,588086,588086,0.0051,1.342,"Dec 12, 16",1.5673333333333335
2016-12-13,0.448,0.38,0.4029,2364152,2364152,0.0178,4.622,"Dec 13, 16",1.6860000000000002
2016-12-14,0.57,0.423,0.518,8778180,8778180,0.1151,28.568,"Dec 14, 16",2.4533333333333336
2016-12-15,0.53,0.4008,0.4251,5329988,5329988,-0.0929,-17.934,"Dec 15, 16",1.834
2016-12-16,0.45,0.38,0.3975,1568370,1568370,-0.0276,-6.493,"Dec 16, 16",1.6500000000000001
2016-12-19,0.405,0.3599,0.4004,946143,946143,0.0029,0.73,"Dec 19, 16",1.6693333333333331
2016-12-20,0.401,0.3601,0.365,924022,924022,-0.0354,-8.841,"Dec 20, 16",1.4333333333333333
2016-12-21,0.39,0.3646,0.38,544679,544679,0.015,4.11,"Dec 21, 16",1.5333333333333334
2016-12-22,0.3999,0.368,0.3975,490773,490773,0.0175,4.605,"Dec 22, 16",1.6500000000000001
2016-12-23,0.439,0.3903,0.3904,1460571,1460571,-0.0071,-1.786,"Dec 23, 16",1.602666666666667
2016-12-27,0.4295,0.375,0.3801,601626,601626,-0.0103,-2.638,"Dec 27, 16",1.534
2016-12-28,0.39,0.3626,0.3693,638015,638015,-0.0108,-2.841,"Dec 28, 16",1.4620000000000002
2016-12-29,0.3863,0.35,0.3846,710505,710505,0.0153,4.143,"Dec 29, 16",1.564
2016-12-30,0.39,0.361,0.374,269069,269069,-0.0106,-2.756,"Dec 30, 16",1.4933333333333334
2017-01-03,0.385,0.3696,0.3812,261063,261063,0.0072,1.925,"Jan 3, 17",1.5413333333333332
2017-01-04,0.41,0.39,0.4001,469413,469413,0.0189,4.958,"Jan 4, 17",1.6673333333333333
2017-01-05,0.4253,0.3998,0.4106,541571,541571,0.0105,2.624,"Jan 5, 17",1.7373333333333338
2017-01-06,0.4505,0.4014,0.405,1126697,1126697,-0.0056,-1.364,"Jan 6, 17",1.7000000000000002
2017-01-09,0.42,0.37,0.3987,686381,686381,-0.0063,-1.556,"Jan 9, 17",1.6580000000000001
2017-01-10,0.42,0.3703,0.4059,667663,667663,0.0072,1.806,"Jan 10, 17",1.7060000000000002
2017-01-11,0.44,0.4,0.4119,837281,837281,0.006,1.478,"Jan 11, 17",1.7460000000000002
2017-01-12,0.47,0.395,0.4,3065269,3065269,-0.0119,-2.889,"Jan 12, 17",1.6666666666666667
2017-01-13,0.4395,0.3935,0.422,1008232,1008232,0.022,5.5,"Jan 13, 17",1.8133333333333335
2017-01-17,0.449,0.41,0.435,2124651,2124651,0.013,3.081,"Jan 17, 17",1.9000000000000004
2017-01-18,0.45,0.4316,0.45,1278790,1278790,0.015,3.448,"Jan 18, 17",2.0000000000000004
2017-01-19,0.451,0.411,0.4288,732546,732546,-0.0212,-4.711,"Jan 19, 17",1.8586666666666671
2017-01-20,0.4389,0.41,0.4317,279034,279034,0.0029,0.676,"Jan 20, 17",1.8779999999999997
2017-01-23,0.439,0.42,0.4299,362903,362903,-0.0018,-0.417,"Jan 23, 17",1.8660000000000003
2017-01-24,0.445,0.421,0.429,647585,647585,-0.0009,-0.209,"Jan 24, 17",1.8600000000000003
2017-01-25,0.4497,0.42,0.429,662339,662339,0,0,"Jan 25, 17",1.8600000000000003
2017-01-26,0.4494,0.4205,0.435,406080,406080,0.006,1.399,"Jan 26, 17",1.9000000000000004
2017-01-27,0.49,0.44,0.45,1816928,1816928,0.015,3.448,"Jan 27, 17",2.0000000000000004
2017-01-30,0.5096,0.45,0.48,2471577,2471577,0.03,6.667,"Jan 30, 17",2.1999999999999997
2017-01-31,0.51,0.465,0.486,1790796,1790796,0.006,1.25,"Jan 31, 17",2.2399999999999998
2017-02-01,0.51,0.475,0.4996,772545,772545,0.0136,2.798,"Feb 1, 17",2.330666666666667
2017-02-02,0.4988,0.429,0.487,1562158,1562158,-0.0126,-2.522,"Feb 2, 17",2.2466666666666666
2017-02-03,0.4895,0.4551,0.4854,577707,577707,-0.0016,-0.329,"Feb 3, 17",2.236
2017-02-06,0.5,0.4701,0.485,425302,425302,-0.0004,-0.082,"Feb 6, 17",2.2333333333333334
2017-02-07,0.4865,0.4608,0.47,588414,588414,-0.015,-3.093,"Feb 7, 17",2.1333333333333333
2017-02-08,0.4675,0.4508,0.455,690181,690181,-0.015,-3.191,"Feb 8, 17",2.0333333333333337
2017-02-09,0.4783,0.4432,0.4645,758641,758641,0.0095,2.088,"Feb 9, 17",2.0966666666666667
2017-02-10,0.48,0.4438,0.4625,649030,649030,-0.002,-0.431,"Feb 10, 17",2.0833333333333335
2017-02-13,0.48,0.385,0.4313,1802739,1802739,-0.0312,-6.746,"Feb 13, 17",1.8753333333333333
2017-02-14,0.44,0.41,0.4211,422574,422574,-0.0102,-2.365,"Feb 14, 17",1.8073333333333335
2017-02-15,0.4566,0.4137,0.445,609292,609292,0.0239,5.676,"Feb 15, 17",1.966666666666667
2017-02-16,0.478,0.415,0.44,885515,885515,-0.005,-1.124,"Feb 16, 17",1.9333333333333336
2017-02-17,0.455,0.43,0.45,414647,414647,0.01,2.273,"Feb 17, 17",2.0000000000000004
2017-02-21,0.47,0.445,0.4623,534574,534574,0.0123,2.733,"Feb 21, 17",2.0820000000000003
2017-02-22,0.47,0.44,0.45,651706,651706,-0.0123,-2.661,"Feb 22, 17",2.0000000000000004
2017-02-23,0.45,0.43,0.4356,501187,501187,-0.0144,-3.2,"Feb 23, 17",1.904
2017-02-24,0.4449,0.42,0.443,405284,405284,0.0074,1.699,"Feb 24, 17",1.9533333333333336
2017-02-27,0.47,0.432,0.4635,317134,317134,0.0205,4.628,"Feb 27, 17",2.0900000000000003
2017-02-28,0.479,0.442,0.4601,359886,359886,-0.0034,-0.734,"Feb 28, 17",2.067333333333334
2017-03-01,0.475,0.46,0.4617,237163,237163,0.0016,0.348,"Mar 1, 17",2.078
2017-03-02,0.479,0.4601,0.478,436262,436262,0.0163,3.53,"Mar 2, 17",2.1866666666666665
2017-03-03,0.5,0.458,0.47,1120875,1120875,-0.008,-1.674,"Mar 3, 17",2.1333333333333333
2017-03-06,0.485,0.46,0.47,519892,519892,0,0,"Mar 6, 17",2.1333333333333333
2017-03-07,0.4699,0.45,0.45,688572,688572,-0.02,-4.255,"Mar 7, 17",2.0000000000000004
2017-03-08,0.478,0.45,0.46,374978,374978,0.01,2.222,"Mar 8, 17",2.0666666666666673
2017-03-09,0.47,0.44,0.45,641464,641464,-0.01,-2.174,"Mar 9, 17",2.0000000000000004
2017-03-10,0.46,0.44,0.44,381754,381754,-0.01,-2.222,"Mar 10, 17",1.9333333333333336
2017-03-13,0.51,0.435,0.4751,1949469,1949469,0.0351,7.977,"Mar 13, 17",2.167333333333334
2017-03-14,0.48,0.46,0.475,391387,391387,-0.0001,-0.021,"Mar 14, 17",2.1666666666666665
2017-03-15,0.57,0.4651,0.54,4716620,4716620,0.065,13.684,"Mar 15, 17",2.6
2017-03-16,0.61,0.524,0.5529,6549475,6549475,0.0129,2.389,"Mar 16, 17",2.6859999999999995
2017-03-17,0.58,0.5121,0.525,1431019,1431019,-0.0279,-5.046,"Mar 17, 17",2.5
2017-03-20,0.5488,0.4652,0.5099,1329373,1329373,-0.0151,-2.876,"Mar 20, 17",2.3993333333333333
2017-03-21,0.5183,0.4751,0.4936,662275,662275,-0.0163,-3.197,"Mar 21, 17",2.290666666666667
2017-03-22,0.52,0.4611,0.4974,743215,743215,0.0038,0.77,"Mar 22, 17",2.3160000000000003
2017-03-23,0.56,0.5009,0.55,1517147,1517147,0.0526,10.575,"Mar 23, 17",2.666666666666667
2017-03-24,0.55,0.472,0.4899,889502,889502,-0.0601,-10.927,"Mar 24, 17",2.266
2017-03-27,0.54,0.49,0.519,1106694,1106694,0.0291,5.94,"Mar 27, 17",2.46
2017-03-28,0.5692,0.5026,0.54,1860985,1860985,0.021,4.046,"Mar 28, 17",2.6
2017-03-29,0.5495,0.51,0.52,582585,582585,-0.02,-3.704,"Mar 29, 17",2.466666666666667
2017-03-30,0.5305,0.5,0.51,916883,916883,-0.01,-1.923,"Mar 30, 17",2.4
2017-03-31,0.5395,0.501,0.505,539301,539301,-0.005,-0.98,"Mar 31, 17",2.3666666666666667
2017-04-03,0.55,0.5021,0.5037,921437,921437,-0.0013,-0.257,"Apr 3, 17",2.358
2017-04-04,0.528,0.5001,0.5058,565310,565310,0.0021,0.417,"Apr 4, 17",2.3720000000000003
2017-04-05,0.5299,0.503,0.5199,647739,647739,0.0141,2.788,"Apr 5, 17",2.466
2017-04-06,0.6,0.5206,0.6,4458431,4458431,0.0801,15.407,"Apr 6, 17",3
2017-04-07,0.65,0.5812,0.65,5351288,5351288,0.05,8.333,"Apr 7, 17",3.3333333333333335
2017-04-10,0.76,0.65,0.72,4604933,4604933,0.07,10.769,"Apr 10, 17",3.8
2017-04-11,0.73,0.633,0.693,2377846,2377846,-0.027,-3.75,"Apr 11, 17",3.6199999999999997
2017-04-12,0.71,0.6529,0.675,722253,722253,-0.018,-2.597,"Apr 12, 17",3.5000000000000004
2017-04-13,0.7179,0.63,0.6999,927375,927375,0.0249,3.689,"Apr 13, 17",3.666
2017-04-17,0.75,0.71,0.75,1309470,1309470,0.0501,7.158,"Apr 17, 17",4
2017-04-18,0.7798,0.73,0.736,1107495,1107495,-0.014,-1.867,"Apr 18, 17",3.9066666666666667
2017-04-19,0.7349,0.67,0.6902,1012560,1012560,-0.0458,-6.223,"Apr 19, 17",3.6013333333333337
2017-04-20,0.738,0.6994,0.73,1281203,1281203,0.0398,5.766,"Apr 20, 17",3.8666666666666667
2017-04-21,0.815,0.712,0.8,2632807,2632807,0.07,9.589,"Apr 21, 17",4.333333333333334
2017-04-24,0.8792,0.771,0.84,3353323,3353323,0.04,5,"Apr 24, 17",4.6
2017-04-25,0.87,0.7115,0.755,2258325,2258325,-0.085,-10.119,"Apr 25, 17",4.033333333333333
2017-04-26,0.7328,0.685,0.6989,3385629,3385629,-0.0561,-7.43,"Apr 26, 17",3.659333333333333
2017-04-27,0.84,0.69,0.84,3306605,3306605,0.1411,20.189,"Apr 27, 17",4.6
2017-04-28,0.897,0.77,0.8264,3661850,3661850,-0.0136,-1.619,"Apr 28, 17",4.509333333333333
2017-05-01,0.85,0.733,0.8301,3037037,3037037,0.0037,0.448,"May 1, 17",4.534
2017-05-02,0.8951,0.8,0.84,3336955,3336955,0.0099,1.193,"May 2, 17",4.6
2017-05-03,0.8779,0.8099,0.85,4887600,4887600,0.01,1.19,"May 3, 17",4.666666666666667
2017-05-04,0.62,0.4169,0.458,11395419,11395419,-0.392,-46.118,"May 4, 17",2.0533333333333337
2017-05-05,0.538,0.45,0.455,4893466,4893466,-0.003,-0.655,"May 5, 17",2.0333333333333337
2017-05-08,0.51,0.44,0.51,2379652,2379652,0.055,12.088,"May 8, 17",2.4
2017-05-09,0.5,0.4525,0.5,1500176,1500176,-0.01,-1.961,"May 9, 17",2.3333333333333335
2017-05-10,0.5,0.461,0.495,1316965,1316965,-0.005,-1,"May 10, 17",2.3
2017-05-11,0.482,0.4538,0.46,1430128,1430128,-0.035,-7.071,"May 11, 17",2.0666666666666673
2017-05-12,0.4655,0.445,0.464,992101,992101,0.004,0.87,"May 12, 17",2.0933333333333337
2017-05-15,0.495,0.463,0.47,927825,927825,0.006,1.293,"May 15, 17",2.1333333333333333
2017-05-16,0.481,0.4501,0.4505,1135993,1135993,-0.0195,-4.149,"May 16, 17",2.0033333333333334
2017-05-17,0.455,0.4052,0.4352,1157800,1157800,-0.0153,-3.396,"May 17, 17",1.9013333333333335
2017-05-18,0.46,0.425,0.45,725484,725484,0.0148,3.401,"May 18, 17",2.0000000000000004
2017-05-19,0.497,0.44,0.4901,1462431,1462431,0.0401,8.911,"May 19, 17",2.267333333333333
2017-05-22,0.6499,0.5,0.6165,7420854,7420854,0.1264,25.791,"May 22, 17",3.1100000000000003
2017-05-23,0.75,0.6144,0.6608,8622575,8622575,0.0443,7.186,"May 23, 17",3.4053333333333335
2017-05-24,0.66,0.5713,0.6255,2129655,2129655,-0.0353,-5.342,"May 24, 17",3.1699999999999995
2017-05-25,0.6499,0.6029,0.6313,1341245,1341245,0.0058,0.927,"May 25, 17",3.2086666666666663
2017-05-26,0.6402,0.6101,0.6402,1403559,1403559,0.0089,1.41,"May 26, 17",3.268
2017-05-30,0.6581,0.621,0.6397,993010,993010,-0.0005,-0.078,"May 30, 17",3.264666666666667
2017-05-31,0.69,0.6208,0.634,2510423,2510423,-0.0057,-0.891,"May 31, 17",3.2266666666666666
2017-06-01,0.69,0.401,0.5867,4595161,4595161,-0.0473,-7.461,"Jun 1, 17",2.9113333333333333
2017-06-02,0.56,0.5199,0.5549,1979696,1979696,-0.0318,-5.42,"Jun 2, 17",2.699333333333333
2017-06-05,0.5683,0.475,0.5256,2057770,2057770,-0.0293,-5.28,"Jun 5, 17",2.5039999999999996
2017-06-06,0.5166,0.49,0.4921,806874,806874,-0.0335,-6.374,"Jun 6, 17",2.2806666666666664
2017-06-07,0.53,0.481,0.5233,871887,871887,0.0312,6.34,"Jun 7, 17",2.4886666666666666
2017-06-08,0.5479,0.485,0.5078,1052392,1052392,-0.0155,-2.962,"Jun 8, 17",2.3853333333333335
2017-06-09,0.52,0.5,0.51,835140,835140,0.0022,0.433,"Jun 9, 17",2.4
2017-06-12,0.53,0.5,0.5165,644904,644904,0.0065,1.275,"Jun 12, 17",2.443333333333333
2017-06-13,0.54,0.508,0.52,1128049,1128049,0.0035,0.678,"Jun 13, 17",2.466666666666667
2017-06-14,0.5,0.4702,0.4949,1031117,1031117,-0.0251,-4.827,"Jun 14, 17",2.2993333333333332
2017-06-15,0.4939,0.4701,0.4801,685967,685967,-0.0148,-2.991,"Jun 15, 17",2.200666666666667
2017-06-16,0.4934,0.4528,0.4708,1112150,1112150,-0.0093,-1.937,"Jun 16, 17",2.1386666666666665
2017-06-19,0.4796,0.45,0.47,925125,925125,-0.0008,-0.17,"Jun 19, 17",2.1333333333333333
2017-06-20,0.465,0.4,0.444,1687890,1687890,-0.026,-5.532,"Jun 20, 17",1.9600000000000004
2017-06-21,0.45,0.416,0.4262,676862,676862,-0.0178,-4.009,"Jun 21, 17",1.8413333333333335
2017-06-22,0.465,0.418,0.459,1149685,1149685,0.0328,7.696,"Jun 22, 17",2.0600000000000005
2017-06-23,0.47,0.4321,0.45,537071,537071,-0.009,-1.961,"Jun 23, 17",2.0000000000000004
2017-06-26,0.455,0.435,0.4438,356229,356229,-0.0062,-1.378,"Jun 26, 17",1.9586666666666663
2017-06-27,0.45,0.43,0.45,692996,692996,0.0062,1.397,"Jun 27, 17",2.0000000000000004
2017-06-28,0.455,0.4402,0.45,385231,385231,0,0,"Jun 28, 17",2.0000000000000004
2017-06-29,0.47,0.45,0.47,522968,522968,0.02,4.444,"Jun 29, 17",2.1333333333333333
2017-06-30,0.488,0.4602,0.479,490408,490408,0.009,1.915,"Jun 30, 17",2.1933333333333334
2017-07-03,0.5,0.48,0.49,177510,177510,0.011,2.296,"Jul 3, 17",2.2666666666666666
2017-07-05,0.499,0.48,0.48,429976,429976,-0.01,-2.041,"Jul 5, 17",2.1999999999999997
2017-07-06,0.488,0.45,0.475,392466,392466,-0.005,-1.042,"Jul 6, 17",2.1666666666666665
2017-07-07,0.475,0.441,0.4463,563030,563030,-0.0287,-6.042,"Jul 7, 17",1.9753333333333334
2017-07-10,0.46,0.45,0.46,164403,164403,0.0137,3.07,"Jul 10, 17",2.0666666666666673
2017-07-11,0.4701,0.45,0.45,229398,229398,-0.01,-2.174,"Jul 11, 17",2.0000000000000004
2017-07-12,0.459,0.45,0.459,196766,196766,0.009,2,"Jul 12, 17",2.0600000000000005
2017-07-13,0.4579,0.4501,0.4508,166490,166490,-0.0082,-1.786,"Jul 13, 17",2.005333333333333
2017-07-14,0.459,0.4501,0.459,320493,320493,0.0082,1.819,"Jul 14, 17",2.0600000000000005
2017-07-17,0.475,0.452,0.47,300709,300709,0.011,2.397,"Jul 17, 17",2.1333333333333333
2017-07-18,0.471,0.4602,0.47,258306,258306,0,0,"Jul 18, 17",2.1333333333333333
2017-07-19,0.4835,0.47,0.4765,404045,404045,0.0065,1.383,"Jul 19, 17",2.1766666666666667
2017-07-20,0.48,0.46,0.4699,473905,473905,-0.0066,-1.385,"Jul 20, 17",2.1326666666666667
2017-07-21,0.4789,0.43,0.46,345465,345465,-0.0099,-2.107,"Jul 21, 17",2.0666666666666673
2017-07-24,0.42,0.375,0.3795,1896474,1896474,-0.0805,-17.5,"Jul 24, 17",1.53
2017-07-25,0.385,0.361,0.37,918646,918646,-0.0095,-2.503,"Jul 25, 17",1.4666666666666668
2017-07-26,0.373,0.32,0.34001,1172621,1172621,-0.02999,-8.105,"Jul 26, 17",1.2667333333333333
2017-07-27,0.3607,0.336,0.3509,714912,714912,0.01089,3.203,"Jul 27, 17",1.3393333333333333
2017-07-28,0.355,0.3451,0.3545,472608,472608,0.0036,1.026,"Jul 28, 17",1.3633333333333333
2017-07-31,0.3601,0.3214,0.3433,718760,718760,-0.0112,-3.159,"Jul 31, 17",1.2886666666666666
2017-08-01,0.349,0.3221,0.3295,584284,584284,-0.0138,-4.02,"Aug 1, 17",1.1966666666666668
2017-08-02,0.33,0.285,0.3,1268744,1268744,-0.0295,-8.953,"Aug 2, 17",1
2017-08-03,0.31,0.28589,0.2995,529893,529893,-0.0005,-0.167,"Aug 3, 17",0.9966666666666667
2017-08-04,0.3144,0.295,0.3,427034,427034,0.0005,0.167,"Aug 4, 17",1
2017-08-07,0.31,0.28,0.2917,888374,888374,-0.0083,-2.767,"Aug 7, 17",0.9446666666666669
2017-08-08,0.2918,0.2612,0.2685,2008279,2008279,-0.0232,-7.953,"Aug 8, 17",0.7900000000000001
2017-08-09,0.3,0.265,0.298,721696,721696,0.0295,10.987,"Aug 9, 17",0.9866666666666667
2017-08-10,0.3048,0.28,0.283,781560,781560,-0.015,-5.034,"Aug 10, 17",0.8866666666666666
2017-08-11,0.294,0.27,0.27,427733,427733,-0.013,-4.594,"Aug 11, 17",0.8000000000000002
2017-08-14,0.293,0.28,0.292,398949,398949,0.022,8.148,"Aug 14, 17",0.9466666666666667
2017-08-15,0.3299,0.285,0.311,1095559,1095559,0.019,6.507,"Aug 15, 17",1.0733333333333335
2017-08-16,0.335,0.29,0.31,1069447,1069447,-0.001,-0.322,"Aug 16, 17",1.0666666666666667
2017-08-17,0.319,0.28,0.2896,1208078,1208078,-0.0204,-6.581,"Aug 17, 17",0.9306666666666669
2017-08-18,0.2945,0.2801,0.2944,366719,366719,0.0048,1.657,"Aug 18, 17",0.9626666666666667
2017-08-21,0.29,0.275,0.275,630119,630119,-0.0194,-6.59,"Aug 21, 17",0.8333333333333336
2017-08-22,0.29,0.27,0.2833,352066,352066,0.0083,3.018,"Aug 22, 17",0.8886666666666667
2017-08-23,0.288,0.2735,0.285,355443,355443,0.0017,0.6,"Aug 23, 17",0.8999999999999999
2017-08-24,0.3,0.285,0.2875,332813,332813,0.0025,0.877,"Aug 24, 17",0.9166666666666666
2017-08-25,0.295,0.28,0.2899,328863,328863,0.0024,0.835,"Aug 25, 17",0.9326666666666666
2017-08-28,0.297079,0.28,0.28,338225,338225,-0.0099,-3.415,"Aug 28, 17",0.8666666666666669
2017-08-29,0.2898,0.28,0.2871,336181,336181,0.0071,2.536,"Aug 29, 17",0.9140000000000003
2017-08-30,0.291,0.2823,0.291,243465,243465,0.0039,1.358,"Aug 30, 17",0.94
2017-08-31,0.32,0.29,0.306,833404,833404,0.015,5.155,"Aug 31, 17",1.04
2017-09-01,0.312,0.2951,0.311,545456,545456,0.005,1.634,"Sep 1, 17",1.0733333333333335
2017-09-05,0.34,0.2999,0.33,1050958,1050958,0.019,6.109,"Sep 5, 17",1.2000000000000002
2017-09-06,0.3699,0.3218,0.36,1333824,1333824,0.03,9.091,"Sep 6, 17",1.4
2017-09-07,0.3794,0.34,0.349,653534,653534,-0.011,-3.056,"Sep 7, 17",1.3266666666666667
2017-09-08,0.35715,0.317,0.34,405423,405423,-0.009,-2.579,"Sep 8, 17",1.2666666666666668
2017-09-11,0.3499,0.32,0.346,353025,353025,0.006,1.765,"Sep 11, 17",1.3066666666666666
2017-09-12,0.393,0.34,0.34,2464414,2464414,-0.006,-1.734,"Sep 12, 17",1.2666666666666668
2017-09-13,0.34,0.3,0.3,1404064,1404064,-0.04,-11.765,"Sep 13, 17",1
2017-09-14,0.3199,0.285,0.2875,887727,887727,-0.0125,-4.167,"Sep 14, 17",0.9166666666666666
2017-09-15,0.305,0.275,0.305,542089,542089,0.0175,6.087,"Sep 15, 17",1.0333333333333334
2017-09-18,0.33,0.285,0.285,665978,665978,-0.02,-6.557,"Sep 18, 17",0.8999999999999999
2017-09-19,0.2938,0.2659,0.271,964332,964332,-0.014,-4.912,"Sep 19, 17",0.8066666666666669
2017-09-20,0.31,0.27,0.3,1291215,1291215,0.029,10.701,"Sep 20, 17",1
2017-09-21,0.315,0.285,0.286,567557,567557,-0.014,-4.667,"Sep 21, 17",0.9066666666666666
2017-09-22,0.3045,0.285,0.3,340967,340967,0.014,4.895,"Sep 22, 17",1
2017-09-25,0.31,0.28,0.285,500337,500337,-0.015,-5,"Sep 25, 17",0.8999999999999999
2017-09-26,0.349,0.28,0.3311,5778625,5778625,0.0461,16.175,"Sep 26, 17",1.2073333333333334
2017-09-27,0.34,0.28,0.303,1838067,1838067,-0.0281,-8.487,"Sep 27, 17",1.02
2017-09-28,0.30115,0.282,0.2855,1018963,1018963,-0.0175,-5.776,"Sep 28, 17",0.9033333333333332
2017-09-29,0.3,0.286,0.286,657646,657646,0.0005,0.175,"Sep 29, 17",0.9066666666666666
2017-10-02,0.305,0.29,0.3,593277,593277,0.014,4.895,"Oct 2, 17",1
2017-10-03,0.3,0.285,0.29,778512,778512,-0.01,-3.333,"Oct 3, 17",0.9333333333333332
2017-10-04,0.2959,0.28,0.2815,655251,655251,-0.0085,-2.931,"Oct 4, 17",0.8766666666666666
2017-10-05,0.2947,0.28,0.2921,774069,774069,0.0106,3.766,"Oct 5, 17",0.9473333333333336
2017-10-06,0.3149,0.286,0.2949,1235160,1235160,0.0028,0.959,"Oct 6, 17",0.9660000000000001
2017-10-09,0.2949,0.282,0.285,921616,921616,-0.0099,-3.357,"Oct 9, 17",0.8999999999999999
2017-10-10,0.329,0.282,0.292,3919080,3919080,0.007,2.456,"Oct 10, 17",0.9466666666666667
2017-10-11,0.315,0.292,0.2982,2226772,2226772,0.0062,2.123,"Oct 11, 17",0.9880000000000002
2017-10-12,0.309,0.2851,0.286,866530,866530,-0.0122,-4.091,"Oct 12, 17",0.9066666666666666
2017-10-13,0.296,0.285,0.2885,614207,614207,0.0025,0.874,"Oct 13, 17",0.9233333333333332
2017-10-16,0.29,0.273,0.2815,1268633,1268633,-0.007,-2.426,"Oct 16, 17",0.8766666666666666
2017-10-17,0.3051,0.275,0.2815,1826824,1826824,0,0,"Oct 17, 17",0.8766666666666666
2017-10-18,0.315,0.281,0.29,1931887,1931887,0.0085,3.02,"Oct 18, 17",0.9333333333333332
2017-10-19,0.31,0.2849,0.29,903413,903413,0,0,"Oct 19, 17",0.9333333333333332
2017-10-20,0.27,0.22,0.2449,3280777,3280777,-0.0451,-15.552,"Oct 20, 17",0.6326666666666668
2017-10-23,0.2501,0.2015,0.216,2167704,2167704,-0.0289,-11.801,"Oct 23, 17",0.44000000000000006
2017-10-24,0.229856,0.195,0.2045,1763195,1763195,-0.0115,-5.324,"Oct 24, 17",0.3633333333333333
2017-10-25,0.23,0.195,0.195,1089364,1089364,-0.0095,-4.645,"Oct 25, 17",0.3000000000000001
2017-10-26,0.21,0.1806,0.1961,1093270,1093270,0.0011,0.564,"Oct 26, 17",0.30733333333333335
2017-10-27,0.21,0.1956,0.2051,1108406,1108406,0.009,4.589,"Oct 27, 17",0.3673333333333334
2017-10-30,0.206,0.1905,0.1906,884079,884079,-0.0145,-7.07,"Oct 30, 17",0.27066666666666667
2017-10-31,0.195,0.181,0.1828,1181295,1181295,-0.0078,-4.092,"Oct 31, 17",0.21866666666666665
2017-11-01,0.1901,0.1626,0.1761,1108723,1108723,-0.0067,-3.665,"Nov 1, 17",0.1740000000000001
2017-11-02,0.18,0.1607,0.169895,1058307,1058307,-0.006205,-3.524,"Nov 2, 17",0.13263333333333333
2017-11-03,0.1783,0.16,0.1746,525107,525107,0.004705,2.769,"Nov 3, 17",0.1640000000000001
2017-11-06,0.1775,0.1655,0.1709,550857,550857,-0.0037,-2.119,"Nov 6, 17",0.13933333333333336
2017-11-07,0.21,0.1702,0.2089,3023314,3023314,0.038,22.235,"Nov 7, 17",0.3926666666666667
2017-11-08,0.295,0.2311,0.242,7824326,7824326,0.0331,15.845,"Nov 8, 17",0.6133333333333334
2017-11-09,0.215,0.195,0.1977,2568884,2568884,-0.0443,-18.306,"Nov 9, 17",0.31799999999999995
2017-11-10,0.2,0.17,0.1805,1819477,1819477,-0.0172,-8.7,"Nov 10, 17",0.20333333333333334
2017-11-13,0.195,0.1826,0.1904,1071985,1071985,0.0099,5.485,"Nov 13, 17",0.2693333333333335
2017-11-14,0.1999,0.1815,0.1876,812694,812694,-0.0028,-1.471,"Nov 14, 17",0.25066666666666665
2017-11-15,0.1969,0.1835,0.1891,679111,679111,0.0015,0.8,"Nov 15, 17",0.26066666666666666
2017-11-16,0.1946,0.1834,0.19,470084,470084,0.0009,0.476,"Nov 16, 17",0.2666666666666667
2017-11-17,0.196,0.1845,0.19,990325,990325,0,0,"Nov 17, 17",0.2666666666666667
2017-11-20,0.192,0.1846,0.1859,462144,462144,-0.0041,-2.158,"Nov 20, 17",0.23933333333333345
2017-11-21,0.13,0.1106,0.125,17291428,17291428,-0.0609,-32.76,"Nov 21, 17",-0.16666666666666663
2017-11-22,0.125,0.115,0.121,3038553,3038553,-0.004,-3.2,"Nov 22, 17",-0.19333333333333333
2017-11-24,0.1297,0.119,0.125,2223269,2223269,0.004,3.306,"Nov 24, 17",-0.16666666666666663
2017-11-27,0.124,0.1058,0.116,3882071,3882071,-0.009,-7.2,"Nov 27, 17",-0.2266666666666666
2017-11-28,0.127,0.117,0.1221,4589555,4589555,0.0061,5.259,"Nov 28, 17",-0.18599999999999997
2017-11-29,0.1299,0.12,0.1257,3753784,3753784,0.0036,2.948,"Nov 29, 17",-0.16199999999999992
2017-11-30,0.135,0.1168,0.125,7122117,7122117,-0.0007,-0.557,"Nov 30, 17",-0.16666666666666663
2017-12-01,0.125,0.1163,0.1163,3014215,3014215,-0.0087,-6.96,"Dec 1, 17",-0.22466666666666663
2017-12-04,0.126,0.118,0.1199,3440518,3440518,0.0036,3.095,"Dec 4, 17",-0.2006666666666666
2017-12-05,0.1228,0.1126,0.1169,2779118,2779118,-0.003,-2.502,"Dec 5, 17",-0.22066666666666662
2017-12-06,0.1189,0.108,0.1105,3237045,3237045,-0.0064,-5.475,"Dec 6, 17",-0.2633333333333333
2017-12-07,0.116,0.107,0.1118,2304742,2304742,0.0013,1.176,"Dec 7, 17",-0.25466666666666665
2017-12-08,0.12,0.107,0.1169,3312713,3312713,0.0051,4.562,"Dec 8, 17",-0.22066666666666662
2017-12-11,0.12,0.1112,0.1112,2710956,2710956,-0.0057,-4.876,"Dec 11, 17",-0.2586666666666667
2017-12-12,0.118,0.112,0.1135,2029615,2029615,0.0023,2.068,"Dec 12, 17",-0.2433333333333333
2017-12-13,0.1198,0.11,0.1118,3620726,3620726,-0.0017,-1.498,"Dec 13, 17",-0.25466666666666665
2017-12-14,0.117,0.107,0.1118,3565455,3565455,0,0,"Dec 14, 17",-0.25466666666666665
2017-12-15,0.115,0.109,0.1135,2541202,2541202,0.0017,1.521,"Dec 15, 17",-0.2433333333333333
2017-12-18,0.1135,0.107,0.1109,2534051,2534051,-0.0026,-2.291,"Dec 18, 17",-0.26066666666666666
2017-12-19,0.1125,0.107,0.11,1594903,1594903,-0.0009,-0.812,"Dec 19, 17",-0.26666666666666666
2017-12-20,0.11,0.1018,0.1034,2550151,2550151,-0.0066,-6,"Dec 20, 17",-0.3106666666666666
2017-12-21,0.113,0.1,0.11,2933430,2933430,0.0066,6.383,"Dec 21, 17",-0.26666666666666666
2017-12-22,0.1171,0.105,0.105,3130099,3130099,-0.005,-4.545,"Dec 22, 17",-0.3
2017-12-26,0.118,0.1102,0.1155,2680971,2680971,0.0105,10,"Dec 26, 17",-0.22999999999999993
2017-12-27,0.1199,0.1113,0.1152,2687694,2687694,-0.0003,-0.26,"Dec 27, 17",-0.23199999999999998
2017-12-28,0.1204,0.1125,0.1148,3470366,3470366,-0.0004,-0.347,"Dec 28, 17",-0.23466666666666663
2017-12-29,0.1189,0.108,0.1102,2834352,2834352,-0.0046,-4.007,"Dec 29, 17",-0.26533333333333325
2018-01-02,0.115,0.11,0.112,1573672,1573672,0.0018,1.633,"Jan 2, 18",-0.2533333333333333
2018-01-03,0.115,0.1119,0.112,1139510,1139510,0,0,"Jan 3, 18",-0.2533333333333333
2018-01-04,0.115,0.1111,0.1137,1363230,1363230,0.0017,1.518,"Jan 4, 18",-0.242
2018-01-05,0.1148,0.109,0.1118,1957439,1957439,-0.0019,-1.671,"Jan 5, 18",-0.25466666666666665
2018-01-08,0.125,0.109,0.113,6465506,6465506,0.0012,1.073,"Jan 8, 18",-0.24666666666666662
2018-01-09,0.139,0.111,0.1229,20040808,20040808,0.0099,8.761,"Jan 9, 18",-0.18066666666666667
2018-01-10,0.127,0.112,0.115,5688897,5688897,-0.0079,-6.428,"Jan 10, 18",-0.23333333333333328
2018-01-11,0.1282,0.113,0.124,7799233,7799233,0.009,7.826,"Jan 11, 18",-0.1733333333333333
2018-01-12,0.13,0.116,0.12,5892445,5892445,-0.004,-3.226,"Jan 12, 18",-0.2
2018-01-16,0.128,0.118,0.1279,5860829,5860829,0.0079,6.583,"Jan 16, 18",-0.1473333333333332
2018-01-17,0.145,0.126,0.139,25645583,25645583,0.0111,8.679,"Jan 17, 18",-0.07333333333333322
2018-01-18,0.145,0.126,0.1324,15808430,15808430,-0.0066,-4.748,"Jan 18, 18",-0.11733333333333337
2018-01-19,0.138,0.1205,0.1269,6103601,6103601,-0.0055,-4.154,"Jan 19, 18",-0.1539999999999999
2018-01-22,0.135,0.126,0.1277,5422350,5422350,0.0008,0.63,"Jan 22, 18",-0.14866666666666659
2018-01-23,0.136,0.127,0.1329,7582202,7582202,0.0052,4.072,"Jan 23, 18",-0.11400000000000003
2018-01-24,0.133,0.126,0.1277,5377425,5377425,-0.0052,-3.913,"Jan 24, 18",-0.14866666666666659
2018-01-25,0.1329,0.123,0.1266,4384129,4384129,-0.0011,-0.861,"Jan 25, 18",-0.15600000000000003
2018-01-26,0.13,0.1235,0.1294,6207999,6207999,0.0028,2.212,"Jan 26, 18",-0.1373333333333334
2018-01-29,0.1375,0.1275,0.1288,11285738,11285738,-0.0006,-0.464,"Jan 29, 18",-0.1413333333333333
2018-01-30,0.13,0.1255,0.1279,6068758,6068758,-0.0009,-0.699,"Jan 30, 18",-0.1473333333333332
2018-01-31,0.138,0.13,0.132,7840193,7840193,0.0041,3.206,"Jan 31, 18",-0.11999999999999993
2018-02-01,0.188,0.135,0.1877,52370613,52370613,0.0557,42.197,"Feb 1, 18",0.2513333333333334
2018-02-02,0.185,0.14,0.1611,29836638,29836638,-0.0266,-14.172,"Feb 2, 18",0.074
2018-02-05,0.209,0.16,0.1793,41921736,41921736,0.0182,11.297,"Feb 5, 18",0.1953333333333333
2018-02-06,0.2,0.16,0.2,15133692,15133692,0.0207,11.545,"Feb 6, 18",0.3333333333333335
2018-02-07,0.196,0.175,0.1765,11179481,11179481,-0.0235,-11.75,"Feb 7, 18",0.17666666666666664
2018-02-08,0.185,0.17,0.1792,8517090,8517090,0.0027,1.53,"Feb 8, 18",0.1946666666666667
2018-02-09,0.185,0.165,0.185,8228601,8228601,0.0058,3.237,"Feb 9, 18",0.23333333333333336
2018-02-12,0.185,0.1696,0.17,7195988,7195988,-0.015,-8.108,"Feb 12, 18",0.13333333333333347
2018-02-13,0.1789,0.167,0.1683,5450513,5450513,-0.0017,-1,"Feb 13, 18",0.12200000000000008
2018-02-14,0.1697,0.1425,0.1575,8927528,8927528,-0.0108,-6.417,"Feb 14, 18",0.050000000000000044
2018-02-15,0.1574,0.1374,0.145,11062890,11062890,-0.0125,-7.937,"Feb 15, 18",-0.03333333333333337
2018-02-16,0.162,0.1474,0.1569,7204225,7204225,0.0119,8.207,"Feb 16, 18",0.04600000000000012
2018-02-20,0.169,0.155,0.158,6577471,6577471,0.0011,0.701,"Feb 20, 18",0.053333333333333385
2018-02-21,0.1589,0.151,0.1575,3487676,3487676,-0.0005,-0.316,"Feb 21, 18",0.050000000000000044
2018-02-22,0.165,0.1522,0.16,5592951,5592951,0.0025,1.587,"Feb 22, 18",0.06666666666666674
2018-02-23,0.166,0.16,0.163,3928073,3928073,0.003,1.875,"Feb 23, 18",0.08666666666666675
2018-02-26,0.184,0.162,0.1791,11211852,11211852,0.0161,9.877,"Feb 26, 18",0.19400000000000012
2018-02-27,0.2301,0.1845,0.2244,48196957,48196957,0.0453,25.293,"Feb 27, 18",0.496
2018-02-28,0.32,0.212,0.2549,100250710,100250710,0.0305,13.592,"Feb 28, 18",0.6993333333333335
2018-03-01,0.28,0.2392,0.27,27786032,27786032,0.0151,5.924,"Mar 1, 18",0.8000000000000002
2018-03-02,0.275,0.255,0.274,14034088,14034088,0.004,1.481,"Mar 2, 18",0.8266666666666669
2018-03-05,0.3048,0.2757,0.291,25225970,25225970,0.017,6.204,"Mar 5, 18",0.94
2018-03-06,0.3503,0.3,0.3445,46869581,46869581,0.0535,18.385,"Mar 6, 18",1.2966666666666666
2018-03-07,0.3751,0.3063,0.34,44758595,44758595,-0.0045,-1.306,"Mar 7, 18",1.2666666666666668
2018-03-08,0.325,0.275,0.302,34687067,34687067,-0.038,-11.176,"Mar 8, 18",1.0133333333333334
2018-03-09,0.3351,0.295,0.328,19333258,19333258,0.026,8.609,"Mar 9, 18",1.1866666666666668
2018-03-12,0.355,0.32,0.337,17745028,17745028,0.009,2.744,"Mar 12, 18",1.2466666666666668
2018-03-13,0.3285,0.29,0.313,16180302,16180302,-0.024,-7.122,"Mar 13, 18",1.0866666666666667
2018-03-14,0.31,0.281,0.297,13980011,13980011,-0.016,-5.112,"Mar 14, 18",0.98
2018-03-15,0.29595,0.24,0.29,18650308,18650308,-0.007,-2.357,"Mar 15, 18",0.9333333333333332
2018-03-16,0.28,0.2551,0.2694,8885774,8885774,-0.0206,-7.103,"Mar 16, 18",0.7959999999999999
2018-03-19,0.27,0.235,0.265,14512669,14512669,-0.0044,-1.633,"Mar 19, 18",0.7666666666666668
2018-03-20,0.329,0.281,0.3115,36483100,36483100,0.0465,17.547,"Mar 20, 18",1.0766666666666667
2018-03-21,0.305,0.2816,0.299,11879919,11879919,-0.0125,-4.013,"Mar 21, 18",0.9933333333333333
2018-03-22,0.293,0.28,0.2849,8283493,8283493,-0.0141,-4.716,"Mar 22, 18",0.8993333333333333
2018-03-23,0.28,0.26,0.2775,6677140,6677140,-0.0074,-2.597,"Mar 23, 18",0.8500000000000002
2018-03-26,0.28,0.266,0.2695,6373375,6373375,-0.008,-2.883,"Mar 26, 18",0.7966666666666669
2018-03-27,0.269,0.255,0.2565,6413556,6413556,-0.013,-4.824,"Mar 27, 18",0.7100000000000001
2018-03-28,0.26,0.227,0.24,10512615,10512615,-0.0165,-6.433,"Mar 28, 18",0.6
2018-03-29,0.243,0.23,0.231,5361086,5361086,-0.009,-3.75,"Mar 29, 18",0.5400000000000001
2018-04-02,0.24,0.222,0.2283,4765420,4765420,-0.0027,-1.169,"Apr 2, 18",0.5220000000000001
2018-04-03,0.2282,0.18,0.2052,10941328,10941328,-0.0231,-10.118,"Apr 3, 18",0.368
2018-04-04,0.248,0.209,0.238,11938400,11938400,0.0328,15.984,"Apr 4, 18",0.5866666666666667
2018-04-05,0.252,0.222,0.2309,7001111,7001111,-0.0071,-2.983,"Apr 5, 18",0.5393333333333333
2018-04-06,0.234,0.2145,0.221,5019023,5019023,-0.0099,-4.288,"Apr 6, 18",0.4733333333333334
2018-04-09,0.227016,0.2061,0.2224,4281016,4281016,0.0014,0.633,"Apr 9, 18",0.48266666666666663
2018-04-10,0.222,0.212,0.2215,3497826,3497826,-0.0009,-0.405,"Apr 10, 18",0.47666666666666674
2018-04-11,0.235,0.2125,0.2251,4570865,4570865,0.0036,1.625,"Apr 11, 18",0.5006666666666667
2018-04-12,0.23,0.22,0.22101,3854851,3854851,-0.00409,-1.817,"Apr 12, 18",0.47340000000000015
2018-04-13,0.226,0.21,0.215,3639783,3639783,-0.00601,-2.719,"Apr 13, 18",0.43333333333333335
2018-04-16,0.2285,0.2145,0.2188,4177930,4177930,0.0038,1.767,"Apr 16, 18",0.45866666666666667
2018-04-17,0.235,0.2201,0.23,6234997,6234997,0.0112,5.119,"Apr 17, 18",0.5333333333333334
2018-04-18,0.258,0.233,0.2399,9632063,9632063,0.0099,4.304,"Apr 18, 18",0.5993333333333334
2018-04-19,0.245,0.225,0.2278,4896252,4896252,-0.0121,-5.044,"Apr 19, 18",0.5186666666666667
2018-04-20,0.2342,0.222,0.2226,3057071,3057071,-0.0052,-2.283,"Apr 20, 18",0.484
2018-04-23,0.225,0.212,0.2162,3242043,3242043,-0.0064,-2.875,"Apr 23, 18",0.4413333333333334
2018-04-24,0.22,0.2121,0.2155,2798262,2798262,-0.0007,-0.324,"Apr 24, 18",0.4366666666666667
2018-04-25,0.222,0.21,0.211,2777403,2777403,-0.0045,-2.088,"Apr 25, 18",0.4066666666666667
2018-04-26,0.2199,0.2089,0.2101,4314336,4314336,-0.0009,-0.427,"Apr 26, 18",0.4006666666666668
2018-04-27,0.2347,0.2111,0.22,5144910,5144910,0.0099,4.712,"Apr 27, 18",0.46666666666666673
2018-04-30,0.2247,0.2125,0.2247,3241460,3241460,0.0047,2.136,"Apr 30, 18",0.4980000000000001
2018-05-01,0.2247,0.215,0.2155,2901078,2901078,-0.0092,-4.094,"May 1, 18",0.4366666666666667
2018-05-02,0.216,0.205,0.21,4039811,4039811,-0.0055,-2.552,"May 2, 18",0.4
2018-05-03,0.213,0.2001,0.208,3704444,3704444,-0.002,-0.952,"May 3, 18",0.38666666666666666
2018-05-04,0.203,0.185,0.199,8899993,8899993,-0.009,-4.327,"May 4, 18",0.32666666666666677
2018-05-07,0.211,0.192,0.2047,4275747,4275747,0.0057,2.864,"May 7, 18",0.3646666666666667
2018-05-08,0.2089,0.2,0.2017,2765486,2765486,-0.003,-1.466,"May 8, 18",0.3446666666666667
2018-05-09,0.2015,0.19,0.1985,3834937,3834937,-0.0032,-1.587,"May 9, 18",0.3233333333333335
2018-05-10,0.199,0.19,0.192,2775531,2775531,-0.0065,-3.275,"May 10, 18",0.2800000000000001
2018-05-11,0.1933,0.18,0.186,3806378,3806378,-0.006,-3.125,"May 11, 18",0.24000000000000005
2018-05-14,0.1975,0.184711,0.1975,2862518,2862518,0.0115,6.183,"May 14, 18",0.31666666666666676
2018-05-15,0.1985,0.191,0.194,1934643,1934643,-0.0035,-1.772,"May 15, 18",0.29333333333333345
2018-05-16,0.198,0.191,0.191,2238364,2238364,-0.003,-1.546,"May 16, 18",0.27333333333333343
2018-05-17,0.1939,0.1875,0.1905,1747325,1747325,-0.0005,-0.262,"May 17, 18",0.2700000000000001
2018-05-18,0.209,0.1861,0.2054,5882722,5882722,0.0149,7.822,"May 18, 18",0.3693333333333334
2018-05-21,0.2345,0.206,0.2189,11220118,11220118,0.0135,6.573,"May 21, 18",0.4593333333333335
2018-05-22,0.2399,0.2248,0.2294,6095437,6095437,0.0105,4.797,"May 22, 18",0.5293333333333333
2018-05-23,0.225,0.2055,0.215,3762691,3762691,-0.0144,-6.277,"May 23, 18",0.43333333333333335
2018-05-24,0.2342,0.2151,0.2184,4802337,4802337,0.0034,1.581,"May 24, 18",0.4560000000000001
2018-05-25,0.229791,0.216,0.227,3293288,3293288,0.0086,3.938,"May 25, 18",0.5133333333333334
2018-05-29,0.25,0.23,0.24,7647461,7647461,0.013,5.727,"May 29, 18",0.6
2018-05-30,0.253,0.24,0.245,5420484,5420484,0.005,2.083,"May 30, 18",0.6333333333333334
2018-05-31,0.288,0.245,0.283,16103554,16103554,0.038,15.51,"May 31, 18",0.8866666666666666
2018-06-01,0.294,0.2542,0.2678,12961229,12961229,-0.0152,-5.371,"Jun 1, 18",0.7853333333333333
2018-06-04,0.275,0.2429,0.25,6940085,6940085,-0.0178,-6.647,"Jun 4, 18",0.6666666666666667
2018-06-05,0.255,0.235,0.2446,5201827,5201827,-0.0054,-2.16,"Jun 5, 18",0.6306666666666668
2018-06-06,0.2596,0.235,0.25,5075764,5075764,0.0054,2.208,"Jun 6, 18",0.6666666666666667
2018-06-07,0.2595,0.2455,0.2507,3502498,3502498,0.0007,0.28,"Jun 7, 18",0.6713333333333332
2018-06-08,0.275,0.2525,0.265,5964685,5964685,0.0143,5.704,"Jun 8, 18",0.7666666666666668
2018-06-11,0.2688,0.244,0.2524,5945119,5945119,-0.0126,-4.755,"Jun 11, 18",0.6826666666666669
2018-06-12,0.258,0.2425,0.2455,3510667,3510667,-0.0069,-2.734,"Jun 12, 18",0.6366666666666667
2018-06-13,0.255,0.2455,0.2455,2438666,2438666,0,0,"Jun 13, 18",0.6366666666666667
2018-06-14,0.254,0.243,0.246,2877304,2877304,0.0005,0.204,"Jun 14, 18",0.64
2018-06-15,0.253,0.245,0.25,2390595,2390595,0.004,1.626,"Jun 15, 18",0.6666666666666667
2018-06-18,0.251,0.2412,0.2456,3262640,3262640,-0.0044,-1.76,"Jun 18, 18",0.6373333333333335
2018-06-19,0.248,0.2315,0.2316,4182613,4182613,-0.014,-5.7,"Jun 19, 18",0.544
2018-06-20,0.24,0.2302,0.235,2630839,2630839,0.0034,1.468,"Jun 20, 18",0.5666666666666667
2018-06-21,0.2379,0.223,0.2271,3042075,3042075,-0.0079,-3.362,"Jun 21, 18",0.514
2018-06-22,0.235,0.2235,0.2324,1940172,1940172,0.0053,2.334,"Jun 22, 18",0.5493333333333333
2018-06-25,0.246,0.2331,0.235681,2861641,2861641,0.003281,1.412,"Jun 25, 18",0.5712066666666668
2018-06-26,0.24,0.23,0.2366,3365966,3365966,0.000919,0.39,"Jun 26, 18",0.5773333333333335
2018-06-27,0.225,0.2004,0.212581,5390741,5390741,-0.024019,-10.152,"Jun 27, 18",0.41720666666666667
2018-06-28,0.2127,0.187,0.212573,3215480,3215480,-0.000008,-0.004,"Jun 28, 18",0.4171533333333335
2018-06-29,0.222393,0.2055,0.2208,2116800,2116800,0.008227,3.87,"Jun 29, 18",0.47200000000000003
2018-07-02,0.235,0.22,0.2214,1779247,1779247,0.0006,0.272,"Jul 2, 18",0.47600000000000015
2018-07-03,0.229,0.215,0.224,1006144,1006144,0.0026,1.174,Jul 3,0.4933333333333334
2018-07-05,0.229,0.215,0.2163,1928263,1928263,-0.0077,-3.438,Jul 5,0.442
2018-07-06,0.2245,0.215,0.222,1240154,1240154,0.0057,2.635,Jul 6,0.4800000000000001
2018-07-09,0.2275,0.2167,0.2175,2229772,2229772,-0.0045,-2.027,Jul 9,0.45000000000000007
2018-07-10,0.225,0.2122,0.217,2200797,2200797,-0.0005,-0.23,Jul 10,0.4466666666666667
2018-07-11,0.225,0.215,0.219866,1295318,1295318,0.002866,1.321,Jul 11,0.46577333333333343
2018-07-12,0.22,0.215,0.2159,1473904,1473904,-0.003966,-1.804,Jul 12,0.43933333333333346
2018-07-13,0.2159,0.204,0.2124,2644924,2644924,-0.0035,-1.621,Jul 13,0.4160000000000001
2018-07-16,0.21,0.2,0.206294,1867982,1867982,-0.006106,-2.875,Jul 16,0.3752933333333334
2018-07-17,0.21,0.196,0.2005,2485467,2485467,-0.005794,-2.809,Jul 17,0.3366666666666668
2018-07-18,0.209,0.198,0.1999,2326166,2326166,-0.0006,-0.299,Jul 18,0.33266666666666667
2018-07-19,0.265,0.2201,0.232,25082957,25082957,0.0321,16.058,Jul 19,0.5466666666666669
2018-07-20,0.2447,0.222909,0.235973,5213318,5213318,0.003973,1.712,Jul 20,0.5731533333333333
2018-07-23,0.238,0.223,0.234768,2758624,2758624,-0.001205,-0.511,Jul 23,0.5651200000000001
2018-07-24,0.235,0.2238,0.2253,2687216,2687216,-0.009468,-4.033,Jul 24,0.5020000000000001
2018-07-25,0.228,0.212,0.218,3275189,3275189,-0.0073,-3.24,Jul 25,0.45333333333333337
2018-07-26,0.219,0.21,0.211969,2001479,2001479,-0.006031,-2.767,Jul 26,0.41312666666666664
2018-07-27,0.22,0.2042,0.2164,2894515,2894515,0.004431,2.09,Jul 27,0.44266666666666676
2018-07-30,0.22,0.2018,0.2068,2730231,2730231,-0.0096,-4.436,Jul 30,0.3786666666666668
2018-07-31,0.2151,0.2005,0.201,3962144,3962144,-0.0058,-2.805,Jul 31,0.34000000000000014
2018-08-01,0.2045,0.17,0.1923,4770213,4770213,-0.0087,-4.328,Aug 1,0.28200000000000003
2018-08-02,0.2025,0.19,0.2011,2340626,2340626,0.0088,4.576,Aug 2,0.34066666666666673