date,close,volume,unadjustedVolume,change,changePercent,vwap,label,changeOverTime
2013-08-15,37.3581,120,120,0,0,37.3581,"Aug 15, 13",0
2013-08-16,37.3581,360,360,0,0,37.3581,"Aug 16, 13",0
2013-08-19,37.3581,600,600,0,0,37.3581,"Aug 19, 13",0
2013-08-20,37.3581,360,360,0,0,37.3581,"Aug 20, 13",0
2013-09-03,37.3581,120,120,0,0,37.3581,"Sep 3, 13",0
2013-09-09,37.5974,900,900,0.239256,0.64,38.0711,"Sep 9, 13",0.006405572017848875
2013-09-10,35.6748,200,200,-1.9226,-5.114,35.5936,"Sep 10, 13",-0.045058501369181055
2013-09-12,36.7292,229,229,1.0544,2.956,36.7292,"Sep 12, 13",-0.016834367914856527
2013-09-13,35.8884,700,700,-0.840815,-2.289,35.8884,"Sep 13, 13",-0.039340865836324734
2013-09-18,35.8884,174100,174100,0,0,35.7862,"Sep 18, 13",-0.039340865836324734
2013-09-19,35.6833,100,100,-0.205074,-0.571,35.6833,"Sep 19, 13",-0.044830973737957705
2013-09-23,37.4094,100,100,1.7261,4.837,37.4094,"Sep 23, 13",0.0013731961743235785
2013-09-25,36.9223,904,904,-0.487058,-1.302,37.0534,"Sep 25, 13",-0.011665475492597333
2013-09-30,35.7945,200,200,-1.1278,-3.055,35.8419,"Sep 30, 13",-0.041854376962425846
2013-10-03,38.8132,1664,1664,3.0187,8.433,38.7745,"Oct 3, 13",0.03895005366975306
2013-10-04,36.5448,1800,1800,-2.2684,-5.844,37.0031,"Oct 4, 13",-0.021770379114569482
2013-10-10,36.1203,1100,1100,-0.424523,-1.162,35.8474,"Oct 10, 13",-0.03313337669742305
2013-10-15,35.7565,100,100,-0.363747,-1.007,35.7565,"Oct 15, 13",-0.042871559313776605
2013-10-16,36.1309,300,300,0.374368,1.047,36.142,"Oct 16, 13",-0.03284963635730948
2013-10-21,36.2963,400,400,0.165417,0.458,36.1183,"Oct 21, 13",-0.028422216333271716
2013-10-22,36.2963,500,500,0,0,36.2963,"Oct 22, 13",-0.028422216333271716
2013-10-25,35.7304,503,503,-0.565904,-1.559,35.7702,"Oct 25, 13",-0.04357020298141493
2013-11-01,35.4779,200,200,-0.252477,-0.707,35.4779,"Nov 1, 13",-0.050329112026575286
2013-11-04,36.305,100,100,0.82709,2.331,36.305,"Nov 4, 13",-0.028189335110725668
2013-11-11,36.5401,0,0,0.235069,0.647,,"Nov 11, 13",-0.021896188510657603
2013-11-12,36.5401,0,0,0,0,,"Nov 12, 13",-0.021896188510657603
2013-11-13,36.5401,0,0,0,0,,"Nov 13, 13",-0.021896188510657603
2013-11-14,36.5401,0,0,0,0,,"Nov 14, 13",-0.021896188510657603
2013-11-15,36.5401,0,0,0,0,,"Nov 15, 13",-0.021896188510657603
2013-11-18,35.4431,400,400,-1.097,-3.002,34.9664,"Nov 18, 13",-0.05126063691675966
2013-11-21,36.5662,0,0,1.1231,3.169,,"Nov 21, 13",-0.02119754484301927
2013-11-22,36.5662,0,0,0,0,,"Nov 22, 13",-0.02119754484301927
2013-11-25,36.5662,0,0,0,0,,"Nov 25, 13",-0.02119754484301927
2013-11-26,35.2602,0,0,-1.3059,-3.571,,"Nov 26, 13",-0.05615649618155106
2013-11-27,35.2602,0,0,0,0,,"Nov 27, 13",-0.05615649618155106
2013-11-29,35.2602,0,0,0,0,,"Nov 29, 13",-0.05615649618155106
2013-12-02,35.2602,0,0,0,0,,"Dec 2, 13",-0.05615649618155106
2013-12-03,35.2602,0,0,0,0,,"Dec 3, 13",-0.05615649618155106
2013-12-04,35.2602,0,0,0,0,,"Dec 4, 13",-0.05615649618155106
2013-12-05,35.2602,0,0,0,0,,"Dec 5, 13",-0.05615649618155106
2013-12-06,35.208,200,200,-0.052236,-0.148,34.9077,"Dec 6, 13",-0.057553783516827724
2013-12-09,35.208,2,2,0,0,33.5199,"Dec 9, 13",-0.057553783516827724
2013-12-10,35.208,25,25,0,0,34.9406,"Dec 10, 13",-0.057553783516827724
2013-12-12,36.2876,477,477,1.0796,3.066,36.4226,"Dec 12, 13",-0.02865509755581795
2013-12-16,35.3908,1247,1247,-0.896741,-2.471,34.1096,"Dec 16, 13",-0.05266060104769787
2013-12-17,35.3908,494,494,0,0,35.3908,"Dec 17, 13",-0.05266060104769787
2013-12-24,35.3908,50,50,0,0,36.5836,"Dec 24, 13",-0.05266060104769787
2013-12-26,34.5986,400,400,-0.792266,-2.239,34.4591,"Dec 26, 13",-0.07386617627770156
2013-12-27,34.5986,0,0,-0.000018,0,,"Dec 27, 13",-0.07386617627770156
2013-12-30,34.7556,347,347,0.15705,0.454,34.5363,"Dec 30, 13",-0.0696636070892256
2014-01-02,34.7556,95201,95201,0,0,36.5592,"Jan 2, 14",-0.0696636070892256
2014-01-06,36.1503,450,450,1.3947,4.013,36.5255,"Jan 6, 14",-0.03233033799898814
2014-01-07,36.1503,1,1,0,0,37.9705,"Jan 7, 14",-0.03233033799898814
2014-01-08,36.2945,394,394,0.144214,0.399,37.1166,"Jan 8, 14",-0.028470398655177885
2014-01-09,36.2945,1,1,0,0,38.7004,"Jan 9, 14",-0.028470398655177885
2014-01-13,36.2945,62,62,0,0,35.183,"Jan 13, 14",-0.028470398655177885
2014-01-15,36.2945,20,20,0,0,38.6564,"Jan 15, 14",-0.028470398655177885
2014-01-16,36.2945,20,20,0,0,38.6046,"Jan 16, 14",-0.028470398655177885
2014-01-21,36.0975,600,600,-0.196975,-0.543,36.0975,"Jan 21, 14",-0.03374368610823365
2014-01-24,34.2948,250,250,-1.8027,-4.994,34.352,"Jan 24, 14",-0.0819982814971853
2014-01-27,34.2948,50,50,0,0,34.3221,"Jan 27, 14",-0.0819982814971853
2014-01-30,34.2948,4,4,0,0,34.3212,"Jan 30, 14",-0.0819982814971853
2014-02-03,38.2519,307,307,3.9571,11.538,37.6631,"Feb 3, 14",0.02392519962203642
2014-02-04,38.1728,142,142,-0.079141,-0.207,38.1801,"Feb 4, 14",0.02180785425382988
2014-02-06,38.6915,1322,1322,0.51873,1.359,39.0148,"Feb 6, 14",0.03569239334976879
2014-02-07,39.0521,140,140,0.360623,0.932,39.2004,"Feb 7, 14",0.04534491850495616
2014-02-10,37.916,500,500,-1.1361,-2.909,37.6603,"Feb 10, 14",0.01493384299522718
2014-02-11,37.916,12,12,0,0,38.3311,"Feb 11, 14",0.01493384299522718
2014-02-13,37.916,36,36,0,0,39.0653,"Feb 13, 14",0.01493384299522718
2014-02-14,38.6125,362,362,0.696447,1.837,38.9168,"Feb 14, 14",0.033577724777223594
2014-02-18,38.6125,95,95,0,0,38.264,"Feb 18, 14",0.033577724777223594
2014-02-19,39.0873,246,246,0.474852,1.23,38.6514,"Feb 19, 14",0.04628715057778631
2014-02-20,39.5706,302,302,0.483292,1.236,39.4235,"Feb 20, 14",0.05922410400957218
2014-02-21,38.0057,500,500,-1.5649,-3.955,38.0057,"Feb 21, 14",0.01733492870354748
2014-02-24,38.8015,401060,401060,0.795816,2.094,38.9449,"Feb 24, 14",0.03863686857736333
2014-02-25,38.8015,24,24,0,0,39.5526,"Feb 25, 14",0.03863686857736333
2014-02-26,38.8015,1,1,0,0,39.1313,"Feb 26, 14",0.03863686857736333
2014-02-27,38.8015,7,7,0,0,36.2382,"Feb 27, 14",0.03863686857736333
2014-03-03,38.8015,172,172,0,0,38.9911,"Mar 3, 14",0.03863686857736333
2014-03-04,38.8015,50,50,0,0,37.8606,"Mar 4, 14",0.03863686857736333
2014-03-06,38.9132,300,300,0.111678,0.288,38.9132,"Mar 6, 14",0.041626849331202684
2014-03-07,38.9132,99,99,0,0,38.6564,"Mar 7, 14",0.041626849331202684
2014-03-10,37.9969,340,340,-0.91629,-2.355,38.4149,"Mar 10, 14",0.01709937068533989
2014-03-17,38.9554,34000,34000,0.958497,2.523,38.9334,"Mar 17, 14",0.04275645710033425
2014-03-18,38.9554,9,9,0,0,38.9554,"Mar 18, 14",0.04275645710033425
2014-03-19,36.5811,1440,1440,-2.3743,-6.095,36.7713,"Mar 19, 14",-0.020798702289463355
2014-03-20,36.5811,25,25,0,0,35.8338,"Mar 20, 14",-0.020798702289463355
2014-03-24,36.5811,101,101,0,0,38.0252,"Mar 24, 14",-0.020798702289463355
2014-03-25,38.6125,1666,1666,2.0313,5.553,38.9319,"Mar 25, 14",0.033577724777223594
2014-03-26,38.6125,19,19,0,0,36.7306,"Mar 26, 14",0.033577724777223594
2014-03-27,38.6125,22,22,0,0,39.1313,"Mar 27, 14",0.033577724777223594
2014-03-31,38.773,421,421,0.160504,0.416,38.7745,"Mar 31, 14",0.037873981813850356
2014-04-01,37.7619,210,210,-1.0111,-2.608,37.9754,"Apr 1, 14",0.010808900880933368
2014-04-02,37.7619,50,50,0,0,35.9068,"Apr 2, 14",0.010808900880933368
2014-04-07,38.0872,400,400,0.325307,0.861,38.0872,"Apr 7, 14",0.019516517167629043
2014-04-08,38.4612,174,174,0.374012,0.982,0,"Apr 8, 14",0.029527732941450387
2014-04-09,38.8146,0,0,0.353448,0.919,,"Apr 9, 14",0.03898752880901326
2014-04-10,39.9278,330,330,1.1132,2.868,40.0878,"Apr 10, 14",0.06878561811227009
2014-04-11,39.0405,100,100,-0.887285,-2.222,39.0405,"Apr 11, 14",0.04503441020822797
2014-04-15,39.0405,40,40,0,0,39.0406,"Apr 15, 14",0.04503441020822797
2014-04-16,40.3537,187,187,1.3132,3.364,40.3496,"Apr 16, 14",0.08018609083438406
2014-04-17,40.3537,31,31,0,0,39.485,"Apr 17, 14",0.08018609083438406
2014-04-21,40.3271,2600,2600,-0.026618,-0.066,40.3654,"Apr 21, 14",0.07947406318843842
2014-04-22,40.3271,40,40,0,0,39.9269,"Apr 22, 14",0.07947406318843842
2014-04-23,40.1497,200,200,-0.177459,-0.44,40.1497,"Apr 23, 14",0.07472542768502688
2014-04-24,38.1355,170,170,-2.0141,-5.017,38.1355,"Apr 24, 14",0.02080940947210913
2014-04-25,38.1355,50,50,0,0,39.0405,"Apr 25, 14",0.02080940947210913
2014-04-28,38.1355,1,1,0,0,40.3476,"Apr 28, 14",0.02080940947210913
2014-04-30,38.5082,1217,1217,0.372656,0.977,38.0863,"Apr 30, 14",0.03078582690233181
2014-05-01,38.5082,6,6,0,0,40.145,"May 1, 14",0.03078582690233181
2014-05-05,38.5082,392,392,0,0,37.9082,"May 5, 14",0.03078582690233181
2014-05-15,39.0405,128,128,0.532372,1.382,39.0405,"May 15, 14",0.04503441020822797
2014-05-20,39.0405,9,9,0,0,38.0596,"May 20, 14",0.04503441020822797
2014-05-23,38.2775,165,165,-0.763066,-1.955,38.4668,"May 23, 14",0.02461045931136763
2014-05-27,39.0139,1300,1300,0.736449,1.924,37.0753,"May 27, 14",0.044322382562282325
2014-06-04,38.8187,25027,25027,-0.195204,-0.5,38.7082,"Jun 4, 14",0.039097277431132726
2014-06-05,38.659,2193,2193,-0.15971,-0.411,38.7066,"Jun 5, 14",0.0348224347597977
2014-06-11,38.659,2,2,0,0,38.0085,"Jun 11, 14",0.0348224347597977
2014-06-12,38.4549,782,782,-0.204079,-0.528,38.5788,"Jun 12, 14",0.02935909481477917
2014-06-13,37.8605,973,973,-0.594479,-1.546,37.5169,"Jun 13, 14",0.01344822140312279
2014-06-17,37.8605,160,160,0,0,38.313,"Jun 17, 14",0.01344822140312279
2014-06-18,36.8667,302,302,-0.99376,-2.625,36.9466,"Jun 18, 14",-0.01315377388036326
2014-06-19,38.5437,200,200,1.677,4.549,38.5437,"Jun 19, 14",0.031736089362146384
2014-06-20,38.5703,200,200,0.026619,0.069,38.5703,"Jun 20, 14",0.032448117008092026
2014-06-25,37.3103,100,100,-1.2599,-3.267,37.3103,"Jun 25, 14",-0.0012795083261729662
2014-06-27,37.4399,100,100,0.129513,0.347,37.4399,"Jun 27, 14",0.0021896188510657985
2014-07-01,37.4399,4,4,0,0,37.619,"Jul 1, 14",0.0021896188510657985
2014-07-02,37.4399,9,9,0,0,38.9446,"Jul 2, 14",0.0021896188510657985
2014-07-03,37.4399,13,13,0,0,38.9177,"Jul 3, 14",0.0021896188510657985
2014-07-07,38.2549,442,442,0.815079,2.177,38.3936,"Jul 7, 14",0.024005503491879913
2014-07-08,39.4462,1174,1174,1.1913,3.114,39.0147,"Jul 8, 14",0.055894170206728856
2014-07-10,39.4462,0,0,0,0,,"Jul 10, 14",0.055894170206728856
2014-07-11,39.4462,26,26,0,0,,"Jul 11, 14",0.055894170206728856
2014-07-14,39.4462,1,1,0,0,,"Jul 14, 14",0.055894170206728856
2014-07-15,39.4462,0,0,0,0,,"Jul 15, 14",0.055894170206728856
2014-07-16,39.4462,4,4,0,0,,"Jul 16, 14",0.055894170206728856
2014-07-17,39.4462,0,0,0,0,,"Jul 17, 14",0.055894170206728856
2014-07-18,39.4462,0,0,0,0,,"Jul 18, 14",0.055894170206728856
2014-07-21,39.4462,70,70,0,0,,"Jul 21, 14",0.055894170206728856
2014-07-22,40.3061,1029,1029,0.859866,2.18,40.3061,"Jul 22, 14",0.07891193609953398
2014-07-23,40.3061,23,23,0,0,,"Jul 23, 14",0.07891193609953398
2014-07-24,40.3061,200000,200000,0,0,,"Jul 24, 14",0.07891193609953398
2014-07-25,40.3061,0,0,0,0,,"Jul 25, 14",0.07891193609953398
2014-07-28,40.3061,0,0,0,0,,"Jul 28, 14",0.07891193609953398
2014-07-29,40.3061,0,0,0,0,,"Jul 29, 14",0.07891193609953398
2014-07-30,38.658,100,100,-1.6481,-4.089,38.658,"Jul 30, 14",0.03479566680318327
2014-07-31,38.658,0,0,0,0,,"Jul 31, 14",0.03479566680318327
2014-08-01,38.658,0,0,0,0,,"Aug 1, 14",0.03479566680318327
2014-08-04,40.3061,200,200,1.6481,4.263,40.2881,"Aug 4, 14",0.07891193609953398
2014-08-05,40.3061,0,0,0,0,,"Aug 5, 14",0.07891193609953398
2014-08-06,40.3061,524,524,0,0,40.3061,"Aug 6, 14",0.07891193609953398
2014-08-07,40.6643,302,302,0.358276,0.889,40.6643,"Aug 7, 14",0.08850021815884633
2014-08-08,41.2018,689,689,0.537415,1.322,40.9215,"Aug 8, 14",0.10288799483913792
2014-08-11,41.2018,1,1,0,0,,"Aug 11, 14",0.10288799483913792
2014-08-12,41.2018,0,0,0,0,,"Aug 12, 14",0.10288799483913792
2014-08-13,41.2018,55,55,0,0,,"Aug 13, 14",0.10288799483913792
2014-08-14,41.2018,4,4,0,0,,"Aug 14, 14",0.10288799483913792
2014-08-15,41.2018,0,0,0,0,,"Aug 15, 14",0.10288799483913792
2014-08-18,41.2018,24,24,0,0,,"Aug 18, 14",0.10288799483913792
2014-08-19,41.2018,35,35,0,0,,"Aug 19, 14",0.10288799483913792
2014-08-20,41.2018,10,10,0,0,,"Aug 20, 14",0.10288799483913792
2014-08-21,41.2018,10,10,0,0,,"Aug 21, 14",0.10288799483913792
2014-08-22,41.2018,10,10,0,0,,"Aug 22, 14",0.10288799483913792
2014-08-25,41.2018,0,0,0,0,,"Aug 25, 14",0.10288799483913792
2014-08-26,41.2018,95,95,0,0,,"Aug 26, 14",0.10288799483913792
2014-08-27,41.2018,0,0,0,0,,"Aug 27, 14",0.10288799483913792
2014-08-28,41.2018,0,0,0,0,,"Aug 28, 14",0.10288799483913792
2014-08-29,43.441,500,500,2.2392,5.435,43.441,"Aug 29, 14",0.1628268032903173
2014-09-02,43.441,24,24,0,0,,"Sep 2, 14",0.1628268032903173
2014-09-03,42.0974,1079,1079,-1.3435,-3.093,41.2503,"Sep 3, 14",0.12686137678308052
2014-09-04,40.7987,250,250,-1.2987,-3.085,40.7763,"Sep 4, 14",0.09209783152783456
2014-09-05,40.7987,1,1,0,0,,"Sep 5, 14",0.09209783152783456
2014-09-08,40.7539,1424,1424,-0.044784,-0.11,40.7566,"Sep 8, 14",0.09089862707150527
2014-09-09,40.7539,95,95,0,0,,"Sep 9, 14",0.09089862707150527
2014-09-10,40.7539,1000,1000,0,0,40.7539,"Sep 10, 14",0.09089862707150527
2014-09-11,44.1575,2420,2420,3.4036,8.352,43.866,"Sep 11, 14",0.1820060442046035
2014-09-12,43.432,4800,4800,-0.725511,-1.643,45.3793,"Sep 12, 14",0.1625858916807868
2014-09-15,45.2144,3300,3300,1.7824,4.104,45.1551,"Sep 15, 14",0.21029709755046422
2014-09-16,45.2144,10,10,0,0,,"Sep 16, 14",0.21029709755046422
2014-09-17,44.3367,500,500,-0.877774,-1.941,44.3367,"Sep 17, 14",0.18680286202992122
2014-09-18,47.4716,3254,3254,3.1349,7.071,45.6279,"Sep 18, 14",0.27071772922070453
2014-09-19,45.9937,406,406,-1.4779,-3.113,46.0945,"Sep 19, 14",0.23115736614014087
2014-09-22,44.7845,806,806,-1.2092,-2.629,44.7935,"Sep 22, 14",0.19878955300189252
2014-09-23,46.1281,799,799,1.3435,3,45.9185,"Sep 23, 14",0.2347549795091293
2014-09-24,44.3367,1417,1417,-1.7914,-3.883,44.8236,"Sep 24, 14",0.18680286202992122
2014-09-25,46.0743,1293,1293,1.7376,3.919,45.6222,"Sep 25, 14",0.23331486344326935
2014-09-26,45.725,1100,1100,-0.34932,-0.758,45.3079,"Sep 26, 14",0.22396481619782593
2014-09-29,44.8562,201,201,-0.868817,-1.9,45.313,"Sep 29, 14",0.20070881549115188
2014-09-30,46.0743,338,338,1.2181,2.716,46.0743,"Sep 30, 14",0.23331486344326935
2014-10-01,46.0743,0,0,0,0,,"Oct 1, 14",0.23331486344326935
2014-10-02,46.1191,300,300,0.044784,0.097,46.1012,"Oct 2, 14",0.23451406789959883
2014-10-03,46.1191,0,0,-0.000028,0,,"Oct 3, 14",0.23451406789959883
2014-10-06,46.1191,0,0,0,0,,"Oct 6, 14",0.23451406789959883
2014-10-07,46.1191,10,10,0,0,,"Oct 7, 14",0.23451406789959883
2014-10-08,46.1191,0,0,0,0,,"Oct 8, 14",0.23451406789959883
2014-10-09,46.1191,2,2,0,0,,"Oct 9, 14",0.23451406789959883
2014-10-10,46.1191,0,0,0,0,,"Oct 10, 14",0.23451406789959883
2014-10-13,46.1191,25,25,0,0,,"Oct 13, 14",0.23451406789959883
2014-10-14,46.1191,0,0,0,0,,"Oct 14, 14",0.23451406789959883
2014-10-15,46.1191,0,0,0,0,,"Oct 15, 14",0.23451406789959883
2014-10-16,46.1191,2,2,0,0,,"Oct 16, 14",0.23451406789959883
2014-10-17,45.356,269,269,-0.763066,-1.655,44.9316,"Oct 17, 14",0.21408744020707696
2014-10-20,45.356,0,0,0,0,,"Oct 20, 14",0.21408744020707696
2014-10-21,45.356,200,200,0,0,45.356,"Oct 21, 14",0.21408744020707696
2014-10-22,45.356,430,430,0,0,43.9473,"Oct 22, 14",0.21408744020707696
2014-10-23,41.8358,106,106,-3.5202,-7.761,41.8358,"Oct 23, 14",0.11985887933272835
2014-10-24,41.8358,1,1,0,0,,"Oct 24, 14",0.11985887933272835
2014-10-27,42.4225,270,270,0.586693,1.402,42.5897,"Oct 27, 14",0.1355636394784531
2014-10-28,42.4225,0,0,0,0,,"Oct 28, 14",0.1355636394784531
2014-10-29,42.4225,0,0,0,0,,"Oct 29, 14",0.1355636394784531
2014-10-30,41.7456,100,100,-0.676954,-1.596,41.7456,"Oct 30, 14",0.11744440964610092
2014-10-31,42.242,642,642,0.496433,1.189,42.7836,"Oct 31, 14",0.13073202330953654
2014-11-03,42.242,75,75,0,0,,"Nov 3, 14",0.13073202330953654
2014-11-04,42.242,0,0,0,0,,"Nov 4, 14",0.13073202330953654
2014-11-05,42.242,0,0,0,0,,"Nov 5, 14",0.13073202330953654
2014-11-06,42.242,70,70,0,0,,"Nov 6, 14",0.13073202330953654
2014-11-07,42.242,0,0,0,0,,"Nov 7, 14",0.13073202330953654
2014-11-10,42.242,50,50,0,0,,"Nov 10, 14",0.13073202330953654
2014-11-11,42.242,0,0,0,0,,"Nov 11, 14",0.13073202330953654
2014-11-12,42.242,0,0,0,0,,"Nov 12, 14",0.13073202330953654
2014-11-13,42.242,10,10,0,0,,"Nov 13, 14",0.13073202330953654
2014-11-14,45.2387,1275,1275,2.9967,7.094,44.7746,"Nov 14, 14",0.21094755889619657
2014-11-17,45.6286,100,100,0.389927,0.862,45.6286,"Nov 17, 14",0.22138438518018846
2014-11-18,46.4843,338,338,0.85567,1.875,46.1623,"Nov 18, 14",0.2442897256552126
2014-11-19,46.4843,0,0,0,0,,"Nov 19, 14",0.2442897256552126
2014-11-20,46.4843,0,0,0,0,,"Nov 20, 14",0.2442897256552126
2014-11-21,46.4843,600,600,0,0,46.4843,"Nov 21, 14",0.2442897256552126
2014-11-24,46.4843,90,90,0,0,,"Nov 24, 14",0.2442897256552126
2014-11-25,46.4843,0,0,0,0,,"Nov 25, 14",0.2442897256552126
2014-11-26,46.4843,0,0,0,0,,"Nov 26, 14",0.2442897256552126
2014-11-28,45.0942,100,100,-1.39,-2.99,45.0942,"Nov 28, 14",0.2070795891654019
2014-12-01,45.0942,0,0,0,0,,"Dec 1, 14",0.2070795891654019
2014-12-02,45.0942,35,35,0,0,,"Dec 2, 14",0.2070795891654019
2014-12-03,45.0942,0,0,0,0,,"Dec 3, 14",0.2070795891654019
2014-12-04,45.0942,0,0,0,0,,"Dec 4, 14",0.2070795891654019
2014-12-05,45.0942,0,0,0,0,,"Dec 5, 14",0.2070795891654019
2014-12-08,45.0942,0,0,0,0,,"Dec 8, 14",0.2070795891654019
2014-12-09,45.0942,0,0,0,0,,"Dec 9, 14",0.2070795891654019
2014-12-10,45.0942,0,0,0,0,,"Dec 10, 14",0.2070795891654019
2014-12-11,45.0942,0,0,0,0,,"Dec 11, 14",0.2070795891654019
2014-12-12,45.0942,0,0,0,0,,"Dec 12, 14",0.2070795891654019
2014-12-15,46.4843,1101,1101,1.39,3.082,46.4843,"Dec 15, 14",0.2442897256552126
2014-12-16,46.4843,0,0,0,0,,"Dec 16, 14",0.2442897256552126
2014-12-17,44.6249,100,100,-1.8594,-4,44.6249,"Dec 17, 14",0.19451738712621885
2014-12-18,44.6249,0,0,0,0,,"Dec 18, 14",0.19451738712621885
2014-12-19,44.679,1524,1524,0.054156,0.121,43.3256,"Dec 19, 14",0.1959655335790632
2014-12-22,44.679,1,1,0,0,,"Dec 22, 14",0.1959655335790632
2014-12-23,44.679,0,0,0,0,,"Dec 23, 14",0.1959655335790632
2014-12-24,44.679,25,25,0,0,,"Dec 24, 14",0.1959655335790632
2014-12-26,44.3229,0,0,-0.356169,-0.797,,"Dec 26, 14",0.1864334642286411
2014-12-29,46.4059,500,500,2.083,4.7,46.3331,"Dec 29, 14",0.24219111785663625
2014-12-30,46.4059,10,10,0,0,,"Dec 30, 14",0.24219111785663625
2014-12-31,46.4059,0,0,0,0,,"Dec 31, 14",0.24219111785663625
2015-01-02,46.5132,150,150,0.10737,0.231,46.5132,"Jan 2, 15",0.2450633196013715
2015-01-05,46.5132,0,0,0,0,,"Jan 5, 15",0.2450633196013715
2015-01-06,46.5132,0,0,0,0,,"Jan 6, 15",0.2450633196013715
2015-01-07,45.8455,100,100,-0.667789,-1.436,45.8455,"Jan 7, 15",0.2271903549698727
2015-01-08,45.8455,0,0,0,0,,"Jan 8, 15",0.2271903549698727
2015-01-09,45.8455,0,0,0,0,,"Jan 9, 15",0.2271903549698727
2015-01-12,45.8455,0,0,0,0,,"Jan 12, 15",0.2271903549698727
2015-01-13,45.6779,100,100,-0.167515,-0.365,45.6779,"Jan 13, 15",0.22270404544128317
2015-01-14,45.5074,539,539,-0.17052,-0.373,45.557,"Jan 14, 15",0.2181401088385115
2015-01-15,45.5074,0,0,0,0,,"Jan 15, 15",0.2181401088385115
2015-01-16,45.5074,2,2,0,0,,"Jan 16, 15",0.2181401088385115
2015-01-20,45.5074,9,9,0,0,,"Jan 20, 15",0.2181401088385115
2015-01-21,45.5074,2,2,0,0,,"Jan 21, 15",0.2181401088385115
2015-01-22,45.5074,0,0,0,0,,"Jan 22, 15",0.2181401088385115
2015-01-23,45.5074,0,0,0,0,,"Jan 23, 15",0.2181401088385115
2015-01-26,45.5074,0,0,0,0,,"Jan 26, 15",0.2181401088385115
2015-01-27,45.5074,1,1,0,0,,"Jan 27, 15",0.2181401088385115
2015-01-28,46.8608,100,100,1.3534,2.974,46.8608,"Jan 28, 15",0.2543678613205703
2015-01-29,46.7669,901,901,-0.093905,-0.2,46.7904,"Jan 29, 15",0.25185435019446917
2015-01-30,46.7669,5,5,0,0,,"Jan 30, 15",0.25185435019446917
2015-02-02,46.7669,0,0,0,0,,"Feb 2, 15",0.25185435019446917
2015-02-03,46.7669,50,50,0,0,,"Feb 3, 15",0.25185435019446917
2015-02-04,46.8153,437,437,0.048408,0.104,46.8289,"Feb 4, 15",0.25314991929461084
2015-02-05,46.8153,0,0,0,0,,"Feb 5, 15",0.25314991929461084
2015-02-06,46.8153,0,0,0,0,,"Feb 6, 15",0.25314991929461084
2015-02-09,46.8153,10,10,0,0,,"Feb 9, 15",0.25314991929461084
2015-02-10,46.8153,0,0,0,0,,"Feb 10, 15",0.25314991929461084
2015-02-11,46.8153,0,0,0,0,,"Feb 11, 15",0.25314991929461084
2015-02-12,46.8153,0,0,0,0,,"Feb 12, 15",0.25314991929461084
2015-02-13,46.8153,0,0,0,0,,"Feb 13, 15",0.25314991929461084
2015-02-17,46.8153,10,10,0,0,,"Feb 17, 15",0.25314991929461084
2015-02-18,46.8153,0,0,0,0,,"Feb 18, 15",0.25314991929461084
2015-02-19,46.8153,0,0,0,0,,"Feb 19, 15",0.25314991929461084
2015-02-20,46.8153,0,0,0,0,,"Feb 20, 15",0.25314991929461084
2015-02-23,46.8153,0,0,0,0,,"Feb 23, 15",0.25314991929461084
2015-02-24,46.8153,0,0,0,0,,"Feb 24, 15",0.25314991929461084
2015-02-25,46.8153,0,0,0,0,,"Feb 25, 15",0.25314991929461084
2015-02-26,46.8153,31193,31193,0,0,,"Feb 26, 15",0.25314991929461084
2015-02-27,46.8153,0,0,0,0,,"Feb 27, 15",0.25314991929461084
2015-03-02,46.8153,73,73,0,0,,"Mar 2, 15",0.25314991929461084
2015-03-03,44.0401,31479,31479,-2.7753,-5.928,43.4744,"Mar 3, 15",0.1788634860980618
2015-03-04,44.7134,103,103,0.67334,1.529,44.7134,"Mar 4, 15",0.1968863512866018
2015-03-05,44.7134,0,0,0,0,,"Mar 5, 15",0.1968863512866018
2015-03-06,42.8572,800,800,-1.8562,-4.151,43.6067,"Mar 6, 15",0.14719967021877448
2015-03-09,42.8572,0,0,0,0,,"Mar 9, 15",0.14719967021877448
2015-03-10,42.8572,0,0,0,0,,"Mar 10, 15",0.14719967021877448
2015-03-11,42.8572,0,0,0,0,,"Mar 11, 15",0.14719967021877448
2015-03-12,42.8663,250,250,0.0091,0.021,42.8663,"Mar 12, 15",0.14744325862396648
2015-03-13,42.8663,0,0,0,0,,"Mar 13, 15",0.14744325862396648
2015-03-16,44.586,996,996,1.7197,4.012,42.8936,"Mar 16, 15",0.193476113613915
2015-03-17,44.586,0,0,0,0,,"Mar 17, 15",0.193476113613915
2015-03-18,44.586,0,0,0,0,,"Mar 18, 15",0.193476113613915
2015-03-19,44.586,0,0,0,0,,"Mar 19, 15",0.193476113613915
2015-03-20,44.586,0,0,0,0,,"Mar 20, 15",0.193476113613915
2015-03-23,42.8572,201,201,-1.7288,-3.878,42.8572,"Mar 23, 15",0.14719967021877448
2015-03-24,42.8572,0,0,0,0,,"Mar 24, 15",0.14719967021877448
2015-03-25,42.8572,0,0,0,0,,"Mar 25, 15",0.14719967021877448
2015-03-26,42.8572,0,0,0,0,,"Mar 26, 15",0.14719967021877448
2015-03-27,42.6752,520,520,-0.181984,-0.425,42.6752,"Mar 27, 15",0.14232790211493615
2015-03-30,42.6752,0,0,0,0,,"Mar 30, 15",0.14232790211493615
2015-03-31,42.6752,1,1,0,0,,"Mar 31, 15",0.14232790211493615
2015-04-01,42.6752,25,25,0,0,,"Apr 1, 15",0.14232790211493615
2015-04-02,42.6752,0,0,-0.000028,0,,"Apr 2, 15",0.14232790211493615
2015-04-06,42.6752,0,0,0,0,,"Apr 6, 15",0.14232790211493615
2015-04-07,42.6702,7,7,-0.004954,-0.012,,"Apr 7, 15",0.1421940623318638
2015-04-08,42.6702,0,0,0,0,,"Apr 8, 15",0.1421940623318638
2015-04-09,42.6702,0,0,0,0,,"Apr 9, 15",0.1421940623318638
2015-04-10,42.6702,0,0,0,0,,"Apr 10, 15",0.1421940623318638
2015-04-13,42.6702,0,0,0,0,,"Apr 13, 15",0.1421940623318638
2015-04-14,42.6702,0,0,0,0,,"Apr 14, 15",0.1421940623318638
2015-04-15,42.6702,2,2,0,0,,"Apr 15, 15",0.1421940623318638
2015-04-16,42.6702,2,2,0,0,,"Apr 16, 15",0.1421940623318638
2015-04-17,44.0283,430,430,1.3581,3.183,43.3493,"Apr 17, 15",0.17854762421001072
2015-04-20,44.0283,90,90,0,0,,"Apr 20, 15",0.17854762421001072
2015-04-21,43.5126,161,161,-0.515713,-1.171,43.5126,"Apr 21, 15",0.1647433889839151
2015-04-22,43.5126,0,0,0,0,,"Apr 22, 15",0.1647433889839151
2015-04-23,43.5126,0,0,0,0,,"Apr 23, 15",0.1647433889839151
2015-04-24,43.5126,0,0,0,0,,"Apr 24, 15",0.1647433889839151
2015-04-27,43.4878,262,262,-0.024775,-0.057,43.4878,"Apr 27, 15",0.16407954365987562
2015-04-28,43.4878,0,0,0,0,,"Apr 28, 15",0.16407954365987562
2015-04-29,43.4878,0,0,0,0,,"Apr 29, 15",0.16407954365987562
2015-04-30,43.4878,0,0,0,0,,"Apr 30, 15",0.16407954365987562
2015-05-01,43.4878,0,0,0,0,,"May 1, 15",0.16407954365987562
2015-05-04,43.4878,0,0,0,0,,"May 4, 15",0.16407954365987562
2015-05-05,43.4878,0,0,0,0,,"May 5, 15",0.16407954365987562
2015-05-06,43.4878,0,0,0,0,,"May 6, 15",0.16407954365987562
2015-05-07,43.4878,0,0,0,0,,"May 7, 15",0.16407954365987562
2015-05-08,43.4878,40,40,0,0,,"May 8, 15",0.16407954365987562
2015-05-11,43.4878,9,9,0,0,,"May 11, 15",0.16407954365987562
2015-05-12,43.4878,0,0,0,0,,"May 12, 15",0.16407954365987562
2015-05-13,43.4878,0,0,0,0,,"May 13, 15",0.16407954365987562
2015-05-14,43.4878,0,0,0,0,,"May 14, 15",0.16407954365987562
2015-05-15,43.4878,0,0,0,0,,"May 15, 15",0.16407954365987562
2015-05-18,44.5431,100,100,1.0553,2.427,44.5431,"May 18, 15",0.19232776827515324
2015-05-19,44.5431,0,0,0,0,,"May 19, 15",0.19232776827515324
2015-05-20,44.5431,0,0,0,0,,"May 20, 15",0.19232776827515324
2015-05-21,44.5431,0,0,0,0,,"May 21, 15",0.19232776827515324
2015-05-22,44.5431,0,0,0,0,,"May 22, 15",0.19232776827515324
2015-05-26,44.5431,20,20,0,0,,"May 26, 15",0.19232776827515324
2015-05-27,44.5431,0,0,0,0,,"May 27, 15",0.19232776827515324
2015-05-28,44.5431,0,0,0,0,,"May 28, 15",0.19232776827515324
2015-05-29,44.5431,0,0,0,0,,"May 29, 15",0.19232776827515324
2015-06-01,44.5431,0,0,0,0,,"Jun 1, 15",0.19232776827515324
2015-06-02,42.2118,100,100,-2.3314,-5.234,42.2118,"Jun 2, 15",0.12992363101977875
2015-06-03,42.2118,0,0,0,0,,"Jun 3, 15",0.12992363101977875
2015-06-04,42.3123,676,676,0.100573,0.238,42.3123,"Jun 4, 15",0.13261381065953567
2015-06-05,42.3123,0,0,0,0,,"Jun 5, 15",0.13261381065953567
2015-06-08,42.3123,190,190,0,0,,"Jun 8, 15",0.13261381065953567
2015-06-09,42.3123,0,0,0,0,,"Jun 9, 15",0.13261381065953567
2015-06-10,42.3123,0,0,0,0,,"Jun 10, 15",0.13261381065953567
2015-06-11,42.3123,0,0,0,0,,"Jun 11, 15",0.13261381065953567
2015-06-12,42.3123,0,0,0,0,,"Jun 12, 15",0.13261381065953567
2015-06-15,42.3123,0,0,0,0,,"Jun 15, 15",0.13261381065953567
2015-06-16,42.3123,0,0,0,0,,"Jun 16, 15",0.13261381065953567
2015-06-17,42.3123,0,0,0,0,,"Jun 17, 15",0.13261381065953567
2015-06-18,43.129,198,198,0.816699,1.93,43.129,"Jun 18, 15",0.15447520082659444
2015-06-19,42.1013,250,250,-1.0278,-2.383,42.1013,"Jun 19, 15",0.12696577181387708
2015-06-22,42.2197,476,476,0.118377,0.281,42.2155,"Jun 22, 15",0.13013509787703342
2015-06-23,42.7346,210,210,0.514978,1.22,42.7346,"Jun 23, 15",0.1439179187378373
2015-06-24,42.7346,33,33,0,0,,"Jun 24, 15",0.1439179187378373
2015-06-25,42.7346,0,0,0,0,,"Jun 25, 15",0.1439179187378373
2015-06-26,42.7346,0,0,-0.000011,0,,"Jun 26, 15",0.1439179187378373
2015-06-29,42.7346,0,0,0,0,,"Jun 29, 15",0.1439179187378373
2015-06-30,42.7346,16,16,0,0,,"Jun 30, 15",0.1439179187378373
2015-07-01,42.7346,0,0,0,0,,"Jul 1, 15",0.1439179187378373
2015-07-02,42.7346,0,0,0,0,,"Jul 2, 15",0.1439179187378373
2015-07-06,42.7346,0,0,0,0,,"Jul 6, 15",0.1439179187378373
2015-07-07,42.7346,0,0,0,0,,"Jul 7, 15",0.1439179187378373
2015-07-08,42.7346,8,8,0,0,,"Jul 8, 15",0.1439179187378373
2015-07-09,42.7346,10,10,0,0,,"Jul 9, 15",0.1439179187378373
2015-07-10,42.7346,0,0,0,0,,"Jul 10, 15",0.1439179187378373
2015-07-13,42.7346,145,145,0,0,,"Jul 13, 15",0.1439179187378373
2015-07-14,42.7346,95,95,0,0,,"Jul 14, 15",0.1439179187378373
2015-07-15,42.7346,0,0,0,0,,"Jul 15, 15",0.1439179187378373
2015-07-16,42.7346,22,22,0,0,,"Jul 16, 15",0.1439179187378373
2015-07-17,42.7346,0,0,0,0,,"Jul 17, 15",0.1439179187378373
2015-07-20,42.7346,2,2,0,0,,"Jul 20, 15",0.1439179187378373
2015-07-21,42.7346,0,0,0,0,,"Jul 21, 15",0.1439179187378373
2015-07-22,42.7346,0,0,0,0,,"Jul 22, 15",0.1439179187378373
2015-07-23,42.7346,12,12,0,0,,"Jul 23, 15",0.1439179187378373
2015-07-24,45.6447,105,105,2.9101,6.81,45.6447,"Jul 24, 15",0.2218153492816819
2015-07-27,44.4231,708666,708666,-1.2216,-2.676,44.4138,"Jul 27, 15",0.18911561348141362
2015-07-28,44.4231,0,0,0,0,,"Jul 28, 15",0.18911561348141362
2015-07-29,44.4231,0,0,0,0,,"Jul 29, 15",0.18911561348141362
2015-07-30,44.4231,23,23,0,0,,"Jul 30, 15",0.18911561348141362
2015-07-31,44.4231,0,0,0,0,,"Jul 31, 15",0.18911561348141362
2015-08-03,44.4231,3,3,0,0,,"Aug 3, 15",0.18911561348141362
2015-08-04,44.4231,0,0,0,0,,"Aug 4, 15",0.18911561348141362
2015-08-05,44.4231,0,0,0,0,,"Aug 5, 15",0.18911561348141362
2015-08-06,47.1532,201,201,2.7302,6.146,47.1532,"Aug 6, 15",0.26219481183464893
2015-08-07,47.1532,20,20,0,0,,"Aug 7, 15",0.26219481183464893
2015-08-10,47.1532,0,0,0,0,,"Aug 10, 15",0.26219481183464893
2015-08-11,47.1532,0,0,0,0,,"Aug 11, 15",0.26219481183464893
2015-08-12,47.1532,0,0,0,0,,"Aug 12, 15",0.26219481183464893
2015-08-13,47.1532,0,0,0,0,,"Aug 13, 15",0.26219481183464893
2015-08-14,47.1532,30,30,0,0,,"Aug 14, 15",0.26219481183464893
2015-08-17,46.2278,601,601,-0.92548,-1.963,45.8915,"Aug 17, 15",0.2374237447835945
2015-08-18,46.2278,20,20,0,0,,"Aug 18, 15",0.2374237447835945
2015-08-19,44.8858,200,200,-1.3419,-2.903,45.293,"Aug 19, 15",0.201501147006941
2015-08-20,43.9603,202,202,-0.92548,-2.062,43.9603,"Aug 20, 15",0.17672740316022487
2015-08-21,43.9603,0,0,0,0,,"Aug 21, 15",0.17672740316022487
2015-08-24,46.2185,410,410,2.2582,5.137,,"Aug 24, 15",0.2371748027870796
2015-08-25,43.5254,100,100,-2.6932,-5.827,43.5254,"Aug 25, 15",0.16508601882858062
2015-08-26,43.5254,0,0,0,0,,"Aug 26, 15",0.16508601882858062
2015-08-27,43.5254,0,0,0,0,,"Aug 27, 15",0.16508601882858062
2015-08-28,43.5254,0,0,0,0,,"Aug 28, 15",0.16508601882858062
2015-08-31,44.4231,100,100,0.897717,2.063,44.4231,"Aug 31, 15",0.18911561348141362
2015-09-01,44.5141,213,213,0.090975,0.205,44.4917,"Sep 1, 15",0.19155149753333275
2015-09-02,46.2278,210,210,1.7137,3.85,46.2278,"Sep 2, 15",0.2374237447835945
2015-09-03,44.4231,100,100,-1.8047,-3.904,44.4231,"Sep 3, 15",0.18911561348141362
2015-09-04,43.8678,200,200,-0.555288,-1.25,43.8678,"Sep 4, 15",0.17425136717338413
2015-09-08,45.2329,200000,200000,1.3651,3.112,45.1172,"Sep 8, 15",0.21079230474783248
2015-09-09,45.2329,0,0,0,0,,"Sep 9, 15",0.21079230474783248
2015-09-10,45.2329,0,0,0,0,,"Sep 10, 15",0.21079230474783248
2015-09-11,45.2329,0,0,0,0,,"Sep 11, 15",0.21079230474783248
2015-09-14,45.2329,3,3,0,0,,"Sep 14, 15",0.21079230474783248
2015-09-15,45.2329,10,10,0,0,,"Sep 15, 15",0.21079230474783248
2015-09-16,45.2329,0,0,0,0,,"Sep 16, 15",0.21079230474783248
2015-09-17,45.2329,0,0,0,0,,"Sep 17, 15",0.21079230474783248
2015-09-18,45.2329,20,20,0,0,,"Sep 18, 15",0.21079230474783248
2015-09-21,45.2329,0,0,0,0,,"Sep 21, 15",0.21079230474783248
2015-09-22,45.2329,5,5,0,0,,"Sep 22, 15",0.21079230474783248
2015-09-23,45.2329,0,0,0,0,,"Sep 23, 15",0.21079230474783248
2015-09-24,45.2329,0,0,0,0,,"Sep 24, 15",0.21079230474783248
2015-09-25,45.2329,4,4,0,0,,"Sep 25, 15",0.21079230474783248
2015-09-28,45.2325,0,0,-0.000404,-0.001,,"Sep 28, 15",0.2107815975651867
2015-09-29,45.2325,0,0,0,0,,"Sep 29, 15",0.2107815975651867
2015-09-30,42.0882,190,190,-3.1443,-6.951,42.0882,"Sep 30, 15",0.12661511158222716
2015-10-01,46.2308,100,100,4.1426,9.843,46.2308,"Oct 1, 15",0.237504048653438
2015-10-02,46.2308,0,0,0,0,,"Oct 2, 15",0.237504048653438
2015-10-05,46.2308,16,16,0,0,,"Oct 5, 15",0.237504048653438
2015-10-06,46.2308,40,40,0,0,,"Oct 6, 15",0.237504048653438
2015-10-07,46.2308,0,0,0,0,,"Oct 7, 15",0.237504048653438
2015-10-08,46.2308,95,95,0,0,,"Oct 8, 15",0.237504048653438
2015-10-09,46.2308,0,0,0,0,,"Oct 9, 15",0.237504048653438
2015-10-12,46.2308,0,0,0,0,,"Oct 12, 15",0.237504048653438
2015-10-13,46.2308,0,0,0,0,,"Oct 13, 15",0.237504048653438
2015-10-14,46.2308,26,26,0,0,,"Oct 14, 15",0.237504048653438
2015-10-15,46.2308,0,0,0,0,,"Oct 15, 15",0.237504048653438
2015-10-16,46.2308,6,6,0,0,,"Oct 16, 15",0.237504048653438
2015-10-19,44.4114,101,101,-1.8194,-3.935,44.4114,"Oct 19, 15",0.18880242838902406
2015-10-20,44.4114,0,0,0,0,,"Oct 20, 15",0.18880242838902406
2015-10-21,44.7847,206,206,0.373299,0.841,44.7847,"Oct 21, 15",0.19879490659321541
2015-10-22,44.7847,0,0,0,0,,"Oct 22, 15",0.19879490659321541
2015-10-23,44.7847,0,0,0,0,,"Oct 23, 15",0.19879490659321541
2015-10-26,44.7847,0,0,0,0,,"Oct 26, 15",0.19879490659321541
2015-10-27,44.7847,0,0,0,0,,"Oct 27, 15",0.19879490659321541
2015-10-28,44.7847,0,0,0,0,,"Oct 28, 15",0.19879490659321541
2015-10-29,44.7847,0,0,0,0,,"Oct 29, 15",0.19879490659321541
2015-10-30,44.7847,0,0,0,0,,"Oct 30, 15",0.19879490659321541
2015-11-02,44.7847,0,0,0,0,,"Nov 2, 15",0.19879490659321541
2015-11-03,44.7847,10,10,0,0,,"Nov 3, 15",0.19879490659321541
2015-11-04,44.7847,0,0,0,0,,"Nov 4, 15",0.19879490659321541
2015-11-05,44.7847,0,0,0,0,,"Nov 5, 15",0.19879490659321541
2015-11-06,44.7846,240,240,-0.000095,0,44.7846,"Nov 6, 15",0.19879222979755387
2015-11-09,44.7846,0,0,0,0,,"Nov 9, 15",0.19879222979755387
2015-11-10,44.7846,0,0,0,0,,"Nov 10, 15",0.19879222979755387
2015-11-11,44.7846,0,0,0,0,,"Nov 11, 15",0.19879222979755387
2015-11-12,44.7846,0,0,0,0,,"Nov 12, 15",0.19879222979755387
2015-11-13,44.7846,0,0,0,0,,"Nov 13, 15",0.19879222979755387
2015-11-16,44.3181,206,206,-0.466507,-1.042,44.3181,"Nov 16, 15",0.1863049780368916
2015-11-17,43.3385,800,800,-0.979663,-2.211,43.3385,"Nov 17, 15",0.1600830877373315
2015-11-18,43.3851,1185,1185,0.04665,0.108,43.4049,"Nov 18, 15",0.16133047451556692
2015-11-19,42.079,3245,3245,-1.3061,-3.011,43.217,"Nov 19, 15",0.1263688463813738
2015-11-20,42.079,25,25,0,0,,"Nov 20, 15",0.1263688463813738
2015-11-23,42.079,0,0,0,0,,"Nov 23, 15",0.1263688463813738
2015-11-24,42.079,0,0,0,0,,"Nov 24, 15",0.1263688463813738
2015-11-25,42.079,0,0,0,0,,"Nov 25, 15",0.1263688463813738
2015-11-27,42.079,4,4,0,0,,"Nov 27, 15",0.1263688463813738
2015-11-30,42.079,0,0,0,0,,"Nov 30, 15",0.1263688463813738
2015-12-01,42.079,0,0,0,0,,"Dec 1, 15",0.1263688463813738
2015-12-02,42.079,0,0,0,0,,"Dec 2, 15",0.1263688463813738
2015-12-03,42.079,0,0,0,0,,"Dec 3, 15",0.1263688463813738
2015-12-04,42.079,0,0,0,0,,"Dec 4, 15",0.1263688463813738
2015-12-07,42.0789,890,890,-0.000092,0,42.1692,"Dec 7, 15",0.12636616958571226
2015-12-08,40.6234,441,441,-1.4555,-3.459,40.6234,"Dec 8, 15",0.08740540873331343
2015-12-09,40.6234,0,0,0,0,,"Dec 9, 15",0.08740540873331343
2015-12-10,40.6234,0,0,0,0,,"Dec 10, 15",0.08740540873331343
2015-12-11,40.6234,0,0,0,0,,"Dec 11, 15",0.08740540873331343
2015-12-14,40.6234,50,50,0,0,,"Dec 14, 15",0.08740540873331343
2015-12-15,40.6234,0,0,0,0,,"Dec 15, 15",0.08740540873331343
2015-12-16,40.6234,0,0,0,0,,"Dec 16, 15",0.08740540873331343
2015-12-17,40.6234,0,0,0,0,,"Dec 17, 15",0.08740540873331343
2015-12-18,40.6234,0,0,0,0,,"Dec 18, 15",0.08740540873331343
2015-12-21,40.6234,0,0,0,0,,"Dec 21, 15",0.08740540873331343
2015-12-22,40.1196,150,150,-0.503828,-1.24,40.1196,"Dec 22, 15",0.07391971219093042
2015-12-23,40.1196,0,0,0,0,,"Dec 23, 15",0.07391971219093042
2015-12-24,40.1196,0,0,0,0,,"Dec 24, 15",0.07391971219093042
2015-12-28,39.7514,0,0,-0.368167,-0.918,,"Dec 28, 15",0.06406375056547299
2015-12-29,40.123,0,0,0.371619,0.935,,"Dec 29, 15",0.07401072324341969
2015-12-30,40.123,0,0,0,0,,"Dec 30, 15",0.07401072324341969
2015-12-31,40.123,11,11,0,0,,"Dec 31, 15",0.07401072324341969
2016-01-04,40.123,0,0,0,0,,"Jan 4, 16",0.07401072324341969
2016-01-05,40.123,0,0,0,0,,"Jan 5, 16",0.07401072324341969
2016-01-06,40.123,0,0,0,0,,"Jan 6, 16",0.07401072324341969
2016-01-07,40.123,0,0,0,0,,"Jan 7, 16",0.07401072324341969
2016-01-08,38.2345,425,425,-1.8886,-4.707,38.7053,"Jan 8, 16",0.023459437176944136
2016-01-11,38.2345,20,20,0,0,,"Jan 11, 16",0.023459437176944136
2016-01-12,38.2345,3,3,0,0,,"Jan 12, 16",0.023459437176944136
2016-01-13,38.2345,260,260,0,0,,"Jan 13, 16",0.023459437176944136
2016-01-14,38.2345,0,0,0,0,,"Jan 14, 16",0.023459437176944136
2016-01-15,41.4364,8651,8651,3.2019,8.374,41.38,"Jan 15, 16",0.10916775746089867
2016-01-19,40.4946,547,547,-0.941736,-2.273,40.6698,"Jan 19, 16",0.0839576959213664
2016-01-20,39.8166,147,147,-0.678047,-1.674,39.8166,"Jan 20, 16",0.06580902133673824
2016-01-21,39.8166,0,0,0,0,,"Jan 21, 16",0.06580902133673824
2016-01-22,37.8672,168,168,-1.9494,-4.896,37.8672,"Jan 22, 16",0.01362756671243978
2016-01-25,42.3781,11984,11984,4.5109,11.912,41.7968,"Jan 25, 16",0.1343751422047696
2016-01-26,43.3198,10033,10033,0.941736,2.222,43.2386,"Jan 26, 16",0.15958252694864034
2016-01-27,43.3198,0,0,0,0,,"Jan 27, 16",0.15958252694864034
2016-01-28,43.3198,20,20,0,0,,"Jan 28, 16",0.15958252694864034
2016-01-29,43.3198,0,0,0,0,,"Jan 29, 16",0.15958252694864034
2016-02-01,43.3198,0,0,0,0,,"Feb 1, 16",0.15958252694864034
2016-02-02,43.3198,11,11,0,0,,"Feb 2, 16",0.15958252694864034
2016-02-03,43.3198,0,0,0,0,,"Feb 3, 16",0.15958252694864034
2016-02-04,43.3198,0,0,0,0,,"Feb 4, 16",0.15958252694864034
2016-02-05,43.3198,0,0,0,0,,"Feb 5, 16",0.15958252694864034
2016-02-08,43.3198,1,1,0,0,,"Feb 8, 16",0.15958252694864034
2016-02-09,43.3198,0,0,0,0,,"Feb 9, 16",0.15958252694864034
2016-02-10,43.3198,1000,1000,0,0,43.3198,"Feb 10, 16",0.15958252694864034
2016-02-11,43.3198,100,100,0,0,,"Feb 11, 16",0.15958252694864034
2016-02-12,45.6459,837,837,2.3261,5.37,44.4371,"Feb 12, 16",0.2218474708296192
2016-02-16,45.6459,0,0,0,0,,"Feb 16, 16",0.2218474708296192
2016-02-17,45.6459,0,0,0,0,,"Feb 17, 16",0.2218474708296192
2016-02-18,45.1939,587,587,-0.452032,-0.99,45.1863,"Feb 18, 16",0.20974835443986709
2016-02-19,45.1939,0,0,0,0,,"Feb 19, 16",0.20974835443986709
2016-02-22,45.1939,0,0,0,0,,"Feb 22, 16",0.20974835443986709
2016-02-23,45.1939,39,39,0,0,,"Feb 23, 16",0.20974835443986709
2016-02-24,45.1939,0,0,0,0,,"Feb 24, 16",0.20974835443986709
2016-02-25,45.2169,197,197,0.022978,0.051,45.2169,"Feb 25, 16",0.2103640174420006
2016-02-26,45.2169,0,0,0,0,,"Feb 26, 16",0.2103640174420006
2016-02-29,46.0509,100,100,0.833999,1.844,46.0509,"Feb 29, 16",0.2326884932584901
2016-03-01,46.0509,4,4,0,0,,"Mar 1, 16",0.2326884932584901
2016-03-02,46.0509,0,0,0,0,,"Mar 2, 16",0.2326884932584901
2016-03-03,46.0509,0,0,0,0,,"Mar 3, 16",0.2326884932584901
2016-03-04,46.0509,0,0,0,0,,"Mar 4, 16",0.2326884932584901
2016-03-07,46.0509,0,0,0,0,,"Mar 7, 16",0.2326884932584901
2016-03-08,46.0509,0,0,0,0,,"Mar 8, 16",0.2326884932584901
2016-03-09,46.0509,56,56,0,0,,"Mar 9, 16",0.2326884932584901
2016-03-10,46.0509,0,0,0,0,,"Mar 10, 16",0.2326884932584901
2016-03-11,46.0509,99,99,0,0,,"Mar 11, 16",0.2326884932584901
2016-03-16,46.0509,0,0,0,0,,"Mar 16, 16",0.2326884932584901
2016-03-17,46.0509,0,0,0,0,,"Mar 17, 16",0.2326884932584901
2016-03-18,47.1927,590,590,1.1419,2.48,47.2765,"Mar 18, 16",0.2632521461209216
2016-03-21,47.1927,10,10,0,0,,"Mar 21, 16",0.2632521461209216
2016-03-22,47.1927,0,0,0,0,,"Mar 22, 16",0.2632521461209216
2016-03-23,47.1927,0,0,0,0,,"Mar 23, 16",0.2632521461209216
2016-03-24,47.1927,17,17,0,0,,"Mar 24, 16",0.2632521461209216
2016-03-28,47.1927,0,0,0,0,,"Mar 28, 16",0.2632521461209216
2016-03-29,48.9702,308,308,1.7775,3.767,49.4543,"Mar 29, 16",0.310832189003188
2016-03-30,48.9702,0,0,0,0,,"Mar 30, 16",0.310832189003188
2016-03-31,53.6788,200,200,4.7086,9.615,53.6788,"Mar 31, 16",0.4368717895182036
2016-04-01,53.6788,0,0,0,0,,"Apr 1, 16",0.4368717895182036
2016-04-04,53.6788,0,0,0.00001,0,,"Apr 4, 16",0.4368717895182036
2016-04-05,53.6788,0,0,0,0,,"Apr 5, 16",0.4368717895182036
2016-04-06,53.6788,0,0,0,0,,"Apr 6, 16",0.4368717895182036
2016-04-07,53.6788,2,2,0,0,,"Apr 7, 16",0.4368717895182036
2016-04-08,53.6788,0,0,0,0,,"Apr 8, 16",0.4368717895182036
2016-04-11,53.6788,0,0,0,0,,"Apr 11, 16",0.4368717895182036
2016-04-12,53.6788,0,0,0,0,,"Apr 12, 16",0.4368717895182036
2016-04-13,47.415,102,102,-6.2638,-11.669,47.415,"Apr 13, 16",0.269202662876324
2016-04-14,47.415,0,0,0,0,,"Apr 14, 16",0.269202662876324
2016-04-15,47.4624,200,200,0.047416,0.1,47.4624,"Apr 15, 16",0.27047146401985117
2016-04-18,47.4624,2,2,0,0,,"Apr 18, 16",0.27047146401985117
2016-04-19,47.4624,0,0,0,0,,"Apr 19, 16",0.27047146401985117
2016-04-20,47.4624,0,0,0,0,,"Apr 20, 16",0.27047146401985117
2016-04-21,47.4624,0,0,0,0,,"Apr 21, 16",0.27047146401985117
2016-04-22,47.4624,50,50,0,0,,"Apr 22, 16",0.27047146401985117
2016-04-25,45.5184,164,164,-1.944,-4.096,45.5184,"Apr 25, 16",0.21843455636127104
2016-04-26,45.5184,2,2,0,0,,"Apr 26, 16",0.21843455636127104
2016-04-27,45.5184,3,3,0,0,,"Apr 27, 16",0.21843455636127104
2016-04-28,45.5184,35,35,0,0,,"Apr 28, 16",0.21843455636127104
2016-04-29,45.5184,0,0,0,0,,"Apr 29, 16",0.21843455636127104
2016-05-02,45.5184,0,0,0,0,,"May 2, 16",0.21843455636127104
2016-05-03,45.5184,0,0,0,0,,"May 3, 16",0.21843455636127104
2016-05-04,45.5184,0,0,0,0,,"May 4, 16",0.21843455636127104
2016-05-05,45.5184,5,5,0,0,,"May 5, 16",0.21843455636127104
2016-05-06,45.5184,0,0,0,0,,"May 6, 16",0.21843455636127104
2016-05-09,45.5184,0,0,0,0,,"May 9, 16",0.21843455636127104
2016-05-10,45.5184,0,0,0,0,,"May 10, 16",0.21843455636127104
2016-05-11,45.5184,0,0,0,0,,"May 11, 16",0.21843455636127104
2016-05-12,45.5184,0,0,0,0,,"May 12, 16",0.21843455636127104
2016-05-13,45.5184,60,60,0,0,,"May 13, 16",0.21843455636127104
2016-05-16,45.5184,2,2,0,0,,"May 16, 16",0.21843455636127104
2016-05-17,45.5184,0,0,0,0,,"May 17, 16",0.21843455636127104
2016-05-18,44.0486,717,717,-1.4699,-3.229,43.8728,"May 18, 16",0.17909101372928496
2016-05-19,48.2685,353,353,4.2199,9.58,48.2685,"May 19, 16",0.2920491138467963
2016-05-20,48.2685,0,0,0,0,,"May 20, 16",0.2920491138467963
2016-05-23,48.2685,0,0,0,0,,"May 23, 16",0.2920491138467963
2016-05-24,46.8773,800,800,-1.3912,-2.882,47.1433,"May 24, 16",0.2548095326047095
2016-05-25,45.1486,694,694,-1.7288,-3.688,44.5083,"May 25, 16",0.2085357660052305
2016-05-26,45.1486,0,0,0,0,,"May 26, 16",0.2085357660052305
2016-05-27,45.1486,0,0,0,0,,"May 27, 16",0.2085357660052305
2016-05-31,45.1486,0,0,0,0,,"May 31, 16",0.2085357660052305
2016-06-01,45.1486,0,0,0,0,,"Jun 1, 16",0.2085357660052305
2016-06-02,45.1486,0,0,0,0,,"Jun 2, 16",0.2085357660052305
2016-06-03,45.1486,0,0,0,0,,"Jun 3, 16",0.2085357660052305
2016-06-06,45.1486,0,0,0,0,,"Jun 6, 16",0.2085357660052305
2016-06-07,45.1486,0,0,0,0,,"Jun 7, 16",0.2085357660052305
2016-06-08,45.1486,0,0,0,0,,"Jun 8, 16",0.2085357660052305
2016-06-09,45.1486,0,0,0,0,,"Jun 9, 16",0.2085357660052305
2016-06-10,45.1486,9,9,0,0,,"Jun 10, 16",0.2085357660052305
2016-06-13,45.1486,0,0,0,0,,"Jun 13, 16",0.2085357660052305
2016-06-14,44.5701,202,202,-0.578463,-1.281,44.5701,"Jun 14, 16",0.19305050310374447
2016-06-15,44.5701,0,0,0,0,,"Jun 15, 16",0.19305050310374447
2016-06-16,47.415,6094,6094,2.8449,6.383,45.3702,"Jun 16, 16",0.269202662876324
2016-06-17,47.415,0,0,0,0,,"Jun 17, 16",0.269202662876324
2016-06-20,47.415,0,0,0,0,,"Jun 20, 16",0.269202662876324
2016-06-21,47.415,0,0,0,0,,"Jun 21, 16",0.269202662876324
2016-06-22,49.2927,732,732,1.8776,3.96,48.8327,"Jun 22, 16",0.31946485501136307
2016-06-23,48.1831,209,209,-1.1095,-2.251,48.2732,"Jun 23, 16",0.2897631303519184
2016-06-24,48.1831,0,0,0,0,,"Jun 24, 16",0.2897631303519184
2016-06-27,47.3866,1185,1185,-0.796573,-1.653,47.5794,"Jun 27, 16",0.26844245290847235
2016-06-28,47.3814,0,0,-0.005149,-0.011,,"Jun 28, 16",0.2683032595340769
2016-06-29,47.3814,0,0,0,0,,"Jun 29, 16",0.2683032595340769
2016-06-30,48.3659,700,700,0.984524,2.078,47.9973,"Jun 30, 16",0.29465631282104826
2016-07-01,48.3659,0,0,0,0,,"Jul 1, 16",0.29465631282104826
2016-07-05,47.6491,1109,1109,-0.716885,-1.482,48.339,"Jul 5, 16",0.2754690415197774
2016-07-06,48.4137,3490,3490,0.764679,1.605,48.344,"Jul 6, 16",0.29593582114722106
2016-07-07,48.7483,1113,1113,0.334547,0.691,48.4502,"Jul 7, 16",0.3048923794304314
2016-07-08,47.8689,1213,1213,-0.879382,-1.804,48.4587,"Jul 8, 16",0.2813526383836436
2016-07-11,46.9608,2702,2702,-0.908056,-1.897,47.6055,"Jul 11, 16",0.25704465698201995
2016-07-12,47.9167,706,706,0.955849,2.035,47.5999,"Jul 12, 16",0.28263214670981657
2016-07-13,47.9167,0,0,0,0,,"Jul 13, 16",0.28263214670981657
2016-07-14,47.2763,314,314,-0.640418,-1.337,46.8844,"Jul 14, 16",0.2654899472938934
2016-07-15,47.2763,100,100,0,0,,"Jul 15, 16",0.2654899472938934
2016-07-18,46.7506,944,944,-0.525717,-1.112,47.4282,"Jul 18, 16",0.2514180325016529
2016-07-19,46.0815,100,100,-0.669094,-1.431,46.0815,"Jul 19, 16",0.23350759273089364
2016-07-20,45.8425,3160,3160,-0.238963,-0.519,46.4841,"Jul 20, 16",0.2271100511000292
2016-07-21,45.2116,1720,1720,-0.63086,-1.376,45.4761,"Jul 21, 16",0.2102221472719436
2016-07-22,45.2116,690,690,0,0,,"Jul 22, 16",0.2102221472719436
2016-07-25,46.741,1278,1278,1.5294,3.383,46.6606,"Jul 25, 16",0.25116106011815376
2016-07-26,46.0241,1053,1053,-0.716887,-1.534,45.9296,"Jul 26, 16",0.23197111202122156
2016-07-27,46.3587,1458,1458,0.334547,0.727,45.848,"Jul 27, 16",0.24092767030443193
2016-07-28,46.6741,1118,1118,0.315429,0.68,46.5629,"Jul 28, 16",0.24937028382064405
2016-07-29,46.3969,1118,1118,-0.277195,-0.594,46.3578,"Jul 29, 16",0.24195020624710575
2016-08-01,46.1006,302,302,-0.296315,-0.639,46.3204,"Aug 1, 16",0.23401886070223057
2016-08-02,46.827,207,207,0.726448,1.576,46.5976,"Aug 2, 16",0.25346310438700037
2016-08-03,45.9763,104,104,-0.850708,-1.817,45.9763,"Aug 3, 16",0.23069160369504876
2016-08-04,45.9763,804,804,0,0,46.0755,"Aug 4, 16",0.23069160369504876
2016-08-05,45.9763,70,70,0,0,,"Aug 5, 16",0.23069160369504876
2016-08-08,46.3491,712,712,0.372783,0.811,45.8548,"Aug 8, 16",0.2406706979209328
2016-08-09,45.8616,1222,1222,-0.487483,-1.052,45.7676,"Aug 9, 16",0.22762131907136612
2016-08-10,45.8999,1806,1806,0.038232,0.083,45.9232,"Aug 10, 16",0.2286465318097013
2016-08-11,45.7852,804,804,-0.1147,-0.25,45.6286,"Aug 11, 16",0.22557624718601862
2016-08-12,45.4124,539,539,-0.372783,-0.814,46.8079,"Aug 12, 16",0.21559715296013443
2016-08-15,48.041,1048,1048,2.6286,5.788,47.0495,"Aug 15, 16",0.28595940371699835
2016-08-16,47.6013,1099,1099,-0.439691,-0.915,47.7853,"Aug 16, 16",0.2741895331936046
2016-08-17,47.6013,103,103,0,0,,"Aug 17, 16",0.2741895331936046
2016-08-18,47.6873,408,408,0.086025,0.181,47.5439,"Aug 18, 16",0.27649157746245123
2016-08-19,47.7733,1015,1015,0.086028,0.18,47.4313,"Aug 19, 16",0.27879362173129785
2016-08-22,49.7424,1124,1124,1.969,4.122,48.8804,"Aug 22, 16",0.3315024051009019
2016-08-23,49.7615,1128,1128,0.019116,0.038,49.8508,"Aug 23, 16",0.3320136730722386
2016-08-24,49.5703,1118,1118,-0.191169,-0.384,49.4312,"Aug 24, 16",0.32689563976754715
2016-08-25,50.0482,1010,1010,0.477923,0.964,49.7806,"Aug 25, 16",0.3396880462336147
2016-08-26,51.5394,480,480,1.4911,2.979,50.4903,"Aug 26, 16",0.379604423137151
2016-08-29,53.5275,232,232,1.9882,3.858,53.5275,"Aug 29, 16",0.4328217976824304
2016-08-30,52.4952,1002,1002,-1.0323,-1.929,52.3576,"Aug 30, 16",0.4051892360692861
2016-08-31,52.5048,1029,1029,0.00956,0.018,52.2008,"Aug 31, 16",0.4054462084527854
2016-09-01,51.8835,1473,1473,-0.621303,-1.183,51.6536,"Sep 1, 16",0.38881527700819896
2016-09-02,51.9217,408,408,0.038233,0.074,51.6971,"Sep 2, 16",0.3898378129508728
2016-09-06,51.9217,23,23,0,0,,"Sep 6, 16",0.3898378129508728
2016-09-07,52.5526,2761,2761,0.630861,1.215,52.1916,"Sep 7, 16",0.4067257167789582
2016-09-08,52.3423,7218,7218,-0.210286,-0.4,52.4939,"Sep 8, 16",0.4010964155029298
2016-09-09,51.2526,1671,1671,-1.0897,-2.082,52.1111,"Sep 9, 16",0.37192737318011354
2016-09-12,52.4092,1632,1632,1.1566,2.257,52.1496,"Sep 12, 16",0.40288719180043947
2016-09-13,55.1142,6792,6792,2.7051,5.161,53.7778,"Sep 13, 16",0.4752945144426509
2016-09-14,56.873,8629,8629,1.7588,3.191,56.2315,"Sep 14, 16",0.5223739965362263
2016-09-15,47.5248,24881,24881,-9.3482,-16.437,51.9211,"Sep 15, 16",0.27214178451259563
2016-09-16,47.5397,1376,1376,0.014911,0.031,48.4105,"Sep 16, 16",0.27254062706615173
2016-09-19,49.0924,980,980,1.5527,3.266,49.054,"Sep 19, 16",0.3141032333014794
2016-09-20,48.2847,1428,1428,-0.807692,-1.645,48.4701,"Sep 20, 16",0.29248275474395113
2016-09-21,49.685,1119,1119,1.4003,2.9,49.4834,"Sep 21, 16",0.3299659243912298
2016-09-22,48.8917,265,265,-0.793355,-1.597,49.035,"Sep 22, 16",0.3087309044089501
2016-09-23,48.5667,430,430,-0.324989,-0.665,48.1724,"Sep 23, 16",0.30003131850923886
2016-09-26,48.2799,414,414,-0.286754,-0.59,48.2194,"Sep 26, 16",0.2923542685522015
2016-09-27,48.4424,1172,1172,0.162495,0.337,48.8003,"Sep 27, 16",0.2967040615020571
2016-09-28,48.4424,24,24,-0.000006,0,,"Sep 28, 16",0.2967040615020571
2016-09-29,50.0942,1100,1100,1.6518,3.41,49.9491,"Sep 29, 16",0.3409193722378815
2016-10-04,50.0556,421,421,-0.038535,-0.077,50.0749,"Oct 4, 16",0.3398861291125619
2016-10-10,49.2676,7117,7117,-0.78802,-1.574,49.852,"Oct 10, 16",0.3187929793003392
2016-10-11,49.2117,500,500,-0.055873,-0.113,49.2117,"Oct 11, 16",0.3172966505255888
2016-10-12,47.5413,600,600,-1.6704,-3.394,48.0477,"Oct 12, 16",0.2725834557967348
2016-10-17,48.7166,100,100,1.1753,2.472,48.7166,"Oct 17, 16",0.3040438352057519
2016-10-18,48.7166,4,4,0,0,,"Oct 18, 16",0.3040438352057519
2016-10-19,47.8977,170,170,-0.818846,-1.681,47.8977,"Oct 19, 16",0.2821235555341412
2016-10-21,46.2408,650,650,-1.657,-3.459,47.0668,"Oct 21, 16",0.2377717282195829
2016-10-24,46.4816,200,200,0.240838,0.521,46.4816,"Oct 24, 16",0.24421745217235352
2016-10-25,46.838,396,396,0.356439,0.767,46.838,"Oct 25, 16",0.2537575519097599
2016-10-26,48.495,524,524,1.657,3.538,48.1484,"Oct 26, 16",0.29811205601997953
2016-10-31,46.9633,300,300,-1.5317,-3.159,46.7417,"Oct 31, 16",0.2571115768735561
2016-11-02,47.522,100,100,0.558743,1.19,47.522,"Nov 2, 16",0.272066834234075
2016-11-07,47.522,12,12,0,0,,"Nov 7, 16",0.272066834234075
2016-11-08,47.522,5,5,0,0,,"Nov 8, 16",0.272066834234075
2016-11-09,47.522,4,4,0,0,,"Nov 9, 16",0.272066834234075
2016-11-11,47.522,1,1,0,0,,"Nov 11, 16",0.272066834234075
2016-11-15,47.522,86,86,0,0,,"Nov 15, 16",0.272066834234075
2016-11-16,47.522,50,50,0,0,,"Nov 16, 16",0.272066834234075
2016-11-23,47.2041,100,100,-0.317905,-0.669,47.2041,"Nov 23, 16",0.2635573008263267
2016-11-28,46.2408,100,100,-0.96335,-2.041,46.2408,"Nov 28, 16",0.2377717282195829
2016-12-05,46.2408,450,450,0,0,46.2408,"Dec 5, 16",0.2377717282195829
2016-12-07,46.4816,100,100,0.240838,0.521,46.4816,"Dec 7, 16",0.24421745217235352
2016-12-09,46.6772,400,400,0.19556,0.421,46.695,"Dec 9, 16",0.24945326448614888
2016-12-12,46.6772,6,6,0,0,,"Dec 12, 16",0.24945326448614888
2016-12-19,46.2408,200,200,-0.436398,-0.935,46.2408,"Dec 19, 16",0.2377717282195829
2016-12-22,44.3237,6698,6698,-1.9171,-4.146,44.4406,"Dec 22, 16",0.18645487859393284
2016-12-23,43.5114,300,300,-0.812297,-1.833,44.19,"Dec 23, 16",0.16471126743597778
2016-12-28,43.5114,40,40,-0.000021,0,,"Dec 28, 16",0.16471126743597778
2016-12-29,45.6765,900,900,2.1651,4.976,45.3161,"Dec 29, 16",0.22266657030202278
2016-12-30,44.0243,520,520,-1.6521,-3.617,44.0243,"Dec 30, 16",0.1784405523835526
2017-01-03,44.0243,13,13,0,0,,"Jan 3, 17",0.1784405523835526
2017-01-05,45.9194,1300,1300,1.8951,4.305,45.6039,"Jan 5, 17",0.229168506963684
2017-01-06,45.9194,10,10,0,0,,"Jan 6, 17",0.229168506963684
2017-01-10,43.4995,46280,46280,-2.4199,-5.27,43.9829,"Jan 10, 17",0.16439272875226515
2017-01-11,43.4995,40000,40000,0,0,,"Jan 11, 17",0.16439272875226515
2017-01-13,44.2187,300,300,0.719161,1.653,44.0729,"Jan 13, 17",0.18364424314941066
2017-01-17,44.2628,1100,1100,0.044122,0.1,44.2427,"Jan 17, 17",0.18482471003610992
2017-01-18,44.2628,2,2,0,0,,"Jan 18, 17",0.18482471003610992
2017-01-19,44.2187,722,722,-0.044122,-0.1,44.2097,"Jan 19, 17",0.18364424314941066
2017-01-23,45.0933,300,300,0.874655,1.978,45.093,"Jan 23, 17",0.2070554980044488
2017-01-24,43.2469,300,300,-1.8465,-4.095,43.4412,"Jan 24, 17",0.15763114291144348
2017-01-27,44.7921,400,400,1.5452,3.573,44.7265,"Jan 27, 17",0.1989929894721626
2017-02-03,47.5715,100,100,2.7795,6.205,47.5715,"Feb 3, 17",0.27339184808649264
2017-02-06,47.9602,909,909,0.388637,0.817,47.8952,"Feb 6, 17",0.2837965528225472
2017-02-07,46.9787,122,122,-0.981461,-2.046,46.9787,"Feb 7, 17",0.2575238034054195
2017-02-10,49.5638,205,205,2.5851,5.503,49.5633,"Feb 10, 17",0.32672164804955284
2017-02-13,45.1905,710,710,-4.3733,-8.824,46.0271,"Feb 13, 17",0.20965734338737782
2017-02-15,45.3655,100,100,0.174932,0.387,45.3655,"Feb 15, 17",0.21434173579491453
2017-02-21,45.3655,25,25,0,0,,"Feb 21, 17",0.21434173579491453
2017-02-22,45.3655,30,30,0,0,,"Feb 22, 17",0.21434173579491453
2017-02-23,50.5162,56658,56658,5.1507,11.354,49.1463,"Feb 23, 17",0.3522154499291987
2017-02-24,49.6853,220000,220000,-0.830924,-1.645,49.6245,"Feb 24, 17",0.329973954778214
2017-02-28,49.6901,100,100,0.00486,0.01,49.6901,"Feb 28, 17",0.3301024409699637
2017-03-01,49.5638,202,202,-0.12634,-0.254,49.5638,"Mar 1, 17",0.32672164804955284
2017-03-02,51.9934,170,170,2.4296,4.902,51.9934,"Mar 2, 17",0.39175707544013216
2017-03-07,51.9934,2,2,0,0,,"Mar 7, 17",0.39175707544013216
2017-03-08,46.6483,100,100,-5.3451,-10.28,46.6483,"Mar 8, 17",0.24867967053998996
2017-03-14,44.9573,350,350,-1.691,-3.625,45.6133,"Mar 14, 17",0.2034150559048773
2017-03-15,45.6765,400,400,0.71916,1.6,45.2137,"Mar 15, 17",0.22266657030202278
2017-03-17,47.62,1271,1271,1.9436,4.255,47.4714,"Mar 17, 17",0.2746900939822956
2017-03-21,46.7649,200,200,-0.855121,-1.796,46.7649,"Mar 21, 17",0.2518008142812401
2017-03-23,48.8835,206,206,2.1186,4.53,48.8835,"Mar 23, 17",0.3085114071647112
2017-03-24,47.4889,200,200,-1.3946,-2.853,47.6031,"Mar 24, 17",0.2711808148701353
2017-03-27,47.1439,228,228,-0.345002,-0.726,47.1391,"Mar 27, 17",0.2619458698381342
2017-03-28,47.1439,20,20,0,0,,"Mar 28, 17",0.2619458698381342
2017-03-29,47.1439,197,197,-0.000019,0,,"Mar 29, 17",0.2619458698381342
2017-03-30,49.059,230,230,1.9151,4.062,49.059,"Mar 30, 17",0.3132091835505552
2017-03-31,58.7983,689,689,9.7393,19.852,56.3194,"Mar 31, 17",0.5739103434061154
2017-04-03,55.0261,979,979,-3.7723,-6.416,55.5078,"Apr 3, 17",0.47293625746491386
2017-04-04,54.0659,100,100,-0.960212,-1.745,54.0659,"Apr 4, 17",0.4472336655236749
2017-04-11,51.9299,100,100,-2.136,-3.951,51.9299,"Apr 11, 17",0.3900573101951117
2017-04-12,50.6855,404,404,-1.2444,-2.396,50.6855,"Apr 12, 17",0.35674726498403286
2017-04-18,50.6855,2,2,0,0,,"Apr 18, 17",0.35674726498403286
2017-04-19,49.0884,120,120,-1.5971,-3.151,49.0884,"Apr 19, 17",0.31399616147502146
2017-04-21,49.0884,23,23,0,0,,"Apr 21, 17",0.31399616147502146
2017-04-27,49.0884,2,2,0,0,,"Apr 27, 17",0.31399616147502146
2017-05-03,49.0884,5,5,0,0,,"May 3, 17",0.31399616147502146
2017-05-04,49.0884,110,110,0,0,,"May 4, 17",0.31399616147502146
2017-05-18,49.0884,15,15,0,0,,"May 18, 17",0.31399616147502146
2017-05-24,49.0884,50,50,0,0,,"May 24, 17",0.31399616147502146
2017-05-31,49.0884,20100,20100,0,0,,"May 31, 17",0.31399616147502146
2017-06-01,49.0884,18,18,0,0,,"Jun 1, 17",0.31399616147502146
2017-06-02,53.0031,3158,3158,3.9146,7.975,52.9913,"Jun 2, 17",0.41878468123378876
2017-06-05,53.6446,1250,1250,0.641481,1.21,54.307,"Jun 5, 17",0.4359563254019877
2017-06-07,53.8895,200,200,0.244952,0.457,53.767,"Jun 7, 17",0.4425117979768778
2017-06-09,53.8895,90,90,0,0,,"Jun 9, 17",0.4425117979768778
2017-06-15,53.8895,20,20,0,0,,"Jun 15, 17",0.4425117979768778
2017-06-20,53.8895,75,75,0,0,,"Jun 20, 17",0.4425117979768778
2017-06-21,53.8895,36,36,0,0,,"Jun 21, 17",0.4425117979768778
2017-06-22,53.8895,75,75,0,0,,"Jun 22, 17",0.4425117979768778
2017-06-23,52.9097,450,450,-0.979809,-1.818,51.9286,"Jun 23, 17",0.41628455408599474
2017-06-26,52.9097,100,100,0,0,,"Jun 26, 17",0.41628455408599474
2017-07-18,52.9097,91,91,-0.000021,0,,"Jul 18, 17",0.41628455408599474
2017-07-24,52.9097,50,50,0,0,,"Jul 24, 17",0.41628455408599474
2017-07-27,51.9963,210,210,-0.91339,-1.726,50.6737,"Jul 27, 17",0.3918347025143141
2017-07-28,51.9963,90,90,0,0,,"Jul 28, 17",0.3918347025143141
2017-08-02,54.3849,50000,50000,2.3886,4.594,54.5083,"Aug 2, 17",0.45577264368369913
2017-08-14,55.2732,100,100,0.88832,1.633,55.2732,"Aug 14, 17",0.4795506195443559
2017-08-21,53.842,600,600,-1.4312,-2.589,53.4275,"Aug 21, 17",0.44124032003768926
2017-08-24,49.6472,100,100,-4.1948,-7.791,49.6472,"Aug 24, 17",0.32895409563120176
2017-08-25,49.6472,50,50,0,0,,"Aug 25, 17",0.32895409563120176
2017-08-29,58.8166,201,201,9.1694,18.469,58.8166,"Aug 29, 17",0.5744001970121607
2017-08-30,58.8166,54,54,0,0,,"Aug 30, 17",0.5744001970121607
2017-08-31,58.8166,1,1,0,0,,"Aug 31, 17",0.5744001970121607
2017-09-07,58.8166,50,50,0,0,,"Sep 7, 17",0.5744001970121607
2017-09-08,58.9647,300,300,0.148053,0.252,58.9647,"Sep 8, 17",0.5783645313867676
2017-09-12,58.9647,97,97,0,0,,"Sep 12, 17",0.5783645313867676
2017-09-13,58.9647,1,1,0,0,,"Sep 13, 17",0.5783645313867676
2017-09-21,57.4387,100,100,-1.5259,-2.588,57.4387,"Sep 21, 17",0.5375166295930467
2017-09-27,57.4387,95,95,0,0,,"Sep 27, 17",0.5375166295930467
2017-10-03,57.4387,3,3,0.000024,0,,"Oct 3, 17",0.5375166295930467
2017-10-05,57.4387,2,2,0,0,,"Oct 5, 17",0.5375166295930467
2017-10-12,57.4387,5,5,0,0,,"Oct 12, 17",0.5375166295930467
2017-10-16,57.4387,5,5,0,0,,"Oct 16, 17",0.5375166295930467
2017-10-17,57.4387,19,19,0,0,,"Oct 17, 17",0.5375166295930467
2017-10-18,57.4387,1,1,0,0,,"Oct 18, 17",0.5375166295930467
2017-10-19,57.4387,71,71,0,0,,"Oct 19, 17",0.5375166295930467
2017-10-20,57.4387,2,2,0,0,,"Oct 20, 17",0.5375166295930467
2017-10-23,57.4387,2,2,0,0,,"Oct 23, 17",0.5375166295930467
2017-10-31,57.4387,3,3,0,0,,"Oct 31, 17",0.5375166295930467
2017-11-01,57.4387,2,2,0,0,,"Nov 1, 17",0.5375166295930467
2017-11-02,57.4387,36,36,0,0,,"Nov 2, 17",0.5375166295930467
2017-11-06,57.4387,2,2,0,0,,"Nov 6, 17",0.5375166295930467
2017-11-07,50.2346,100,100,-7.2042,-12.542,50.2346,"Nov 7, 17",0.3446775933465567
2017-11-08,51.278,195,195,1.0434,2.077,51.278,"Nov 8, 17",0.3726072792781217
2017-11-22,51.278,2,2,0,0,,"Nov 22, 17",0.3726072792781217
2017-11-29,51.278,3,3,0,0,,"Nov 29, 17",0.3726072792781217
2017-11-30,51.278,2,2,0,0,,"Nov 30, 17",0.3726072792781217
2017-12-04,51.278,108390,108390,0,0,,"Dec 4, 17",0.3726072792781217
2017-12-05,51.278,149,149,0,0,,"Dec 5, 17",0.3726072792781217
2017-12-06,55.6506,10010,10010,4.3725,8.527,55.6506,"Dec 6, 17",0.48965284637066653
2017-12-12,55.6506,50,50,0,0,,"Dec 12, 17",0.48965284637066653
2017-12-14,55.6506,42,42,0,0,,"Dec 14, 17",0.48965284637066653
2017-12-15,50.0358,100,100,-5.6147,-10.089,50.0358,"Dec 15, 17",0.33935612357159495
2017-12-18,50.0358,2,2,0,0,,"Dec 18, 17",0.33935612357159495
2017-12-21,58.6318,519,519,8.596,17.18,59.428,"Dec 21, 17",0.5694534786298018
2017-12-22,60.2417,2015,2015,1.6099,2.746,60.9097,"Dec 22, 17",0.6125472119834788
2017-12-26,61.4442,630,630,1.2024,1.996,61.8715,"Dec 26, 17",0.6447356798124102
2017-12-27,62.8454,285,285,1.4012,2.28,62.8454,"Dec 27, 17",0.6822429406206417
2017-12-28,62.8454,106,106,0.000028,0,,"Dec 28, 17",0.6822429406206417
2017-12-29,62.8454,91,91,0,0,,"Dec 29, 17",0.6822429406206417
2018-01-02,59.5,700,700,-3.3454,-5.323,57.9801,"Jan 2, 18",0.5926934185625072
2018-01-03,57.87,190,190,-1.63,-2.739,57.87,"Jan 3, 18",0.5490616492808787
2018-01-04,57.37,100,100,-0.5,-0.864,57.37,"Jan 4, 18",0.5356776709736308
2018-01-08,57.37,66,66,0,0,,"Jan 8, 18",0.5356776709736308
2018-01-09,54.75,181,181,-2.62,-4.567,54.75,"Jan 9, 18",0.46554562464365157
2018-01-10,54.75,40,40,0,0,,"Jan 10, 18",0.46554562464365157
2018-01-11,54.75,70,70,0,0,,"Jan 11, 18",0.46554562464365157
2018-01-12,54.75,40,40,0,0,,"Jan 12, 18",0.46554562464365157
2018-01-16,54.75,12,12,0,0,,"Jan 16, 18",0.46554562464365157
2018-01-17,54,357,357,-0.75,-1.37,56.86,"Jan 17, 18",0.44546965718277964
2018-01-18,54,55,55,0,0,,"Jan 18, 18",0.44546965718277964
2018-01-22,54,10,10,0,0,,"Jan 22, 18",0.44546965718277964
2018-01-23,54,10,10,0,0,,"Jan 23, 18",0.44546965718277964
2018-01-29,54,20,20,0,0,,"Jan 29, 18",0.44546965718277964
2018-01-31,54,20,20,0,0,,"Jan 31, 18",0.44546965718277964
2018-02-01,54,2,2,0,0,,"Feb 1, 18",0.44546965718277964
2018-02-02,54,3,3,0,0,,"Feb 2, 18",0.44546965718277964
2018-02-07,54,5,5,0,0,,"Feb 7, 18",0.44546965718277964
2018-02-09,54,34,34,0,0,,"Feb 9, 18",0.44546965718277964
2018-02-12,54,50,50,0,0,,"Feb 12, 18",0.44546965718277964
2018-02-13,54,170,170,0,0,,"Feb 13, 18",0.44546965718277964
2018-02-14,54,61,61,0,0,,"Feb 14, 18",0.44546965718277964
2018-02-22,54,100,100,0,0,,"Feb 22, 18",0.44546965718277964
2018-02-23,54.2749,200,200,0.2749,0.509,54.2749,"Feb 23, 18",0.45282816845610463
2018-02-27,57.674,719,719,3.3991,6.263,57.0561,"Feb 27, 18",0.5438151297844376
2018-03-01,57.674,20,20,0,0,,"Mar 1, 18",0.5438151297844376
2018-03-07,57.674,63,63,0,0,,"Mar 7, 18",0.5438151297844376
2018-03-08,57.5502,680,680,-0.1238,-0.215,59.3834,"Mar 8, 18",0.5405012567555629
2018-03-09,57.5502,8,8,0,0,,"Mar 9, 18",0.5405012567555629
2018-03-12,56.125,306,306,-1.4252,-2.476,56.125,"Mar 12, 18",0.5023515649885835
2018-03-13,56.125,15,15,0,0,,"Mar 13, 18",0.5023515649885835
2018-03-14,56.125,2,2,0,0,,"Mar 14, 18",0.5023515649885835
2018-03-15,56,101,101,-0.125,-0.223,56,"Mar 15, 18",0.49900557041177146
2018-03-21,56,10,10,0,0,,"Mar 21, 18",0.49900557041177146
2018-03-22,56,20,20,0,0,,"Mar 22, 18",0.49900557041177146
2018-03-29,52,625,625,-4,-7.143,52.0419,"Mar 29, 18",0.39193374395378777
2018-04-02,53.75,216,216,1.75,3.365,53.75,"Apr 2, 18",0.43877766802915563
2018-04-04,53.25,500,500,-0.5,-0.93,53.25,"Apr 4, 18",0.42539368972190766
2018-04-10,53,300,300,-0.25,-0.469,53,"Apr 10, 18",0.4187017005682837
2018-04-11,53,8,8,0,0,,"Apr 11, 18",0.4187017005682837
2018-04-12,53,7,7,0,0,,"Apr 12, 18",0.4187017005682837
2018-04-17,53,206,206,0,0,53,"Apr 17, 18",0.4187017005682837
2018-04-18,53,26,26,0,0,,"Apr 18, 18",0.4187017005682837
2018-04-19,53,25,25,0,0,,"Apr 19, 18",0.4187017005682837
2018-04-23,53,88,88,0,0,,"Apr 23, 18",0.4187017005682837
2018-04-24,53,88,88,0,0,,"Apr 24, 18",0.4187017005682837
2018-04-26,53,3,3,0,0,,"Apr 26, 18",0.4187017005682837
2018-05-07,53,16,16,0,0,,"May 7, 18",0.4187017005682837
2018-05-08,53,21,21,0,0,,"May 8, 18",0.4187017005682837
2018-05-09,53,2,2,0,0,,"May 9, 18",0.4187017005682837
2018-05-10,53,108,108,0,0,,"May 10, 18",0.4187017005682837
2018-05-14,57,295,295,4,7.547,57,"May 14, 18",0.5257735270262673
2018-05-17,57.04,142,142,0.04,0.07,57.04,"May 17, 18",0.5268442452908472
2018-05-18,57.04,2,2,0,0,,"May 18, 18",0.5268442452908472
2018-05-30,57.04,3,3,0,0,,"May 30, 18",0.5268442452908472
2018-05-31,57.04,5,5,0,0,,"May 31, 18",0.5268442452908472
2018-06-01,55.37,1360,1360,-1.67,-2.928,55.1775,"Jun 1, 18",0.48214175774463897
2018-06-04,55.37,50,50,0,0,,"Jun 4, 18",0.48214175774463897
2018-06-07,55.37,13,13,0,0,,"Jun 7, 18",0.48214175774463897
2018-06-11,57,202,202,1.63,2.944,56.9999,"Jun 11, 18",0.5257735270262673
2018-06-13,55.4732,211,211,-1.5268,-2.679,55.4732,"Jun 13, 18",0.484904210867255
2018-06-14,57.04,122,122,1.5668,2.824,57.04,"Jun 14, 18",0.5268442452908472
2018-06-15,56.5197,770,770,-0.5203,-0.912,56.8064,"Jun 15, 18",0.512916877464325
2018-06-18,56.5197,42,42,0,0,,"Jun 18, 18",0.512916877464325
2018-06-19,56.5197,1,1,0,0,,"Jun 19, 18",0.512916877464325
2018-06-20,57.5,120,120,0.9803,1.734,57.5,"Jun 20, 18",0.5391575053335154
2018-06-21,54.4654,2595,2595,-3.0346,-5.278,54.9606,"Jun 21, 18",0.4579274641911661
2018-06-22,56.5,2398,2398,2.0346,3.736,56.5573,"Jun 22, 18",0.5123895487190194
2018-06-25,56.06,2152,2152,-0.44,-0.779,55.4987,"Jun 25, 18",0.5006116478086413
2018-06-26,57.2653,1903,1903,1.2053,2.15,57.0174,"Jun 26, 18",0.5328750659160932
2018-06-27,55.5999,3300,3300,-1.6654,-2.908,55.0459,"Jun 27, 18",0.4882957109703116
2018-06-28,55.8,4887,4887,0.2001,0.36,56.0856,"Jun 28, 18",0.4936519790888722
2018-06-29,56.009,223,223,0.209,0.375,55.902,"Jun 29, 18",0.49924648202130195
2018-07-02,56.009,1,1,0,0,,"Jul 2, 18",0.49924648202130195
2018-07-03,56.009,10,10,0,0,,Jul 3,0.49924648202130195
2018-07-06,52.88,140,140,-3.129,-5.587,52.88,Jul 6,0.4154895457745443
2018-07-09,54.05,850,850,1.17,2.213,55.2259,Jul 9,0.44680805501350435
2018-07-11,54.11,200,200,0.06,0.111,54.6071,Jul 11,0.44841413241037414
2018-07-13,55.37,639,639,1.26,2.329,57.9935,Jul 13,0.48214175774463897
2018-07-17,55.37,12,12,0,0,,Jul 17,0.48214175774463897
2018-07-18,55.37,1,1,0,0,,Jul 18,0.48214175774463897
2018-07-20,55.37,30,30,0,0,,Jul 20,0.48214175774463897
2018-07-23,55.37,50,50,0,0,,Jul 23,0.48214175774463897
2018-07-24,52.5,201,201,-2.87,-5.183,52.5,Jul 24,0.40531772226103574
2018-07-25,54.27,170,170,1.77,3.371,54.27,Jul 25,0.4526970054686936
2018-07-26,55.0189,703,703,0.7489,1.38,55.0189,Jul 26,0.4727435281772896
2018-07-27,51.39,800,800,-3.6289,-6.596,53.6522,Jul 27,0.3756052904189453
2018-07-31,51.39,5,5,0,0,,Jul 31,0.3756052904189453