date,open,high,low,close,volume,unadjustedVolume,change,changePercent,vwap,label,changeOverTime
2015-09-30,30,30,30,30,239,239,30,0,30,"Sep 30, 15",0
2015-10-01,32,34,30.64,30.8,643746,643746,0.8,2.667,31.596,"Oct 1, 15",0.02666666666666669
2015-10-02,30.99,32.45,30.25,32.25,273217,273217,1.45,4.708,31.3851,"Oct 2, 15",0.075
2015-10-05,31.98,32.79,31.005,32.59,122178,122178,0.34,1.054,32.0065,"Oct 5, 15",0.08633333333333344
2015-10-06,32.65,33.775,30.84,32.74,124215,124215,0.15,0.46,32.5541,"Oct 6, 15",0.0913333333333334
2015-10-07,32.76,33,32.4805,32.68,35763,35763,-0.06,-0.183,32.5624,"Oct 7, 15",0.08933333333333332
2015-10-08,32.68,33,31.7,32.14,35578,35578,-0.54,-1.652,32.5194,"Oct 8, 15",0.07133333333333335
2015-10-09,32.5,34.25,32.31,33.8,153507,153507,1.66,5.165,33.4309,"Oct 9, 15",0.12666666666666657
2015-10-12,34.14,34.5,33.66,34,67358,67358,0.2,0.592,33.9721,"Oct 12, 15",0.13333333333333333
2015-10-13,34,34.5,34,34.4003,49606,49606,0.4003,1.177,34.383,"Oct 13, 15",0.1466766666666667
2015-10-14,35,35,34.11,34.23,65865,65865,-0.1703,-0.495,34.3962,"Oct 14, 15",0.1409999999999999
2015-10-15,34.58,34.64,33.99,34.4,73719,73719,0.17,0.497,34.3829,"Oct 15, 15",0.1466666666666666
2015-10-16,34.22,34.87,34,34.5,48034,48034,0.1,0.291,34.4779,"Oct 16, 15",0.15
2015-10-19,34.25,34.42,33.7584,34.35,192191,192191,-0.15,-0.435,34.3122,"Oct 19, 15",0.14500000000000005
2015-10-20,34.42,34.67,34.01,34.25,65666,65666,-0.1,-0.291,34.1692,"Oct 20, 15",0.14166666666666666
2015-10-21,34.35,35,34.02,34.99,83622,83622,0.74,2.161,34.5096,"Oct 21, 15",0.1663333333333334
2015-10-22,35,35.5925,34.471,35,55257,55257,0.01,0.029,34.9391,"Oct 22, 15",0.16666666666666666
2015-10-23,35.8699,35.8699,34.7,35.42,59760,59760,0.42,1.2,35.4277,"Oct 23, 15",0.18066666666666673
2015-10-26,35.3,36.95,35.25,36.54,64063,64063,1.12,3.162,36.191,"Oct 26, 15",0.21799999999999997
2015-10-27,36.56,37.86,36.24,37,241504,241504,0.46,1.259,37.1435,"Oct 27, 15",0.23333333333333334
2015-10-28,37,37.75,35.01,35.83,137974,137974,-1.17,-3.162,36.5522,"Oct 28, 15",0.19433333333333327
2015-10-29,35.83,36.5,35.01,35.76,90688,90688,-0.07,-0.195,35.9344,"Oct 29, 15",0.19199999999999992
2015-10-30,35.46,36.66,34.638,36.01,91695,91695,0.25,0.699,35.8484,"Oct 30, 15",0.20033333333333328
2015-11-02,36,36.5,34.06,36.1,52634,52634,0.09,0.25,35.9137,"Nov 2, 15",0.2033333333333334
2015-11-03,35.98,36,34.11,35.75,53520,53520,-0.35,-0.97,35.5458,"Nov 3, 15",0.19166666666666668
2015-11-04,35.98,36.47,35.25,35.72,39408,39408,-0.03,-0.084,35.697,"Nov 4, 15",0.19066666666666662
2015-11-05,35.56,36.25,35.25,35.95,71483,71483,0.23,0.644,35.7252,"Nov 5, 15",0.19833333333333342
2015-11-06,35.86,36.39,35.3,36.22,20983,20983,0.27,0.751,35.8766,"Nov 6, 15",0.2073333333333333
2015-11-09,36.06,36.6999,35.55,36.1,92371,92371,-0.12,-0.331,35.9352,"Nov 9, 15",0.2033333333333334
2015-11-10,36.16,36.94,35.8,36.61,107415,107415,0.51,1.413,36.189,"Nov 10, 15",0.22033333333333333
2015-11-11,35.9099,37.185,35.89,36.86,71388,71388,0.25,0.683,36.4268,"Nov 11, 15",0.22866666666666666
2015-11-12,36.78,38.1,35.57,37.81,62894,62894,0.95,2.577,37.3613,"Nov 12, 15",0.2603333333333334
2015-11-13,37.99,38.2,37.204,37.94,46385,46385,0.13,0.344,37.8734,"Nov 13, 15",0.2646666666666666
2015-11-16,37.95,37.98,37.21,37.44,80596,80596,-0.5,-1.318,37.4883,"Nov 16, 15",0.24799999999999991
2015-11-17,37.4,37.77,35.78,36.86,68385,68385,-0.58,-1.549,36.8368,"Nov 17, 15",0.22866666666666666
2015-11-18,37.3,37.3,35.5001,35.99,56388,56388,-0.87,-2.36,36.4789,"Nov 18, 15",0.19966666666666674
2015-11-19,36.27,37.56,35.35,36.83,79502,79502,0.84,2.334,36.2652,"Nov 19, 15",0.2276666666666666
2015-11-20,36.53,38.05,36.36,36.95,86573,86573,0.12,0.326,36.9604,"Nov 20, 15",0.23166666666666677
2015-11-23,36.95,37.52,36.31,36.72,30914,30914,-0.23,-0.622,37.0354,"Nov 23, 15",0.22399999999999995
2015-11-24,36.98,37.15,36.33,36.78,41308,41308,0.06,0.163,36.828,"Nov 24, 15",0.22600000000000003
2015-11-25,36.64,37.04,36.44,36.64,31201,31201,-0.14,-0.381,36.7077,"Nov 25, 15",0.22133333333333335
2015-11-27,36.77,36.97,36.01,36.97,5350,5350,0.33,0.901,36.5511,"Nov 27, 15",0.2323333333333333
2015-11-30,36.65,36.74,36.01,36.67,28375,28375,-0.3,-0.811,36.4054,"Nov 30, 15",0.22233333333333338
2015-12-01,36.4,36.6,35.41,36.59,8297,8297,-0.08,-0.218,36.295,"Dec 1, 15",0.2196666666666668
2015-12-02,36.36,36.65,36.05,36.29,22904,22904,-0.3,-0.82,36.3694,"Dec 2, 15",0.20966666666666664
2015-12-03,36.43,36.91,36.23,36.48,26761,26761,0.19,0.524,36.5424,"Dec 3, 15",0.2159999999999999
2015-12-04,36.48,36.8,36.01,36.25,29332,29332,-0.23,-0.63,36.3269,"Dec 4, 15",0.20833333333333334
2015-12-07,36.13,39.3899,36.13,37.27,88753,88753,1.02,2.814,37.5593,"Dec 7, 15",0.24233333333333343
2015-12-08,37.3,37.96,36.35,37.54,68561,68561,0.27,0.724,37.5974,"Dec 8, 15",0.2513333333333333
2015-12-09,37.71,38.15,37.31,37.64,62655,62655,0.1,0.266,37.8444,"Dec 9, 15",0.2546666666666667
2015-12-10,37.98,38.05,37.314,38.05,53023,53023,0.41,1.089,37.9166,"Dec 10, 15",0.26833333333333326
2015-12-11,38,38,37.54,37.96,48186,48186,-0.09,-0.237,37.8911,"Dec 11, 15",0.26533333333333337
2015-12-14,37.95,39.96,37.136,38.9,219132,219132,0.94,2.476,38.9123,"Dec 14, 15",0.29666666666666663
2015-12-15,39.03,39.055,38.17,38.74,192869,192869,-0.16,-0.411,38.8482,"Dec 15, 15",0.2913333333333334
2015-12-16,38.8,38.93,37.86,38.23,270072,270072,-0.51,-1.316,38.4415,"Dec 16, 15",0.2743333333333332
2015-12-17,39.005,39.005,37.76,38.1101,130840,130840,-0.1199,-0.314,38.2213,"Dec 17, 15",0.2703366666666668
2015-12-18,38.32,38.9,35.95,36.96,746709,746709,-1.1501,-3.018,37.109,"Dec 18, 15",0.23200000000000004
2015-12-21,37.33,37.94,36.2439,37.29,26304,26304,0.33,0.893,37.4887,"Dec 21, 15",0.24299999999999997
2015-12-22,37.17,37.95,37.17,37.53,49500,49500,0.24,0.644,37.5634,"Dec 22, 15",0.25100000000000006
2015-12-23,37.5,38.83,36.92,37.54,45942,45942,0.01,0.027,37.9469,"Dec 23, 15",0.2513333333333333
2015-12-24,37.67,38.2,37.23,37.76,18493,18493,0.22,0.586,37.9106,"Dec 24, 15",0.2586666666666666
2015-12-28,37.56,38.25,36.45,38.06,67077,67077,0.3,0.794,37.5442,"Dec 28, 15",0.2686666666666667
2015-12-29,38.1,38.1,36.13,37.56,63739,63739,-0.5,-1.314,37.1891,"Dec 29, 15",0.25200000000000006
2015-12-30,37.46,38.03,36.54,36.795,51711,51711,-0.765,-2.037,37.5663,"Dec 30, 15",0.22650000000000006
2015-12-31,36.89,38.14,36.17,37.67,90454,90454,0.875,2.378,37.3113,"Dec 31, 15",0.2556666666666667
2016-01-04,37.75,37.75,37.02,37.3,42025,42025,-0.37,-0.982,37.4118,"Jan 4, 16",0.24333333333333323
2016-01-05,37.25,37.65,36.77,36.8,57761,57761,-0.5,-1.34,37.0295,"Jan 5, 16",0.22666666666666657
2016-01-06,37,37,35.46,35.78,109952,109952,-1.02,-2.772,36.2794,"Jan 6, 16",0.1926666666666667
2016-01-07,35.93,36.79,35.3,35.52,116745,116745,-0.26,-0.727,36.1908,"Jan 7, 16",0.1840000000000001
2016-01-08,35.21,36.44,35.15,36.06,41015,41015,0.54,1.52,36.0277,"Jan 8, 16",0.20200000000000007
2016-01-11,36.45,36.45,35.56,35.86,55482,55482,-0.2,-0.555,35.9141,"Jan 11, 16",0.1953333333333333
2016-01-12,35.83,36.11,34.81,35.21,57133,57133,-0.65,-1.813,35.2179,"Jan 12, 16",0.1736666666666667
2016-01-13,35.07,35.46,33.765,34.79,64359,64359,-0.42,-1.193,34.6527,"Jan 13, 16",0.15966666666666665
2016-01-14,34.47,34.75,33.04,33.99,66535,66535,-0.8,-2.3,33.9355,"Jan 14, 16",0.13300000000000006
2016-01-15,33.85,34.51,33.48,34.19,40925,40925,0.2,0.588,34.1799,"Jan 15, 16",0.13966666666666658
2016-01-19,33.88,34.21,32.89,33.26,52156,52156,-0.93,-2.72,33.547,"Jan 19, 16",0.1086666666666666
2016-01-20,32.97,33.15,29.95,32.97,110755,110755,-0.29,-0.872,32.0912,"Jan 20, 16",0.09899999999999996
2016-01-21,33,33.97,33,33.04,26174,26174,0.07,0.212,33.402,"Jan 21, 16",0.1013333333333333
2016-01-22,33,34.04,29.99,33.75,74731,74731,0.71,2.149,33.376,"Jan 22, 16",0.125
2016-01-25,33.45,35.11,32.82,34,51896,51896,0.25,0.741,34.0122,"Jan 25, 16",0.13333333333333333
2016-01-26,34,34.1,30.39,34.04,56272,56272,0.04,0.118,33.9092,"Jan 26, 16",0.13466666666666663
2016-01-27,33.925,34,33.27,33.49,71520,71520,-0.55,-1.616,33.7633,"Jan 27, 16",0.1163333333333334
2016-01-28,33.81,34.14,33.11,33.99,81198,81198,0.5,1.493,33.886,"Jan 28, 16",0.13300000000000006
2016-01-29,34,34.27,32.51,34.08,74527,74527,0.09,0.265,33.9209,"Jan 29, 16",0.13599999999999995
2016-02-01,33.83,34.78,32.83,34.4,27481,27481,0.32,0.939,34.4948,"Feb 1, 16",0.1466666666666666
2016-02-02,34.47,35.07,33.33,33.88,21943,21943,-0.52,-1.512,34.1257,"Feb 2, 16",0.1293333333333334
2016-02-03,34.29,34.47,32.95,33.78,13305,13305,-0.1,-0.295,34.0082,"Feb 3, 16",0.12600000000000003
2016-02-04,33.9,34.9,33.06,34.07,27890,27890,0.29,0.858,33.8684,"Feb 4, 16",0.13566666666666669
2016-02-05,33.79,34.67,33.03,33.41,29388,29388,-0.66,-1.937,33.6433,"Feb 5, 16",0.11366666666666655
2016-02-08,33.41,33.87,30.42,32,73574,73574,-1.41,-4.22,31.8032,"Feb 8, 16",0.06666666666666667
2016-02-09,31.89,32.89,31.07,31.72,69650,69650,-0.28,-0.875,31.8712,"Feb 9, 16",0.0573333333333333
2016-02-10,31.92,33.95,31.13,32.28,54429,54429,0.56,1.765,32.9029,"Feb 10, 16",0.07600000000000004
2016-02-11,31.94,32.99,30.01,32.19,48062,48062,-0.09,-0.279,32.1951,"Feb 11, 16",0.07299999999999993
2016-02-12,32.08,32.8999,32,32.2,39604,39604,0.01,0.031,32.2958,"Feb 12, 16",0.07333333333333343
2016-02-16,32,32.3,29.66,29.86,153565,153565,-2.34,-7.267,30.7944,"Feb 16, 16",-0.004666666666666685
2016-02-17,29.91,30.9,28.8,29.45,125462,125462,-0.41,-1.373,29.5249,"Feb 17, 16",-0.018333333333333358
2016-02-18,29.35,29.9699,28.8001,29.15,81676,81676,-0.3,-1.019,29.3989,"Feb 18, 16",-0.02833333333333338
2016-02-19,29.09,29.47,28.69,28.85,68517,68517,-0.3,-1.029,29.137,"Feb 19, 16",-0.03833333333333329
2016-02-22,29.22,29.68,27.84,28.39,136636,136636,-0.46,-1.594,28.7105,"Feb 22, 16",-0.05366666666666665
2016-02-23,28.59,29.38,28.59,29,149709,149709,0.61,2.149,29.0574,"Feb 23, 16",-0.03333333333333333
2016-02-24,28.77,29.38,28.63,29.11,84535,84535,0.11,0.379,29.1055,"Feb 24, 16",-0.029666666666666685
2016-02-25,29.11,30.27,28.3122,29.63,101517,101517,0.52,1.786,29.785,"Feb 25, 16",-0.012333333333333366
2016-02-26,29.48,30.04,29.33,29.55,39972,39972,-0.08,-0.27,29.5868,"Feb 26, 16",-0.014999999999999977
2016-02-29,29.51,31.4999,29.51,30.5,61875,61875,0.95,3.215,30.5164,"Feb 29, 16",0.016666666666666666
2016-03-01,30.65,31.29,30,30.49,63310,63310,-0.01,-0.033,30.7454,"Mar 1, 16",0.01633333333333328
2016-03-02,30.4,30.98,29.01,29.99,65165,65165,-0.5,-1.64,30.3345,"Mar 2, 16",-0.0003333333333333854
2016-03-03,29.95,30.41,29.68,29.97,41392,41392,-0.02,-0.067,29.9818,"Mar 3, 16",-0.001000000000000038
2016-03-04,30.05,30.94,29.95,30.28,28466,28466,0.31,1.034,30.2697,"Mar 4, 16",0.00933333333333337
2016-03-07,30.32,31,29.75,30.03,67981,67981,-0.25,-0.826,30.3115,"Mar 7, 16",0.001000000000000038
2016-03-08,29.85,30.97,29.8,29.98,84940,84940,-0.05,-0.167,30.3369,"Mar 8, 16",-0.0006666666666666524
2016-03-09,30.27,30.93,30.15,30.27,32269,32269,0.29,0.967,30.6287,"Mar 9, 16",0.008999999999999985
2016-03-10,30.43,31.41,30.116,30.28,39830,39830,0.01,0.033,30.6453,"Mar 10, 16",0.00933333333333337
2016-03-11,30.3,31.4099,30.3,30.99,32471,32471,0.71,2.345,30.8873,"Mar 11, 16",0.032999999999999946
2016-03-14,30.96,31.89,30.75,30.99,54887,54887,0,0,31.3087,"Mar 14, 16",0.032999999999999946
2016-03-15,31.05,31.81,30.59,30.91,34057,34057,-0.08,-0.258,31.0939,"Mar 15, 16",0.030333333333333337
2016-03-16,30.58,31.33,30.3601,30.79,18698,18698,-0.12,-0.388,30.8777,"Mar 16, 16",0.026333333333333306
2016-03-17,30.88,31.34,30.5,31.13,62458,62458,0.34,1.104,30.9456,"Mar 17, 16",0.03766666666666663
2016-03-18,30.99,31.3799,30.9,31,76516,76516,-0.13,-0.418,31.0725,"Mar 18, 16",0.03333333333333333
2016-03-21,31.26,31.36,30.6901,30.91,18721,18721,-0.09,-0.29,30.9744,"Mar 21, 16",0.030333333333333337
2016-03-22,30.82,31.4,30.78,30.99,75125,75125,0.08,0.259,31.125,"Mar 22, 16",0.032999999999999946
2016-03-23,30.84,31.4,30.515,30.94,28418,28418,-0.05,-0.161,31.0334,"Mar 23, 16",0.03133333333333337
2016-03-24,30.95,31.3,30.67,30.96,47571,47571,0.02,0.065,31.0434,"Mar 24, 16",0.03200000000000003
2016-03-28,30.81,31.37,30.55,31,39029,39029,0.04,0.129,30.8201,"Mar 28, 16",0.03333333333333333
2016-03-29,30.85,31.31,30.535,30.81,64676,64676,-0.19,-0.613,30.9809,"Mar 29, 16",0.026999999999999958
2016-03-30,30.93,32.05,30.93,31.85,41158,41158,1.04,3.376,31.4724,"Mar 30, 16",0.06166666666666672
2016-03-31,32,32.09,31.18,31.5,55376,55376,-0.35,-1.099,31.7506,"Mar 31, 16",0.05
2016-04-01,31.33,31.9199,31.01,31.24,41363,41363,-0.26,-0.825,31.4449,"Apr 1, 16",0.041333333333333284
2016-04-04,31.14,32.04,31,31.19,83317,83317,-0.05,-0.16,31.2764,"Apr 4, 16",0.03966666666666671
2016-04-05,31.1,31.83,30.46,30.96,41463,41463,-0.23,-0.737,31.126,"Apr 5, 16",0.03200000000000003
2016-04-06,30.99,32.05,30.99,31.18,86335,86335,0.22,0.711,31.5207,"Apr 6, 16",0.039333333333333324
2016-04-07,31.2,32.38,30.64,31.92,39194,39194,0.74,2.373,31.7575,"Apr 7, 16",0.06400000000000006
2016-04-08,32.11,32.4,30.747,31.59,45694,45694,-0.33,-1.034,31.5218,"Apr 8, 16",0.053
2016-04-11,31.6,32.07,30.88,31.98,28643,28643,0.39,1.235,31.761,"Apr 11, 16",0.06600000000000002
2016-04-12,31.88,31.99,31.25,31.92,31549,31549,-0.06,-0.188,31.7536,"Apr 12, 16",0.06400000000000006
2016-04-13,31.91,32.2,31.63,32.03,25867,25867,0.11,0.345,31.9987,"Apr 13, 16",0.06766666666666671
2016-04-14,32.04,32.18,31.74,32,17306,17306,-0.03,-0.094,32.0598,"Apr 14, 16",0.06666666666666667
2016-04-15,32,32.285,31.205,32.23,30238,30238,0.23,0.719,32.1738,"Apr 15, 16",0.07433333333333322
2016-04-18,32.06,32.44,31.88,32.3,32466,32466,0.07,0.217,32.1781,"Apr 18, 16",0.07666666666666658
2016-04-19,32.3,32.34,32.01,32.17,23347,23347,-0.13,-0.402,32.1523,"Apr 19, 16",0.07233333333333339
2016-04-20,32.15,32.64,32.15,32.54,69564,69564,0.37,1.15,32.5033,"Apr 20, 16",0.08466666666666664
2016-04-21,32.58,32.58,31.1401,32.02,34120,34120,-0.52,-1.598,31.9491,"Apr 21, 16",0.06733333333333344
2016-04-22,31.9,32.27,31.43,32.14,34972,34972,0.12,0.375,31.9877,"Apr 22, 16",0.07133333333333335
2016-04-25,31.8064,32.25,31.61,31.86,47086,47086,-0.28,-0.871,31.9177,"Apr 25, 16",0.06199999999999998
2016-04-26,31.92,32.5,31.54,32,83621,83621,0.14,0.439,32.0134,"Apr 26, 16",0.06666666666666667
2016-04-27,31.86,32.51,31.66,32.17,27352,27352,0.17,0.531,32.1256,"Apr 27, 16",0.07233333333333339
2016-04-28,31.85,32.5,31.85,32.32,17240,17240,0.15,0.466,32.2769,"Apr 28, 16",0.07733333333333334
2016-04-29,32.39,32.57,32.02,32.56,26944,26944,0.24,0.743,32.4189,"Apr 29, 16",0.08533333333333341
2016-05-02,32.49,32.58,32.1419,32.36,32748,32748,-0.2,-0.614,32.3941,"May 2, 16",0.07866666666666665
2016-05-03,32.21,32.55,31.94,32.49,40168,40168,0.13,0.402,32.2674,"May 3, 16",0.08300000000000006
2016-05-04,32.29,32.6,32.11,32.54,55651,55651,0.05,0.154,32.4662,"May 4, 16",0.08466666666666664
2016-05-05,32.61,32.61,32.22,32.45,28680,28680,-0.09,-0.277,32.4616,"May 5, 16",0.08166666666666676
2016-05-06,32.29,32.5,32.2,32.46,28386,28386,0.01,0.031,32.4236,"May 6, 16",0.08200000000000003
2016-05-09,32.31,32.6,32.31,32.38,39787,39787,-0.08,-0.246,32.5012,"May 9, 16",0.07933333333333342
2016-05-10,32.59,32.59,32.44,32.55,47056,47056,0.17,0.525,32.5148,"May 10, 16",0.08499999999999991
2016-05-11,32.61,33,32.49,32.84,28616,28616,0.29,0.891,32.8778,"May 11, 16",0.09466666666666677
2016-05-12,33,33,31.84,32.28,21431,21431,-0.56,-1.705,32.5993,"May 12, 16",0.07600000000000004
2016-05-13,32.06,32.985,31.8301,32.95,43951,43951,0.67,2.076,32.6573,"May 13, 16",0.09833333333333343
2016-05-16,32.96,33.43,32.57,33.03,42857,42857,0.08,0.243,32.9564,"May 16, 16",0.10100000000000003
2016-05-17,32.1455,32.94,32.1455,32.34,36271,36271,-0.69,-2.089,32.5642,"May 17, 16",0.07800000000000011
2016-05-18,32.16,32.7,32.03,32.26,45019,45019,-0.08,-0.247,32.2755,"May 18, 16",0.07533333333333327
2016-05-19,32.08,32.71,31.49,32.3,42417,42417,0.04,0.124,32.1929,"May 19, 16",0.07666666666666658
2016-05-20,32.4,32.94,31.9,32.51,38212,38212,0.21,0.65,32.5753,"May 20, 16",0.0836666666666666
2016-05-23,32.42,32.93,32.16,32.58,36980,36980,0.07,0.215,32.4864,"May 23, 16",0.08599999999999994
2016-05-24,32.49,33.49,32.4,33.39,50002,50002,0.81,2.486,33.0853,"May 24, 16",0.11300000000000002
2016-05-25,33.27,34.73,32.84,33.89,53446,53446,0.5,1.497,33.8531,"May 25, 16",0.12966666666666668
2016-05-26,34.06,34.4099,33.18,33.74,34801,34801,-0.15,-0.443,33.8827,"May 26, 16",0.12466666666666673
2016-05-27,33.74,34.53,33.74,34.3,33394,33394,0.56,1.66,34.3807,"May 27, 16",0.14333333333333323
2016-05-31,34.15,34.5,33.1,33.44,149846,149846,-0.86,-2.507,33.6343,"May 31, 16",0.1146666666666666
2016-06-01,33.45,34.025,33.32,33.85,48977,48977,0.41,1.226,33.6484,"Jun 1, 16",0.12833333333333338
2016-06-02,33.72,34.14,33.22,33.84,33029,33029,-0.01,-0.03,33.7081,"Jun 2, 16",0.1280000000000001
2016-06-03,33.93,34.32,32.58,33.94,58904,58904,0.1,0.296,33.4115,"Jun 3, 16",0.13133333333333325
2016-06-06,33.5,34.64,33.31,34.47,86894,86894,0.53,1.562,34.2577,"Jun 6, 16",0.14899999999999997
2016-06-07,34.34,34.875,33.65,34.44,75726,75726,-0.03,-0.087,34.3931,"Jun 7, 16",0.14799999999999994
2016-06-08,34.16,34.84,33.955,34.59,39321,39321,0.15,0.436,34.5911,"Jun 8, 16",0.1530000000000001
2016-06-09,35.05,35.9631,32.46,33.55,99402,99402,-1.04,-3.007,33.9169,"Jun 9, 16",0.11833333333333323
2016-06-10,33.35,33.57,32.75,33.1,49018,49018,-0.45,-1.341,33.1704,"Jun 10, 16",0.10333333333333337
2016-06-13,33.19,33.19,31.64,32.01,137835,137835,-1.09,-3.293,32.1455,"Jun 13, 16",0.06699999999999993
2016-06-14,32.23,32.87,31.96,32.79,72046,72046,0.78,2.437,32.2927,"Jun 14, 16",0.09299999999999997
2016-06-15,32.78,33.24,32.27,32.95,71977,71977,0.16,0.488,32.7953,"Jun 15, 16",0.09833333333333343
2016-06-16,32.71,33.56,32.425,33.36,83580,83580,0.41,1.244,33.1522,"Jun 16, 16",0.11199999999999997
2016-06-17,33.2,33.99,32.5,33.09,94910,94910,-0.27,-0.809,33.14,"Jun 17, 16",0.10300000000000012
2016-06-20,33.71,34.8285,33.71,34.17,139027,139027,1.08,3.264,34.3237,"Jun 20, 16",0.13900000000000007
2016-06-21,34.38,34.38,30.41,33.13,74486,74486,-1.04,-3.044,33.2032,"Jun 21, 16",0.10433333333333342
2016-06-22,33.55,33.85,32.08,33.38,94805,94805,0.25,0.755,33.1551,"Jun 22, 16",0.11266666666666675
2016-06-23,33.4,34.71,32.7,34.04,152234,152234,0.66,1.977,34.247,"Jun 23, 16",0.13466666666666663
2016-06-24,33.47,33.92,32.15,32.57,1769227,1769227,-1.47,-4.318,32.6492,"Jun 24, 16",0.08566666666666668
2016-06-27,32.56,32.56,30.03,31.05,161521,161521,-1.52,-4.667,30.897,"Jun 27, 16",0.035000000000000024
2016-06-28,31.23,31.62,30.855,31.09,92815,92815,0.04,0.129,31.133,"Jun 28, 16",0.03633333333333333
2016-06-29,31.17,31.73,30.88,31.6,74533,74533,0.51,1.64,31.3414,"Jun 29, 16",0.05333333333333338
2016-06-30,31.9,32.62,31.055,32.61,66184,66184,1.01,3.196,32.2011,"Jun 30, 16",0.08699999999999998
2016-07-01,32.61,33.23,32.03,32.54,27908,27908,-0.07,-0.215,32.6314,"Jul 1, 16",0.08466666666666664
2016-07-05,33.325,33.325,31.8,32.28,66939,66939,-0.26,-0.799,32.2127,"Jul 5, 16",0.07600000000000004
2016-07-06,32.21,32.57,31.78,32.06,99929,99929,-0.22,-0.682,31.9666,"Jul 6, 16",0.06866666666666674
2016-07-07,31.91,32.86,31.7,32.24,62470,62470,0.18,0.561,32.2557,"Jul 7, 16",0.07466666666666673
2016-07-08,32.39,33.64,32.39,33.39,77059,77059,1.15,3.567,33.3176,"Jul 8, 16",0.11300000000000002
2016-07-11,33.75,34.59,33.71,34.03,59571,59571,0.64,1.917,34.1387,"Jul 11, 16",0.13433333333333336
2016-07-12,34.12,34.5,33.8601,34.09,125755,125755,0.06,0.176,34.1253,"Jul 12, 16",0.13633333333333345
2016-07-13,34.11,34.11,33.33,33.69,62730,62730,-0.4,-1.173,33.8308,"Jul 13, 16",0.12299999999999993
2016-07-14,33.92,34.53,33.84,34.29,151635,151635,0.6,1.781,34.3439,"Jul 14, 16",0.14299999999999996
2016-07-15,34.59,34.73,33.7,34.5,172774,172774,0.21,0.612,34.5528,"Jul 15, 16",0.15
2016-07-18,34.64,34.64,34.175,34.49,67445,67445,-0.01,-0.029,34.4507,"Jul 18, 16",0.14966666666666673
2016-07-19,34.32,34.5,34.11,34.3,65719,65719,-0.19,-0.551,34.3845,"Jul 19, 16",0.14333333333333323
2016-07-20,33.345,34.5,33.345,34.42,33704,33704,0.12,0.35,34.4099,"Jul 20, 16",0.1473333333333334
2016-07-21,34.26,34.86,34.26,34.41,336821,336821,-0.01,-0.029,34.4922,"Jul 21, 16",0.14699999999999988
2016-07-22,34.37,34.5,33.42,33.9,38999,38999,-0.51,-1.482,33.888,"Jul 22, 16",0.12999999999999995
2016-07-25,34.53,34.8166,33.73,34.04,99616,99616,0.14,0.413,34.0523,"Jul 25, 16",0.13466666666666663
2016-07-26,34.11,34.63,34.11,34.4,87904,87904,0.36,1.058,34.403,"Jul 26, 16",0.1466666666666666
2016-07-27,34.448,34.745,34.06,34.49,71372,71372,0.09,0.262,34.4715,"Jul 27, 16",0.14966666666666673
2016-07-28,34.76,34.76,33.9,34.17,90517,90517,-0.32,-0.928,34.113,"Jul 28, 16",0.13900000000000007
2016-07-29,33.9,34.22,33.86,33.93,120847,120847,-0.24,-0.702,34.087,"Jul 29, 16",0.13099999999999998
2016-08-01,33.94,34.01,33.73,33.95,39192,39192,0.02,0.059,33.9251,"Aug 1, 16",0.13166666666666677
2016-08-02,33.96,34.23,33.51,33.8,107759,107759,-0.15,-0.442,33.8768,"Aug 2, 16",0.12666666666666657
2016-08-03,33.5,33.65,33.33,33.53,21026,21026,-0.27,-0.799,33.4746,"Aug 3, 16",0.11766666666666671
2016-08-04,33.54,33.69,33.26,33.66,32108,32108,0.13,0.388,33.5603,"Aug 4, 16",0.12199999999999989
2016-08-05,33.7,34.4013,33.68,34.01,30667,30667,0.35,1.04,33.9866,"Aug 5, 16",0.1336666666666666
2016-08-08,34.08,34.08,33.77,34.03,25663,25663,0.02,0.059,33.9776,"Aug 8, 16",0.13433333333333336
2016-08-09,34.01,34.01,33.82,33.93,48050,48050,-0.1,-0.294,33.8762,"Aug 9, 16",0.13099999999999998
2016-08-10,33.98,34.01,33.7901,33.91,46267,46267,-0.02,-0.059,33.8779,"Aug 10, 16",0.13033333333333322
2016-08-11,33.86,34.01,33.85,33.98,50718,50718,0.07,0.206,33.9574,"Aug 11, 16",0.13266666666666657
2016-08-12,33.98,34.17,33.8,33.82,58774,58774,-0.16,-0.471,33.889,"Aug 12, 16",0.12733333333333335
2016-08-15,33.53,33.69,32.66,32.87,78997,78997,-0.95,-2.809,32.9604,"Aug 15, 16",0.09566666666666658
2016-08-16,32.77,32.8674,32.12,32.29,168746,168746,-0.58,-1.765,32.3969,"Aug 16, 16",0.07633333333333331
2016-08-17,32.1,32.29,31.16,31.25,119075,119075,-1.04,-3.221,31.5052,"Aug 17, 16",0.041666666666666664
2016-08-18,31.33,31.33,30.76,30.98,61854,61854,-0.27,-0.864,30.9294,"Aug 18, 16",0.032666666666666684
2016-08-19,30.98,31.34,30.94,31.24,102825,102825,0.26,0.839,31.1613,"Aug 19, 16",0.041333333333333284
2016-08-22,31.24,32.35,31.14,31.99,111955,111955,0.75,2.401,31.6108,"Aug 22, 16",0.06633333333333329
2016-08-23,32.38,32.47,31.99,32.1,51794,51794,0.11,0.344,32.1069,"Aug 23, 16",0.07000000000000005
2016-08-24,32.29,32.58,31.76,32.07,32021,32021,-0.03,-0.093,32.051,"Aug 24, 16",0.069
2016-08-25,31.91,32.04,31.56,31.91,32955,32955,-0.16,-0.499,31.8251,"Aug 25, 16",0.06366666666666668
2016-08-26,32.06,32.61,31.922,32.11,57912,57912,0.2,0.627,32.1889,"Aug 26, 16",0.07033333333333332
2016-08-29,32.18,32.48,31.96,32.32,111706,111706,0.21,0.654,32.2974,"Aug 29, 16",0.07733333333333334
2016-08-30,32.5,32.58,32.3,32.36,39589,39589,0.04,0.124,32.4251,"Aug 30, 16",0.07866666666666665
2016-08-31,32.34,32.655,32.16,32.28,46577,46577,-0.08,-0.247,32.2867,"Aug 31, 16",0.07600000000000004
2016-09-01,32.38,32.39,32.05,32.32,28502,28502,0.04,0.124,32.2297,"Sep 1, 16",0.07733333333333334
2016-09-02,32.51,32.552,32.27,32.4,44228,44228,0.08,0.248,32.3773,"Sep 2, 16",0.07999999999999995
2016-09-06,32.44,32.5,32.16,32.27,67219,67219,-0.13,-0.401,32.2821,"Sep 6, 16",0.07566666666666677
2016-09-07,32.31,32.46,32.09,32.38,57817,57817,0.11,0.341,32.3492,"Sep 7, 16",0.07933333333333342
2016-09-08,32.3,32.61,32.12,32.39,96176,96176,0.01,0.031,32.407,"Sep 8, 16",0.07966666666666669
2016-09-09,32.16,32.26,31.75,31.88,105619,105619,-0.51,-1.575,31.9997,"Sep 9, 16",0.06266666666666663
2016-09-12,31.71,31.93,31.32,31.86,79588,79588,-0.02,-0.063,31.7158,"Sep 12, 16",0.06199999999999998
2016-09-13,31.63,31.855,31.44,31.62,70742,70742,-0.24,-0.753,31.657,"Sep 13, 16",0.054000000000000034
2016-09-14,31.7,31.84,31.475,31.74,60881,60881,0.12,0.38,31.6462,"Sep 14, 16",0.05799999999999995
2016-09-15,31.44,31.81,31.32,31.55,53986,53986,-0.19,-0.599,31.5441,"Sep 15, 16",0.05166666666666669
2016-09-16,31.6,31.79,31.4,31.75,69237,69237,0.2,0.634,31.6558,"Sep 16, 16",0.058333333333333334
2016-09-19,31.85,32.09,31.67,32.06,61088,61088,0.31,0.976,31.964,"Sep 19, 16",0.06866666666666674
2016-09-20,32.12,32.32,31.94,32.01,34468,34468,-0.05,-0.156,32.0514,"Sep 20, 16",0.06699999999999993
2016-09-21,32.13,32.25,31.94,32.24,134452,134452,0.23,0.719,32.0715,"Sep 21, 16",0.07466666666666673
2016-09-22,32.21,32.79,32.09,32.76,113736,113736,0.52,1.613,32.5477,"Sep 22, 16",0.09199999999999993
2016-09-23,32.65,32.915,32.54,32.63,44325,44325,-0.13,-0.397,32.7004,"Sep 23, 16",0.08766666666666675
2016-09-26,32.57,32.8,32.24,32.25,28894,28894,-0.38,-1.165,32.3539,"Sep 26, 16",0.075
2016-09-27,32.26,32.5,32.07,32.25,55922,55922,0,0,32.2666,"Sep 27, 16",0.075
2016-09-28,32.34,32.77,32.1,32.5,76475,76475,0.25,0.775,32.3826,"Sep 28, 16",0.08333333333333333
2016-09-29,32.59,32.71,31.94,32.1,68143,68143,-0.4,-1.231,32.2313,"Sep 29, 16",0.07000000000000005
2016-09-30,32.24,32.82,32.21,32.39,54689,54689,0.29,0.903,32.4007,"Sep 30, 16",0.07966666666666669
2016-10-03,32.26,32.44,32.01,32.17,24507,24507,-0.22,-0.679,32.226,"Oct 3, 16",0.07233333333333339
2016-10-04,32.13,32.265,31.685,31.98,124529,124529,-0.19,-0.591,32.0204,"Oct 4, 16",0.06600000000000002
2016-10-05,31.94,32.3999,31.94,32.11,32437,32437,0.13,0.407,32.2022,"Oct 5, 16",0.07033333333333332
2016-10-06,31.735,32.28,31.735,32.15,23835,23835,0.04,0.125,32.0946,"Oct 6, 16",0.07166666666666661
2016-10-07,32.03,32.0769,31.475,31.65,37760,37760,-0.5,-1.555,31.6652,"Oct 7, 16",0.05499999999999995
2016-10-10,31.85,32.1,31.75,32,29802,29802,0.35,1.106,31.9715,"Oct 10, 16",0.06666666666666667
2016-10-11,31.85,31.85,31.55,31.6,30074,30074,-0.4,-1.25,31.6019,"Oct 11, 16",0.05333333333333338
2016-10-12,31.75,31.8,31.6,31.75,14175,14175,0.15,0.475,31.697,"Oct 12, 16",0.058333333333333334
2016-10-13,31.5,31.8,31.3,31.65,132539,132539,-0.1,-0.315,31.7219,"Oct 13, 16",0.05499999999999995
2016-10-14,31.85,32.05,31.5,31.65,56579,56579,0,0,31.6543,"Oct 14, 16",0.05499999999999995
2016-10-17,31.5,31.6,31.2,31.5,31450,31450,-0.15,-0.474,31.4431,"Oct 17, 16",0.05
2016-10-18,31.65,31.65,31.4,31.55,31869,31869,0.05,0.159,31.5021,"Oct 18, 16",0.05166666666666669
2016-10-19,31.65,31.65,31.125,31.35,29066,29066,-0.2,-0.634,31.363,"Oct 19, 16",0.04500000000000005
2016-10-20,31.2,31.45,31,31.15,21491,21491,-0.2,-0.638,31.2303,"Oct 20, 16",0.03833333333333329
2016-10-21,30.9,30.9,30.7,30.75,96519,96519,-0.4,-1.284,30.7765,"Oct 21, 16",0.025
2016-10-24,30.95,31.1,30.75,30.85,18157,18157,0.1,0.325,30.9102,"Oct 24, 16",0.02833333333333338
2016-10-25,30.7,30.825,30.35,30.7,19866,19866,-0.15,-0.486,30.5977,"Oct 25, 16",0.02333333333333331
2016-10-26,30.65,30.8,30.35,30.5,28753,28753,-0.2,-0.651,30.5539,"Oct 26, 16",0.016666666666666666
2016-10-27,30.5,30.6,30.35,30.35,30137,30137,-0.15,-0.492,30.4376,"Oct 27, 16",0.011666666666666714
2016-10-28,30.3,30.45,30.15,30.3,22731,22731,-0.05,-0.165,30.3249,"Oct 28, 16",0.010000000000000024
2016-10-31,30.05,31.15,29.925,30.95,142404,142404,0.65,2.145,30.7948,"Oct 31, 16",0.03166666666666664
2016-11-01,30.8,30.8,29.95,29.95,40442,40442,-1,-3.231,30.1648,"Nov 1, 16",-0.0016666666666666904
2016-11-02,30.15,30.15,29.75,29.8,46698,46698,-0.15,-0.501,29.915,"Nov 2, 16",-0.006666666666666643
2016-11-03,30,30,29.25,29.25,45219,45219,-0.55,-1.846,29.4613,"Nov 3, 16",-0.025
2016-11-04,29.5,30,29.35,29.35,32762,32762,0.1,0.342,29.5208,"Nov 4, 16",-0.02166666666666662
2016-11-07,29.85,30.05,29.75,29.85,42269,42269,0.5,1.704,29.9005,"Nov 7, 16",-0.004999999999999952
2016-11-08,29.75,30.4,29.6,29.8,58352,58352,-0.05,-0.168,29.9041,"Nov 8, 16",-0.006666666666666643
2016-11-09,29.7,30.15,29.7,29.9,173375,173375,0.1,0.336,29.8927,"Nov 9, 16",-0.003333333333333381
2016-11-10,30.2,31.6,29.5,31,218305,218305,1.1,3.679,30.7314,"Nov 10, 16",0.03333333333333333
2016-11-11,32.4,34.3,29.9,33.65,287947,287947,2.65,8.548,33.0057,"Nov 11, 16",0.12166666666666662
2016-11-14,34.1,34.7,33.3,34.3,223983,223983,0.65,1.932,34.2902,"Nov 14, 16",0.14333333333333323
2016-11-15,34.35,34.9,34,34.7,114932,114932,0.4,1.166,34.5459,"Nov 15, 16",0.15666666666666676
2016-11-16,34.6,34.95,34.4,34.8,159671,159671,0.1,0.288,34.6995,"Nov 16, 16",0.1599999999999999
2016-11-17,34.6,36.05,34.5,35.45,162961,162961,0.65,1.868,35.2292,"Nov 17, 16",0.18166666666666675
2016-11-18,35.55,35.8,35.3,35.6,215494,215494,0.15,0.423,35.5265,"Nov 18, 16",0.1866666666666667
2016-11-21,35.55,36.05,35.55,36.05,56791,56791,0.45,1.264,35.919,"Nov 21, 16",0.20166666666666658
2016-11-22,36.15,36.3,35.5,36.25,122137,122137,0.2,0.555,36.0624,"Nov 22, 16",0.20833333333333334
2016-11-23,36.3,36.55,36.05,36.45,78662,78662,0.2,0.552,36.3646,"Nov 23, 16",0.2150000000000001
2016-11-25,36.6,36.9,36.5,36.85,67124,67124,0.4,1.097,36.7264,"Nov 25, 16",0.2283333333333334
2016-11-28,36.85,36.85,36.2,36.35,84857,84857,-0.5,-1.357,36.3979,"Nov 28, 16",0.21166666666666673
2016-11-29,36.5,36.5,36.1,36.2,91144,91144,-0.15,-0.413,36.3567,"Nov 29, 16",0.20666666666666675
2016-11-30,36.5,36.75,36.1,36.5,179248,179248,0.3,0.829,36.553,"Nov 30, 16",0.21666666666666667
2016-12-01,36.8,36.9,36.6,36.9,152106,152106,0.4,1.096,36.8028,"Dec 1, 16",0.22999999999999995
2016-12-02,36.95,37.0054,36.5,36.55,115323,115323,-0.35,-0.949,36.7368,"Dec 2, 16",0.21833333333333324
2016-12-05,36.8,37.275,36.6,37.2,90230,90230,0.65,1.778,37.0514,"Dec 5, 16",0.2400000000000001
2016-12-06,37.4,38,37,37.55,119599,119599,0.35,0.941,37.5549,"Dec 6, 16",0.2516666666666666
2016-12-07,37.9,38.55,37.35,38.3,127629,127629,0.75,1.997,38.1428,"Dec 7, 16",0.27666666666666656
2016-12-08,38.45,39.25,38.2,38.9,81498,81498,0.6,1.567,38.7923,"Dec 8, 16",0.29666666666666663
2016-12-09,39.1,39.25,37.925,38.75,116477,116477,-0.15,-0.386,38.7235,"Dec 9, 16",0.2916666666666667
2016-12-12,38.5,38.85,37.5,37.5,200037,200037,-1.25,-3.226,38.1348,"Dec 12, 16",0.25
2016-12-13,37.75,38.0073,36.85,37,194363,194363,-0.5,-1.333,37.1965,"Dec 13, 16",0.23333333333333334
2016-12-14,36.75,36.9,36.4,36.55,104525,104525,-0.45,-1.216,36.6707,"Dec 14, 16",0.21833333333333324
2016-12-15,36.6,37.45,36.55,36.8,71173,71173,0.25,0.684,36.9536,"Dec 15, 16",0.22666666666666657
2016-12-16,37,37.65,36.75,36.95,293528,293528,0.15,0.408,37.0045,"Dec 16, 16",0.23166666666666677
2016-12-19,36.95,37.5,36.8,36.9,57131,57131,-0.05,-0.135,37.036,"Dec 19, 16",0.22999999999999995
2016-12-20,37,37.55,36.8,37,101413,101413,0.1,0.271,37.1125,"Dec 20, 16",0.23333333333333334
2016-12-21,37.05,37.7,36.75,36.9,60968,60968,-0.1,-0.27,36.9333,"Dec 21, 16",0.22999999999999995
2016-12-22,36.95,37.3,36.05,36.15,88076,88076,-0.75,-2.033,36.3101,"Dec 22, 16",0.20499999999999996
2016-12-23,36.55,36.6,36.15,36.45,23371,23371,0.3,0.83,36.4072,"Dec 23, 16",0.2150000000000001
2016-12-27,36.4,37.145,36.25,36.5,63178,63178,0.05,0.137,36.6116,"Dec 27, 16",0.21666666666666667
2016-12-28,36.4,37.2,36.35,37.05,96732,96732,0.55,1.507,36.8405,"Dec 28, 16",0.2349999999999999
2016-12-29,37.15,37.4,36.65,36.95,46347,46347,-0.1,-0.27,36.9957,"Dec 29, 16",0.23166666666666677
2016-12-30,36.65,37.1,36.45,36.85,57373,57373,-0.1,-0.271,36.8161,"Dec 30, 16",0.2283333333333334
2017-01-03,37.2,37.65,36.25,36.6,57844,57844,-0.25,-0.678,36.6349,"Jan 3, 17",0.22000000000000006
2017-01-04,36.8,37.25,36.6,37.1,58244,58244,0.5,1.366,36.9619,"Jan 4, 17",0.23666666666666672
2017-01-05,36.9,36.95,36.35,36.9,51729,51729,-0.2,-0.539,36.7649,"Jan 5, 17",0.22999999999999995
2017-01-06,37,37,36.45,36.95,49349,49349,0.05,0.136,36.8149,"Jan 6, 17",0.23166666666666677
2017-01-09,36.75,37,36.25,36.85,56134,56134,-0.1,-0.271,36.6477,"Jan 9, 17",0.2283333333333334
2017-01-10,36.75,37.15,36.6,37.15,58214,58214,0.3,0.814,36.9383,"Jan 10, 17",0.23833333333333329
2017-01-11,37.05,37.85,36.85,37.5,71593,71593,0.35,0.942,37.3388,"Jan 11, 17",0.25
2017-01-12,37.1,37.25,36.3,36.4,34699,34699,-1.1,-2.933,36.5295,"Jan 12, 17",0.2133333333333333
2017-01-13,36.65,37.35,36.65,37.35,48212,48212,0.95,2.61,37.0382,"Jan 13, 17",0.24500000000000005
2017-01-17,36.45,37,36.45,36.95,80227,80227,-0.4,-1.071,36.8127,"Jan 17, 17",0.23166666666666677
2017-01-18,36.95,37.25,36.4,37.15,118243,118243,0.2,0.541,36.9005,"Jan 18, 17",0.23833333333333329
2017-01-19,37.15,37.3,37.025,37.2,100841,100841,0.05,0.135,37.1863,"Jan 19, 17",0.2400000000000001
2017-01-20,37.2,37.55,36.7,36.95,48286,48286,-0.25,-0.672,37.0945,"Jan 20, 17",0.23166666666666677
2017-01-23,37.1,37.1,36.5,36.7,25747,25747,-0.25,-0.677,36.7558,"Jan 23, 17",0.22333333333333344
2017-01-24,36.65,37.55,36.65,37.5,46813,46813,0.8,2.18,37.3401,"Jan 24, 17",0.25
2017-01-25,37.75,38.05,37.6,38.05,36340,36340,0.55,1.467,37.8601,"Jan 25, 17",0.26833333333333326
2017-01-26,38.125,38.6,37.75,37.75,46308,46308,-0.3,-0.788,37.9591,"Jan 26, 17",0.25833333333333336
2017-01-27,38,38,37.3,37.3,17629,17629,-0.45,-1.192,37.4255,"Jan 27, 17",0.24333333333333323
2017-01-30,37.1,37.1,36.15,36.3,68263,68263,-1,-2.681,36.3655,"Jan 30, 17",0.2099999999999999
2017-01-31,36.075,36.55,35.9,36.55,66393,66393,0.25,0.689,36.3058,"Jan 31, 17",0.21833333333333324
2017-02-01,36.65,36.9,36.1,36.25,63723,63723,-0.3,-0.821,36.4021,"Feb 1, 17",0.20833333333333334
2017-02-02,36.2,36.2,35.455,35.7,75354,75354,-0.55,-1.517,35.7337,"Feb 2, 17",0.19000000000000009
2017-02-03,35.8,36.25,35.8,36.2,72112,72112,0.5,1.401,36.0552,"Feb 3, 17",0.20666666666666675
2017-02-06,36.2,36.2,35.8,35.95,67738,67738,-0.25,-0.691,35.9559,"Feb 6, 17",0.19833333333333342
2017-02-07,35.8,36.05,35.1729,35.85,96781,96781,-0.1,-0.278,35.8172,"Feb 7, 17",0.19500000000000003
2017-02-08,35.6,35.9,35.15,35.7,56492,56492,-0.15,-0.418,35.6656,"Feb 8, 17",0.19000000000000009
2017-02-09,35.65,36,35.5,35.85,38473,38473,0.15,0.42,35.8081,"Feb 9, 17",0.19500000000000003
2017-02-10,36.05,37,35.75,36.65,77763,77763,0.8,2.232,36.4149,"Feb 10, 17",0.22166666666666662
2017-02-13,41.7,41.85,36.05,37.1,146572,146572,0.45,1.228,37.5872,"Feb 13, 17",0.23666666666666672
2017-02-14,36.7,37.075,36.2,36.25,69799,69799,-0.85,-2.291,36.451,"Feb 14, 17",0.20833333333333334
2017-02-15,36.15,36.8,35.35,36.7,98435,98435,0.45,1.241,36.227,"Feb 15, 17",0.22333333333333344
2017-02-16,36.95,36.95,36.45,36.85,37696,37696,0.15,0.409,36.7365,"Feb 16, 17",0.2283333333333334
2017-02-17,36.95,36.95,36.45,36.75,50788,50788,-0.1,-0.271,36.7125,"Feb 17, 17",0.225
2017-02-21,36.8,37.1,36.65,37.1,67316,67316,0.35,0.952,36.9847,"Feb 21, 17",0.23666666666666672
2017-02-22,36.85,37.1,36.75,36.95,35843,35843,-0.15,-0.404,36.8912,"Feb 22, 17",0.23166666666666677
2017-02-23,37.15,37.275,36.75,36.85,40607,40607,-0.1,-0.271,37.0013,"Feb 23, 17",0.2283333333333334
2017-02-24,36.75,37.15,36.6,37,45370,45370,0.15,0.407,36.7908,"Feb 24, 17",0.23333333333333334
2017-02-27,37.2,37.45,36.95,37.4,45743,45743,0.4,1.081,37.2834,"Feb 27, 17",0.24666666666666662
2017-02-28,37.6,37.6,36.95,37.1,56891,56891,-0.3,-0.802,37.2329,"Feb 28, 17",0.23666666666666672
2017-03-01,37.45,37.9,37.3,37.6,100865,100865,0.5,1.348,37.5684,"Mar 1, 17",0.25333333333333335
2017-03-02,37.2,37.4,36.65,36.8,30555,30555,-0.8,-2.128,36.8951,"Mar 2, 17",0.22666666666666657
2017-03-03,36.7,37.3,36.25,36.95,30354,30354,0.15,0.408,36.8076,"Mar 3, 17",0.23166666666666677
2017-03-06,34.9,36.9,34.5896,36.15,68709,68709,-0.8,-2.165,36.0987,"Mar 6, 17",0.20499999999999996
2017-03-07,36.25,36.45,36,36.1,61214,61214,-0.05,-0.138,36.1568,"Mar 7, 17",0.2033333333333334
2017-03-08,36.2,36.25,35.55,35.8,27158,27158,-0.3,-0.831,35.8451,"Mar 8, 17",0.19333333333333325
2017-03-09,35.75,36.05,35.4,35.4,34585,34585,-0.4,-1.117,35.7272,"Mar 9, 17",0.17999999999999997
2017-03-10,35.6,36,35.4,35.8,29662,29662,0.4,1.13,35.6333,"Mar 10, 17",0.19333333333333325
2017-03-13,35.65,35.7,35.25,35.55,49314,49314,-0.25,-0.698,35.4241,"Mar 13, 17",0.18499999999999991
2017-03-14,35.35,35.95,35.3,35.75,32364,32364,0.2,0.563,35.6416,"Mar 14, 17",0.19166666666666668
2017-03-15,35.75,36.25,35.75,36.1,53362,53362,0.35,0.979,36.0221,"Mar 15, 17",0.2033333333333334
2017-03-16,36.3,36.5,36.05,36.2,44273,44273,0.1,0.277,36.213,"Mar 16, 17",0.20666666666666675
2017-03-17,36.05,36.9,36.025,36.55,122294,122294,0.35,0.967,36.3341,"Mar 17, 17",0.21833333333333324
2017-03-20,36.5,36.65,36.15,36.5,29284,29284,-0.05,-0.137,36.4691,"Mar 20, 17",0.21666666666666667
2017-03-21,36.5,36.5,35.35,35.35,23206,23206,-1.15,-3.151,35.6534,"Mar 21, 17",0.17833333333333337
2017-03-22,35.3,35.45,34.85,35.35,52284,52284,0,0,35.1823,"Mar 22, 17",0.17833333333333337
2017-03-23,35.45,36.05,35.3,35.75,29910,29910,0.4,1.132,35.6697,"Mar 23, 17",0.19166666666666668
2017-03-24,35.9,36.05,35.3,35.45,29593,29593,-0.3,-0.839,35.5173,"Mar 24, 17",0.18166666666666675
2017-03-27,34.95,35.45,34.65,35.15,70297,70297,-0.3,-0.846,35.2282,"Mar 27, 17",0.1716666666666666
2017-03-28,35,35.75,34.85,35.65,34321,34321,0.5,1.422,35.465,"Mar 28, 17",0.1883333333333333
2017-03-29,35.65,35.7,35,35.65,30576,30576,0,0,35.4572,"Mar 29, 17",0.1883333333333333
2017-03-30,35.5,36.85,35.5,36.8,44218,44218,1.15,3.226,36.3626,"Mar 30, 17",0.22666666666666657
2017-03-31,36.8,37.1,36.5,36.7,49907,49907,-0.1,-0.272,36.7726,"Mar 31, 17",0.22333333333333344
2017-04-03,36.75,36.75,35.775,35.95,65296,65296,-0.75,-2.044,35.9867,"Apr 3, 17",0.19833333333333342
2017-04-04,35.7,35.925,35.35,35.6,63591,63591,-0.35,-0.974,35.5783,"Apr 4, 17",0.1866666666666667
2017-04-05,35.75,35.8,35.1,35.4,55498,55498,-0.2,-0.562,35.5206,"Apr 5, 17",0.17999999999999997
2017-04-06,35.35,35.55,34.05,35.3,34146,34146,-0.1,-0.282,35.1767,"Apr 6, 17",0.17666666666666658
2017-04-07,35.3,35.4,34.5,35.15,52800,52800,-0.15,-0.425,35.1558,"Apr 7, 17",0.1716666666666666
2017-04-10,35.4,35.6,35,35.2,31377,31377,0.05,0.142,35.21,"Apr 10, 17",0.17333333333333342
2017-04-11,35.15,35.95,35.1,35.9,46780,46780,0.7,1.989,35.4829,"Apr 11, 17",0.19666666666666663
2017-04-12,35.75,35.75,34.9,35.2,33109,33109,-0.7,-1.95,35.2228,"Apr 12, 17",0.17333333333333342
2017-04-13,35.1,35.35,34.8,34.95,30835,30835,-0.25,-0.71,35.0332,"Apr 13, 17",0.1650000000000001
2017-04-17,35.05,35.2,34.75,35.2,18748,18748,0.25,0.715,34.9547,"Apr 17, 17",0.17333333333333342
2017-04-18,34.95,35.4,34.75,35.05,14618,14618,-0.15,-0.426,34.9732,"Apr 18, 17",0.16833333333333325
2017-04-19,34.75,35.3,34.75,35.2,22898,22898,0.15,0.428,35.1098,"Apr 19, 17",0.17333333333333342
2017-04-20,35.3,35.65,34.9,35.6,17551,17551,0.4,1.136,35.3877,"Apr 20, 17",0.1866666666666667
2017-04-21,35.7,35.9,35.2,35.7,30646,30646,0.1,0.281,35.6239,"Apr 21, 17",0.19000000000000009
2017-04-24,36.25,36.3,35.7,35.8,16856,16856,0.1,0.28,35.9221,"Apr 24, 17",0.19333333333333325
2017-04-25,36.15,36.2,35.85,36,49787,49787,0.2,0.559,36.0087,"Apr 25, 17",0.2
2017-04-26,35.9589,36.3,35.9589,36.2,32293,32293,0.2,0.556,36.232,"Apr 26, 17",0.20666666666666675
2017-04-27,36.35,36.4,35.95,36.1,21641,21641,-0.1,-0.276,36.151,"Apr 27, 17",0.2033333333333334
2017-04-28,36,36,35.2,35.4,58494,58494,-0.7,-1.939,35.4718,"Apr 28, 17",0.17999999999999997
2017-05-01,35.55,35.65,35.05,35.65,33331,33331,0.25,0.706,35.4391,"May 1, 17",0.1883333333333333
2017-05-02,35.55,36.2,35.55,36.1,32362,32362,0.45,1.262,35.9408,"May 2, 17",0.2033333333333334
2017-05-03,35.9,35.95,35.5,35.8,33056,33056,-0.3,-0.831,35.7328,"May 3, 17",0.19333333333333325
2017-05-04,35.75,35.9,35.05,35.25,19629,19629,-0.55,-1.536,35.392,"May 4, 17",0.175
2017-05-05,35.2,35.7,35.1,35.6,25438,25438,0.35,0.993,35.5223,"May 5, 17",0.1866666666666667
2017-05-08,35.6,35.95,35.15,35.45,35371,35371,-0.15,-0.421,35.4512,"May 8, 17",0.18166666666666675
2017-05-09,35.6,35.725,34.85,35.65,48817,48817,0.2,0.564,35.4169,"May 9, 17",0.1883333333333333
2017-05-10,35.5,35.55,35.275,35.4,43155,43155,-0.25,-0.701,35.4224,"May 10, 17",0.17999999999999997
2017-05-11,35.3,35.95,35.1,35.7,28283,28283,0.3,0.847,35.5621,"May 11, 17",0.19000000000000009
2017-05-12,35.55,35.65,35.15,35.4,39672,39672,-0.3,-0.84,35.423,"May 12, 17",0.17999999999999997
2017-05-15,34.97,35.8,34.97,35.6,33129,33129,0.2,0.565,35.6417,"May 15, 17",0.1866666666666667
2017-05-16,35.75,35.75,35.4,35.7,28148,28148,0.1,0.281,35.5232,"May 16, 17",0.19000000000000009
2017-05-17,35.3,35.9,34.85,35.55,148709,148709,-0.15,-0.42,35.4294,"May 17, 17",0.18499999999999991
2017-05-18,35.65,36,35.35,35.65,39579,39579,0.1,0.281,35.6276,"May 18, 17",0.1883333333333333
2017-05-19,35.8,36.2,35.6,35.65,47060,47060,0,0,35.8595,"May 19, 17",0.1883333333333333
2017-05-22,35.85,36.15,35.85,35.95,23205,23205,0.3,0.842,35.9679,"May 22, 17",0.19833333333333342
2017-05-23,36.1,36.15,35.8,35.95,14994,14994,0,0,35.9692,"May 23, 17",0.19833333333333342
2017-05-24,36.2,36.35,35.3,35.5,32049,32049,-0.45,-1.252,36.0913,"May 24, 17",0.18333333333333332
2017-05-25,36,36,35.25,35.35,22935,22935,-0.15,-0.423,35.4693,"May 25, 17",0.17833333333333337
2017-05-26,35.4,35.55,35.2,35.55,16720,16720,0.2,0.566,35.3847,"May 26, 17",0.18499999999999991
2017-05-30,35.35,35.4,34.925,35.35,19337,19337,-0.2,-0.563,35.2259,"May 30, 17",0.17833333333333337
2017-05-31,35.4,35.55,35,35.3,37869,37869,-0.05,-0.141,35.3479,"May 31, 17",0.17666666666666658
2017-06-01,35.5,35.95,35.35,35.85,21080,21080,0.55,1.558,35.7877,"Jun 1, 17",0.19500000000000003
2017-06-02,35.95,36.35,35.9,36,47009,47009,0.15,0.418,36.1635,"Jun 2, 17",0.2
2017-06-05,35.984,36,35.275,35.45,42857,42857,-0.55,-1.528,35.5147,"Jun 5, 17",0.18166666666666675
2017-06-06,35.15,36.2,34.85,36,97405,97405,0.55,1.551,35.4105,"Jun 6, 17",0.2
2017-06-07,35.95,36.225,35.4,35.8,78590,78590,-0.2,-0.556,36.066,"Jun 7, 17",0.19333333333333325
2017-06-08,35.8,36.35,35.35,36.2,81188,81188,0.4,1.117,36.1776,"Jun 8, 17",0.20666666666666675
2017-06-09,36.2,36.9,36.1,36.7,237369,237369,0.5,1.381,36.2612,"Jun 9, 17",0.22333333333333344
2017-06-12,36.6,37.4,36.4,36.95,44714,44714,0.25,0.681,37.0239,"Jun 12, 17",0.23166666666666677
2017-06-13,38.4,38.4,36.6,36.8,48026,48026,-0.15,-0.406,37.003,"Jun 13, 17",0.22666666666666657
2017-06-14,37.6,40.55,37,39.8,138501,138501,3,8.152,39.5333,"Jun 14, 17",0.32666666666666655
2017-06-15,39.8,40.8,37.7,38,60853,60853,-1.8,-4.523,38.5687,"Jun 15, 17",0.26666666666666666
2017-06-16,37.4,38.15,36.925,37.2,84016,84016,-0.8,-2.105,37.4095,"Jun 16, 17",0.2400000000000001
2017-06-19,37.3,37.6,36.5,37,41064,41064,-0.2,-0.538,37.0285,"Jun 19, 17",0.23333333333333334
2017-06-20,37.15,37.15,36.45,36.45,27467,27467,-0.55,-1.486,36.6602,"Jun 20, 17",0.2150000000000001
2017-06-21,36.35,36.55,36.1,36.45,53199,53199,0,0,36.355,"Jun 21, 17",0.2150000000000001
2017-06-22,36.45,36.85,36.1,36.7,35265,35265,0.25,0.686,36.5036,"Jun 22, 17",0.22333333333333344
2017-06-23,36.75,37.2,36.45,36.9,259493,259493,0.2,0.545,36.904,"Jun 23, 17",0.22999999999999995
2017-06-26,37.2,37.9,36.8,37.55,53349,53349,0.65,1.762,37.3531,"Jun 26, 17",0.2516666666666666
2017-06-27,37.35,38.3,37,37.85,47105,47105,0.3,0.799,37.7715,"Jun 27, 17",0.2616666666666667
2017-06-28,38.05,38.95,37.9,38.9,53819,53819,1.05,2.774,38.6742,"Jun 28, 17",0.29666666666666663
2017-06-29,38.8,39.15,38.05,38.95,51794,51794,0.05,0.129,38.6435,"Jun 29, 17",0.29833333333333345
2017-06-30,38.95,39.05,37.8433,38.65,50324,50324,-0.3,-0.77,38.7479,"Jun 30, 17",0.2883333333333333
2017-07-03,39,40,38.25,39.1,24784,24784,0.45,1.164,38.9751,"Jul 3, 17",0.3033333333333334
2017-07-05,39.1,39.35,38.65,39.2,60448,60448,0.1,0.256,39.0794,"Jul 5, 17",0.30666666666666675
2017-07-06,39.05,39.3,38.95,39.1,49045,49045,-0.1,-0.255,39.0558,"Jul 6, 17",0.3033333333333334
2017-07-07,39.5,40.25,39.2,40.25,104242,104242,1.15,2.941,39.8058,"Jul 7, 17",0.3416666666666667
2017-07-10,40.1,40.55,39,39.05,71355,71355,-1.2,-2.981,40.1182,"Jul 10, 17",0.3016666666666666
2017-07-11,39,39.55,38.5,39.05,34788,34788,0,0,38.9288,"Jul 11, 17",0.3016666666666666
2017-07-12,39.25,39.55,38.8,39.45,34059,34059,0.4,1.024,39.246,"Jul 12, 17",0.3150000000000001
2017-07-13,39.4,39.9,39.075,39.8,26362,26362,0.35,0.887,39.4478,"Jul 13, 17",0.32666666666666655
2017-07-14,39.7,40.3,39.45,39.55,48014,48014,-0.25,-0.628,39.8585,"Jul 14, 17",0.31833333333333325
2017-07-17,39.55,40.3,39.3,39.65,31079,31079,0.1,0.253,39.88,"Jul 17, 17",0.3216666666666666
2017-07-18,39.55,39.85,39.2,39.4,34275,34275,-0.25,-0.631,39.5038,"Jul 18, 17",0.3133333333333333
2017-07-19,39.45,40.35,39.05,39.65,23467,23467,0.25,0.635,39.5782,"Jul 19, 17",0.3216666666666666
2017-07-20,39.65,39.95,39.21,39.65,18422,18422,0,0,39.638,"Jul 20, 17",0.3216666666666666
2017-07-21,39.95,40.1,39.15,39.25,62983,62983,-0.4,-1.009,39.5203,"Jul 21, 17",0.30833333333333335
2017-07-24,39.4,40.3,39.05,39.2,34445,34445,-0.05,-0.127,39.3079,"Jul 24, 17",0.30666666666666675
2017-07-25,39.55,39.85,39.0135,39.5,56401,56401,0.3,0.765,39.5848,"Jul 25, 17",0.31666666666666665
2017-07-26,39.4,39.5,39.05,39.15,30450,30450,-0.35,-0.886,39.1462,"Jul 26, 17",0.30499999999999994
2017-07-27,39.2,39.2,38.75,38.85,30101,30101,-0.3,-0.766,38.8725,"Jul 27, 17",0.29500000000000004
2017-07-28,39.55,39.55,38.65,38.8,28828,28828,-0.05,-0.129,38.8051,"Jul 28, 17",0.2933333333333332
2017-07-31,38.95,39.15,38.5,39.05,31130,31130,0.25,0.644,38.9317,"Jul 31, 17",0.3016666666666666
2017-08-01,39.25,39.6,39.2,39.45,24014,24014,0.4,1.024,39.4096,"Aug 1, 17",0.3150000000000001
2017-08-02,38.55,39,38.4,38.85,48793,48793,-0.6,-1.521,38.7682,"Aug 2, 17",0.29500000000000004
2017-08-03,38.8,38.9,38.4,38.6,35413,35413,-0.25,-0.644,38.5791,"Aug 3, 17",0.28666666666666674
2017-08-04,38.9,38.9501,38.225,38.6,29949,29949,0,0,38.6213,"Aug 4, 17",0.28666666666666674
2017-08-07,38.5,38.65,37.8,38.3,34192,34192,-0.3,-0.777,38.317,"Aug 7, 17",0.27666666666666656
2017-08-08,38.1,38.55,38.1,38.4,55356,55356,0.1,0.261,38.3877,"Aug 8, 17",0.27999999999999997
2017-08-09,40,40.45,38.05,39.95,69921,69921,1.55,4.036,39.5115,"Aug 9, 17",0.3316666666666668
2017-08-10,39.9,40.05,38.75,39.45,57827,57827,-0.5,-1.252,39.3296,"Aug 10, 17",0.3150000000000001
2017-08-11,39.4,39.85,39,39.35,34903,34903,-0.1,-0.253,39.3437,"Aug 11, 17",0.3116666666666667
2017-08-14,39.65,40.45,39.35,40.4,49551,49551,1.05,2.668,39.9365,"Aug 14, 17",0.3466666666666666
2017-08-15,40.45,40.9,40.35,40.45,53853,53853,0.05,0.124,40.6288,"Aug 15, 17",0.34833333333333344
2017-08-16,40.58,40.75,39.55,39.95,40132,40132,-0.5,-1.236,39.9807,"Aug 16, 17",0.3316666666666668
2017-08-17,39.65,39.8,39.05,39.2,31470,31470,-0.75,-1.877,39.3501,"Aug 17, 17",0.30666666666666675
2017-08-18,39,39.65,39,39.4,27913,27913,0.2,0.51,39.2837,"Aug 18, 17",0.3133333333333333
2017-08-21,39.2,39.45,39.05,39.3,22440,22440,-0.1,-0.254,39.2944,"Aug 21, 17",0.3099999999999999
2017-08-22,39.4,40,39.4,39.8,18670,18670,0.5,1.272,39.764,"Aug 22, 17",0.32666666666666655
2017-08-23,39.5,39.8,39.45,39.65,22235,22235,-0.15,-0.377,39.6434,"Aug 23, 17",0.3216666666666666
2017-08-24,39.7,40,39.1,39.1,24895,24895,-0.55,-1.387,39.3649,"Aug 24, 17",0.3033333333333334
2017-08-25,39.25,39.9,39.1,39.7,36349,36349,0.6,1.535,39.5202,"Aug 25, 17",0.3233333333333334
2017-08-28,40,40.8,39.75,40.7,62260,62260,1,2.519,40.423,"Aug 28, 17",0.35666666666666674
2017-08-29,40.35,40.95,40.05,40.75,28132,28132,0.05,0.123,40.7671,"Aug 29, 17",0.35833333333333334
2017-08-30,40.8,41.6,40.35,41.5,54830,54830,0.75,1.84,41.1399,"Aug 30, 17",0.38333333333333336
2017-08-31,41.4,41.95,41.4,41.85,33935,33935,0.35,0.843,41.743,"Aug 31, 17",0.3950000000000001
2017-09-01,41.9,41.95,41.35,41.65,42192,42192,-0.2,-0.478,41.6925,"Sep 1, 17",0.3883333333333333
2017-09-05,41.75,42.1,40.9,40.95,67215,67215,-0.7,-1.681,41.4542,"Sep 5, 17",0.3650000000000001
2017-09-06,41.3,41.5,41.05,41.4,26546,26546,0.45,1.099,41.2876,"Sep 6, 17",0.37999999999999995
2017-09-07,41.45,41.7,40.825,41.2,44645,44645,-0.2,-0.483,41.3096,"Sep 7, 17",0.3733333333333334
2017-09-08,40.85,41.85,40.55,41.6,50536,50536,0.4,0.971,41.4968,"Sep 8, 17",0.3866666666666667
2017-09-11,41.7,42.2,41.55,42,30861,30861,0.4,0.962,41.9156,"Sep 11, 17",0.4
2017-09-12,42,42.2,41.8,42.1,19100,19100,0.1,0.238,42.0544,"Sep 12, 17",0.4033333333333334
2017-09-13,41.9,42.35,39.4,42,62111,62111,-0.1,-0.238,42.0512,"Sep 13, 17",0.4
2017-09-14,41.7,42.45,41.6,42.15,32900,32900,0.15,0.357,42.1176,"Sep 14, 17",0.40499999999999997
2017-09-15,42.25,42.8,41.5,42.25,153213,153213,0.1,0.237,42.2681,"Sep 15, 17",0.4083333333333333
2017-09-18,42.4,44.15,42.4,43.65,76424,76424,1.4,3.314,43.5545,"Sep 18, 17",0.45499999999999996
2017-09-19,43.65,44.225,43.5,43.7,24988,24988,0.05,0.115,43.799,"Sep 19, 17",0.4566666666666668
2017-09-20,43.8,44.5,43.75,43.75,42995,42995,0.05,0.114,43.9903,"Sep 20, 17",0.4583333333333333
2017-09-21,43.9,44,42.375,43.6,29208,29208,-0.15,-0.343,43.6687,"Sep 21, 17",0.45333333333333337
2017-09-22,43.6,44.25,43.6,43.8,25877,25877,0.2,0.459,43.7823,"Sep 22, 17",0.4599999999999999
2017-09-25,43.7,44.3,43.5,43.65,16692,16692,-0.15,-0.342,43.814,"Sep 25, 17",0.45499999999999996
2017-09-26,43.9,44.825,43.9,44.4,33591,33591,0.75,1.718,44.4473,"Sep 26, 17",0.4799999999999999
2017-09-27,44.7,45.2,43.855,44.85,51300,51300,0.45,1.014,44.7552,"Sep 27, 17",0.49500000000000005
2017-09-28,44.55,45,44.275,44.95,30798,30798,0.1,0.223,44.8498,"Sep 28, 17",0.4983333333333334
2017-09-29,44.8,45.2,44.35,44.35,43985,43985,-0.6,-1.335,44.776,"Sep 29, 17",0.4783333333333334
2017-10-02,44.55,45,44.3,45,36981,36981,0.65,1.466,44.856,"Oct 2, 17",0.5
2017-10-03,44.85,46.1,44.75,45.8,106046,106046,0.8,1.778,45.3685,"Oct 3, 17",0.5266666666666666
2017-10-04,45.6,46.4,45.35,45.75,32775,32775,-0.05,-0.109,45.9317,"Oct 4, 17",0.525
2017-10-05,45.65,47.65,45.65,46.8,83776,83776,1.05,2.295,46.6018,"Oct 5, 17",0.5599999999999999
2017-10-06,46.3,47.8,46.3,47.3,131402,131402,0.5,1.068,47.0897,"Oct 6, 17",0.5766666666666665
2017-10-09,47.5,47.85,47.15,47.35,47789,47789,0.05,0.106,47.4301,"Oct 9, 17",0.5783333333333334
2017-10-10,47.6,48.85,46.95,47.05,79805,79805,-0.3,-0.634,47.3177,"Oct 10, 17",0.5683333333333332
2017-10-11,47.25,47.4,46.575,46.7,79168,79168,-0.35,-0.744,46.9291,"Oct 11, 17",0.5566666666666668
2017-10-12,46.65,47.1,46.55,46.7,63289,63289,0,0,46.8174,"Oct 12, 17",0.5566666666666668
2017-10-13,46.6,47.15,46.6,46.9,44186,44186,0.2,0.428,46.9469,"Oct 13, 17",0.5633333333333332
2017-10-16,47.2,47.45,47.0458,47.15,45163,45163,0.25,0.533,47.1736,"Oct 16, 17",0.5716666666666667
2017-10-17,47.3,48.1,47.3,47.45,40994,40994,0.3,0.636,47.5915,"Oct 17, 17",0.5816666666666668
2017-10-18,47.65,48.35,47.475,47.95,58762,58762,0.5,1.054,48.0455,"Oct 18, 17",0.5983333333333334
2017-10-19,48,48.05,47.5,47.9,71390,71390,-0.05,-0.104,47.8483,"Oct 19, 17",0.5966666666666666
2017-10-20,48.35,48.65,48.15,48.35,58794,58794,0.45,0.939,48.3419,"Oct 20, 17",0.6116666666666667
2017-10-23,48.6,48.65,48.05,48.35,39682,39682,0,0,48.3854,"Oct 23, 17",0.6116666666666667
2017-10-24,48.4,49.15,48.4,48.65,50137,50137,0.3,0.62,48.8043,"Oct 24, 17",0.6216666666666666
2017-10-25,48.6,49.275,48.1,48.9,32543,32543,0.25,0.514,48.6778,"Oct 25, 17",0.63
2017-10-26,49.1,49.15,48.676,48.85,36525,36525,-0.05,-0.102,48.8815,"Oct 26, 17",0.6283333333333334
2017-10-27,48.65,49.85,48.65,49.85,57164,57164,1,2.047,49.4582,"Oct 27, 17",0.6616666666666667
2017-10-30,49.8,50,48.3,48.65,44845,44845,-1.2,-2.407,48.9562,"Oct 30, 17",0.6216666666666666
2017-10-31,48.7,49.55,48.7,49.05,48432,48432,0.4,0.822,49.2302,"Oct 31, 17",0.6349999999999999
2017-11-01,49.5,49.55,48.65,49.3,38235,38235,0.25,0.51,49.1013,"Nov 1, 17",0.6433333333333332
2017-11-02,49.4,49.7,49.25,49.4,29117,29117,0.1,0.203,49.4928,"Nov 2, 17",0.6466666666666666
2017-11-03,49.45,49.65,49.05,49.35,51309,51309,-0.05,-0.101,49.3955,"Nov 3, 17",0.645
2017-11-06,49.45,49.6,49.05,49.3,17801,17801,-0.05,-0.101,49.3428,"Nov 6, 17",0.6433333333333332
2017-11-07,49.35,49.35,47.95,48.15,32064,32064,-1.15,-2.333,48.536,"Nov 7, 17",0.605
2017-11-08,48.1,48.1,46.2,47,47257,47257,-1.15,-2.388,47.0219,"Nov 8, 17",0.5666666666666667
2017-11-09,47,47.35,46,46.6,41621,41621,-0.4,-0.851,46.5881,"Nov 9, 17",0.5533333333333333
2017-11-10,46.55,46.95,46.1,46.2,30431,30431,-0.4,-0.858,46.3173,"Nov 10, 17",0.5400000000000001
2017-11-13,46.15,46.55,45.6,45.8,36770,36770,-0.4,-0.866,45.9182,"Nov 13, 17",0.5266666666666666
2017-11-14,45.45,46.3,45.45,46,28088,28088,0.2,0.437,45.8711,"Nov 14, 17",0.5333333333333333
2017-11-15,45.6,45.95,45.2,45.45,34648,34648,-0.55,-1.196,45.4773,"Nov 15, 17",0.5150000000000001
2017-11-16,45.45,47.45,45.45,46.45,56784,56784,1,2.2,46.7066,"Nov 16, 17",0.5483333333333335
2017-11-17,46.4,47.05,46.05,46.55,15422,15422,0.1,0.215,46.5269,"Nov 17, 17",0.5516666666666665
2017-11-20,46.55,47.2,46.55,46.95,18908,18908,0.4,0.859,46.7885,"Nov 20, 17",0.5650000000000001
2017-11-21,47,47.075,46.7,47,30964,30964,0.05,0.106,46.9708,"Nov 21, 17",0.5666666666666667
2017-11-22,47.05,47.4,46.7,46.7,19436,19436,-0.3,-0.638,46.9105,"Nov 22, 17",0.5566666666666668
2017-11-24,46.7,47,46.65,46.75,11896,11896,0.05,0.107,46.7727,"Nov 24, 17",0.5583333333333333
2017-11-27,46.75,47.15,46.55,46.6,24976,24976,-0.15,-0.321,46.768,"Nov 27, 17",0.5533333333333333
2017-11-28,46.8,47.5,46.7,47,62618,62618,0.4,0.858,46.9953,"Nov 28, 17",0.5666666666666667
2017-11-29,46.9,48.6,46.65,48.2,43304,43304,1.2,2.553,48.0803,"Nov 29, 17",0.6066666666666668
2017-11-30,48.25,48.475,48,48.1,24295,24295,-0.1,-0.207,48.1562,"Nov 30, 17",0.6033333333333334
2017-12-01,48,48,46,47.35,20651,20651,-0.75,-1.559,47.0896,"Dec 1, 17",0.5783333333333334
2017-12-04,47.9,48.7,47.4,47.55,28845,28845,0.2,0.422,47.9197,"Dec 4, 17",0.5849999999999999
2017-12-05,47.7,47.7,47.15,47.6,20652,20652,0.05,0.105,47.5218,"Dec 5, 17",0.5866666666666667
2017-12-06,47.35,47.35,46.1345,46.95,25786,25786,-0.65,-1.366,46.9381,"Dec 6, 17",0.5650000000000001
2017-12-07,46.8,47.4,45.65,47.15,64291,64291,0.2,0.426,47.1163,"Dec 7, 17",0.5716666666666667
2017-12-08,47.4,47.5,46.525,46.75,16512,16512,-0.4,-0.848,46.7796,"Dec 8, 17",0.5583333333333333
2017-12-11,46.7,46.95,45.5,45.9,39965,39965,-0.85,-1.818,45.9851,"Dec 11, 17",0.5299999999999999
2017-12-12,46,47,46,46.65,40690,40690,0.75,1.634,46.416,"Dec 12, 17",0.5549999999999999
2017-12-13,46.7,47.75,46.7,47.6,29636,29636,0.95,2.036,47.4039,"Dec 13, 17",0.5866666666666667
2017-12-14,47.55,47.55,46.05,46.2,39321,39321,-1.4,-2.941,46.5606,"Dec 14, 17",0.5400000000000001
2017-12-15,46.2,47.8,46.2,47.2,73528,73528,1,2.165,46.8164,"Dec 15, 17",0.5733333333333335
2017-12-18,47.65,48,47.25,47.7,15604,15604,0.5,1.059,47.6389,"Dec 18, 17",0.5900000000000001
2017-12-19,47.7,47.7,46.65,47,32474,32474,-0.7,-1.468,47.0429,"Dec 19, 17",0.5666666666666667
2017-12-20,47.1,47.3,46.15,46.4,37908,37908,-0.6,-1.277,46.8151,"Dec 20, 17",0.5466666666666666
2017-12-21,46.45,47,46.1,46.15,18845,18845,-0.25,-0.539,46.4466,"Dec 21, 17",0.5383333333333333
2017-12-22,46.3,46.3,45.55,45.6,17416,17416,-0.55,-1.192,45.728,"Dec 22, 17",0.52
2017-12-26,45.7,46,45.4,45.8,33950,33950,0.2,0.439,45.7678,"Dec 26, 17",0.5266666666666666
2017-12-27,46.35,47.05,45.5,45.6,15160,15160,-0.2,-0.437,45.7897,"Dec 27, 17",0.52
2017-12-28,45.65,46.2,45.2,46.15,24738,24738,0.55,1.206,45.8635,"Dec 28, 17",0.5383333333333333
2017-12-29,46.2,46.5,45.85,45.95,30564,30564,-0.2,-0.433,46.1549,"Dec 29, 17",0.5316666666666667
2018-01-02,46.2,46.2,45.4,45.95,27384,27384,0,0,45.8016,"Jan 2, 18",0.5316666666666667
2018-01-03,45.9,46.6,45.4157,45.95,17494,17494,0,0,45.9742,"Jan 3, 18",0.5316666666666667
2018-01-04,46,46.45,45.75,45.9,16153,16153,-0.05,-0.109,45.954,"Jan 4, 18",0.5299999999999999
2018-01-05,45.95,46.275,45.7,46,27043,27043,0.1,0.218,45.901,"Jan 5, 18",0.5333333333333333
2018-01-08,45.9,46.35,45.3406,46,20601,20601,0,0,46.031,"Jan 8, 18",0.5333333333333333
2018-01-09,46,46.4,45.8,45.9,20854,20854,-0.1,-0.217,46.0146,"Jan 9, 18",0.5299999999999999
2018-01-10,45.8,46.15,45.3,46,19892,19892,0.1,0.218,45.8111,"Jan 10, 18",0.5333333333333333
2018-01-11,46.1,47.65,46.1,47.1,29431,29431,1.1,2.391,46.9171,"Jan 11, 18",0.5700000000000001
2018-01-12,47.3,48.45,47.15,48.2,22453,22453,1.1,2.335,47.9567,"Jan 12, 18",0.6066666666666668
2018-01-16,48.4,49.1,47.75,48,64699,64699,-0.2,-0.415,48.4392,"Jan 16, 18",0.6
2018-01-17,48.25,48.9,47.05,48.9,29541,29541,0.9,1.875,48.3454,"Jan 17, 18",0.63
2018-01-18,48.9,48.9,47.65,48.5,33059,33059,-0.4,-0.818,48.3247,"Jan 18, 18",0.6166666666666667
2018-01-19,48.45,49.2,47,49.1,39391,39391,0.6,1.237,48.6487,"Jan 19, 18",0.6366666666666667
2018-01-22,48.9,48.9,48.15,48.3,23770,23770,-0.8,-1.629,48.5188,"Jan 22, 18",0.6099999999999999
2018-01-23,48.25,48.25,47.65,48.15,21376,21376,-0.15,-0.311,48.0383,"Jan 23, 18",0.605
2018-01-24,48.35,48.55,47.7,47.85,23511,23511,-0.3,-0.623,47.9325,"Jan 24, 18",0.5950000000000001
2018-01-25,47.75,48.95,47.4,48.8,50583,50583,0.95,1.985,48.3752,"Jan 25, 18",0.6266666666666666
2018-01-26,48.95,48.95,46.7772,48.65,52406,52406,-0.15,-0.307,48.1259,"Jan 26, 18",0.6216666666666666
2018-01-29,48.45,48.45,47.2994,47.75,49209,49209,-0.9,-1.85,47.8025,"Jan 29, 18",0.5916666666666667
2018-01-30,47.4,48.25,47.3,47.95,22708,22708,0.2,0.419,47.8807,"Jan 30, 18",0.5983333333333334
2018-01-31,48.05,48.6,47.275,47.9,41321,41321,-0.05,-0.104,47.952,"Jan 31, 18",0.5966666666666666
2018-02-01,47.55,47.9,46.05,47.25,27716,27716,-0.65,-1.357,47.371,"Feb 1, 18",0.575
2018-02-02,48,48,46.15,46.65,44187,44187,-0.6,-1.27,46.6096,"Feb 2, 18",0.5549999999999999
2018-02-05,46.4,47.6,44.7,44.85,39132,39132,-1.8,-3.859,45.9218,"Feb 5, 18",0.49500000000000005
2018-02-06,43.8,45.65,43.1,44.85,57028,57028,0,0,44.8644,"Feb 6, 18",0.49500000000000005
2018-02-07,44.55,45.875,43.85,44.55,46157,46157,-0.3,-0.669,44.5311,"Feb 7, 18",0.48499999999999993
2018-02-08,44.25,44.3,41.7,41.75,77877,77877,-2.8,-6.285,42.2695,"Feb 8, 18",0.39166666666666666
2018-02-09,42.3,46,42.3,45.65,156690,156690,3.9,9.341,44.4023,"Feb 9, 18",0.5216666666666666
2018-02-12,45.75,46.7,45.05,45.9,107538,107538,0.25,0.548,46.0015,"Feb 12, 18",0.5299999999999999
2018-02-13,45.5,45.9,45.05,45.35,56015,56015,-0.55,-1.198,45.4924,"Feb 13, 18",0.5116666666666667
2018-02-14,44.8,46.325,44.8,45.95,100763,100763,0.6,1.323,45.5179,"Feb 14, 18",0.5316666666666667
2018-02-15,46.45,46.45,45.725,46.25,27662,27662,0.3,0.653,46.0643,"Feb 15, 18",0.5416666666666666
2018-02-16,46.2,47.45,46.2,47.05,54749,54749,0.8,1.73,46.9063,"Feb 16, 18",0.5683333333333332
2018-02-20,46.55,47.6,46.55,47.2,69418,69418,0.15,0.319,47.1182,"Feb 20, 18",0.5733333333333335
2018-02-21,47.35,48.1,46.95,47.05,35075,35075,-0.15,-0.318,47.3958,"Feb 21, 18",0.5683333333333332
2018-02-22,47.15,47.8,46.65,47.1,32114,32114,0.05,0.106,47.1996,"Feb 22, 18",0.5700000000000001
2018-02-23,47.45,47.85,46.8,47.5,28016,28016,0.4,0.849,47.3278,"Feb 23, 18",0.5833333333333334
2018-02-26,47.8,49.305,47.1,47.45,20949,20949,-0.05,-0.105,47.4989,"Feb 26, 18",0.5816666666666668
2018-02-27,47.5,47.5,46.3,46.7,34225,34225,-0.75,-1.581,46.836,"Feb 27, 18",0.5566666666666668
2018-02-28,46.9,46.9,45.8,45.85,61285,61285,-0.85,-1.82,46.3041,"Feb 28, 18",0.5283333333333334
2018-03-01,45.85,46.1,45.15,45.35,27675,27675,-0.5,-1.091,45.538,"Mar 1, 18",0.5116666666666667
2018-03-02,44.9,46.45,44.9,45.95,134416,134416,0.6,1.323,46.0682,"Mar 2, 18",0.5316666666666667
2018-03-05,45.6,46.1,45.1,45.8,21491,21491,-0.15,-0.326,45.7454,"Mar 5, 18",0.5266666666666666
2018-03-06,45.65,46.2,45.13,46.1,36092,36092,0.3,0.655,45.8679,"Mar 6, 18",0.5366666666666667
2018-03-07,45.85,46.6,45.8,46.5,23987,23987,0.4,0.868,46.3264,"Mar 7, 18",0.55
2018-03-08,46.1,46.8,45.8,46.05,26415,26415,-0.45,-0.968,46.0824,"Mar 8, 18",0.5349999999999999
2018-03-09,46.45,47,45.65,46.6,90854,90854,0.55,1.194,46.5393,"Mar 9, 18",0.5533333333333333
2018-03-12,46.75,47.7,46.705,47.7,21169,21169,1.1,2.361,47.3908,"Mar 12, 18",0.5900000000000001
2018-03-13,48,48.45,47.2,47.25,22150,22150,-0.45,-0.943,47.6612,"Mar 13, 18",0.575
2018-03-14,47.35,47.35,46.4,46.65,22823,22823,-0.6,-1.27,46.751,"Mar 14, 18",0.5549999999999999
2018-03-15,46.65,47.05,46,46.75,26459,26459,0.1,0.214,46.6529,"Mar 15, 18",0.5583333333333333
2018-03-16,46.6,47,46.3,46.3,67126,67126,-0.45,-0.963,46.5371,"Mar 16, 18",0.5433333333333332
2018-03-19,46.2,46.8,45.4,46.25,22549,22549,-0.05,-0.108,45.9116,"Mar 19, 18",0.5416666666666666
2018-03-20,46.25,46.5,45.905,46.35,18417,18417,0.1,0.216,46.2445,"Mar 20, 18",0.545
2018-03-21,46.35,47,46.2,46.9,19048,19048,0.55,1.187,46.8059,"Mar 21, 18",0.5633333333333332
2018-03-22,46.3,46.9,45.65,45.8,26703,26703,-1.1,-2.345,46.2214,"Mar 22, 18",0.5266666666666666
2018-03-23,46,46.3,44.3,44.4,28324,28324,-1.4,-3.057,44.9942,"Mar 23, 18",0.4799999999999999
2018-03-26,45.2,45.9,44.85,45.7,29273,29273,1.3,2.928,45.3903,"Mar 26, 18",0.5233333333333334
2018-03-27,45.9,45.9,44.9,45,23711,23711,-0.7,-1.532,45.2119,"Mar 27, 18",0.5
2018-03-28,44.95,45.35,44.7,45.05,18880,18880,0.05,0.111,45.0148,"Mar 28, 18",0.5016666666666666
2018-03-29,45.25,45.95,45,45.05,31806,31806,0,0,45.2597,"Mar 29, 18",0.5016666666666666
2018-04-02,44.95,45.4,43.3,44.15,52848,52848,-0.9,-1.998,43.9474,"Apr 2, 18",0.4716666666666666
2018-04-03,44.35,44.95,43.7,44.75,17197,17197,0.6,1.359,44.3988,"Apr 3, 18",0.49166666666666664
2018-04-04,44.2,45.05,43.65,44.7,20857,20857,-0.05,-0.112,44.7026,"Apr 4, 18",0.4900000000000001
2018-04-05,45.05,45.75,44.45,45,27122,27122,0.3,0.671,44.9518,"Apr 5, 18",0.5
2018-04-06,44.6,45.45,43.65,44.4,41697,41697,-0.6,-1.333,44.8127,"Apr 6, 18",0.4799999999999999
2018-04-09,44.55,45,44.5,44.75,40169,40169,0.35,0.788,44.8551,"Apr 9, 18",0.49166666666666664
2018-04-10,45.15,45.25,44.3,45.15,29346,29346,0.4,0.894,45.0731,"Apr 10, 18",0.505
2018-04-11,44.95,45.05,44.505,44.7,19895,19895,-0.45,-0.997,44.77,"Apr 11, 18",0.4900000000000001
2018-04-12,44.9,45.175,44.45,44.95,36485,36485,0.25,0.559,44.8152,"Apr 12, 18",0.4983333333333334
2018-04-13,45.1,45.3,44.55,44.9,26472,26472,-0.05,-0.111,44.9868,"Apr 13, 18",0.49666666666666665
2018-04-16,45.4,45.7,45,45.225,27768,27768,0.325,0.724,45.2181,"Apr 16, 18",0.5075000000000001
2018-04-17,45.6,45.6,45.15,45.2,34289,34289,-0.025,-0.055,45.3399,"Apr 17, 18",0.5066666666666667
2018-04-18,45.45,45.975,45.3,45.5,38439,38439,0.3,0.664,45.6722,"Apr 18, 18",0.5166666666666667
2018-04-19,45.45,45.45,44.75,45.05,28847,28847,-0.45,-0.989,45.0751,"Apr 19, 18",0.5016666666666666
2018-04-20,44.9,45.5,44.8,44.95,61174,61174,-0.1,-0.222,44.986,"Apr 20, 18",0.4983333333333334
2018-04-23,45.3,45.9,45.2,45.75,29700,29700,0.8,1.78,45.5172,"Apr 23, 18",0.525
2018-04-24,45.9,46,44.85,45.5,29180,29180,-0.25,-0.546,45.3846,"Apr 24, 18",0.5166666666666667
2018-04-25,45.35,45.95,44.95,45.15,24999,24999,-0.35,-0.769,45.5328,"Apr 25, 18",0.505
2018-04-26,45.25,45.5,44.65,44.9,16848,16848,-0.25,-0.554,45.0578,"Apr 26, 18",0.49666666666666665
2018-04-27,45.5,45.5,44.275,44.4,22280,22280,-0.5,-1.114,44.5135,"Apr 27, 18",0.4799999999999999
2018-04-30,44.5,44.75,42.6,43.35,70126,70126,-1.05,-2.365,43.2551,"Apr 30, 18",0.44500000000000006
2018-05-01,43.3,45.25,43.05,44.15,33672,33672,0.8,1.845,43.6318,"May 1, 18",0.4716666666666666
2018-05-02,44,44.75,43.95,44.3,25726,25726,0.15,0.34,44.2761,"May 2, 18",0.47666666666666657
2018-05-03,44.1,44.4,43.2,43.9,14891,14891,-0.4,-0.903,43.822,"May 3, 18",0.46333333333333326
2018-05-04,43.7,44.65,43.7,44.25,12722,12722,0.35,0.797,44.1885,"May 4, 18",0.475
2018-05-07,44.3,45.25,43.85,44.9,30490,30490,0.65,1.469,44.8599,"May 7, 18",0.49666666666666665
2018-05-08,44.85,45.4,41.5732,44.85,18953,18953,-0.05,-0.111,44.4806,"May 8, 18",0.49500000000000005
2018-05-09,44.65,45.45,44.65,45,25160,25160,0.15,0.334,45.1074,"May 9, 18",0.5
2018-05-10,45.15,45.45,44.65,45.15,17152,17152,0.15,0.333,45.1066,"May 10, 18",0.505
2018-05-11,45.1,45.6,45.1,45.4,14968,14968,0.25,0.554,45.3123,"May 11, 18",0.5133333333333333
2018-05-14,45.5,45.5,45.1,45.2,12994,12994,-0.2,-0.441,45.217,"May 14, 18",0.5066666666666667
2018-05-15,45,45.7,45,45.2,14270,14270,0,0,45.2621,"May 15, 18",0.5066666666666667
2018-05-16,45.2,45.8,45.175,45.5,33329,33329,0.3,0.664,45.5809,"May 16, 18",0.5166666666666667
2018-05-17,45.55,46.05,45.3,45.55,24242,24242,0.05,0.11,45.6342,"May 17, 18",0.5183333333333332
2018-05-18,45.7,45.85,45.35,45.35,30054,30054,-0.2,-0.439,45.6178,"May 18, 18",0.5116666666666667
2018-05-21,45.7,47.05,45.55,46.35,17191,17191,1,2.205,45.9497,"May 21, 18",0.545
2018-05-22,46.45,46.65,46.05,46.1,19857,19857,-0.25,-0.539,46.2495,"May 22, 18",0.5366666666666667
2018-05-23,46,46.7,45.75,46.55,15774,15774,0.45,0.976,46.3467,"May 23, 18",0.5516666666666665
2018-05-24,46.35,46.9,46.1,46.7,28940,28940,0.15,0.322,46.5921,"May 24, 18",0.5566666666666668
2018-05-25,46.5,47.05,45.9,46.4,17876,17876,-0.3,-0.642,46.4962,"May 25, 18",0.5466666666666666
2018-05-29,46.1,46.85,45.45,46.55,25669,25669,0.15,0.323,46.4022,"May 29, 18",0.5516666666666665
2018-05-30,48,49.95,48,48.75,103441,103441,2.2,4.726,48.8971,"May 30, 18",0.625
2018-05-31,49.15,49.25,48.55,48.6,47437,47437,-0.15,-0.308,48.8426,"May 31, 18",0.62
2018-06-01,48.9,49.4,48.7,49,84655,84655,0.4,0.823,48.9255,"Jun 1, 18",0.6333333333333333
2018-06-04,49.3,50.2,47.95,49.65,107917,107917,0.65,1.327,49.414,"Jun 4, 18",0.6549999999999999
2018-06-05,49.8,52.1,49.8,50.3,78705,78705,0.65,1.309,50.393,"Jun 5, 18",0.6766666666666665
2018-06-06,50.45,51.5,50.45,50.6,113451,113451,0.3,0.596,50.6749,"Jun 6, 18",0.6866666666666668
2018-06-07,50.8,51.95,50.8,51.35,68205,68205,0.75,1.482,51.3359,"Jun 7, 18",0.7116666666666667
2018-06-08,51.45,52.85,51,51.1,112312,112312,-0.25,-0.487,51.7689,"Jun 8, 18",0.7033333333333334
2018-06-11,50.95,51.8,50.95,51.2,69167,69167,0.1,0.196,51.3536,"Jun 11, 18",0.7066666666666668
2018-06-12,51.45,51.75,51.1,51.45,114427,114427,0.25,0.488,51.5359,"Jun 12, 18",0.7150000000000001
2018-06-13,51.65,52.05,51.4,51.5,72543,72543,0.05,0.097,51.6737,"Jun 13, 18",0.7166666666666667
2018-06-14,51.75,52.6,51.2,52.25,139477,139477,0.75,1.456,52.0633,"Jun 14, 18",0.7416666666666667
2018-06-15,51.95,53.45,51.1,52.9,160636,160636,0.65,1.244,52.5482,"Jun 15, 18",0.7633333333333333
2018-06-18,52.55,54.55,52.55,52.75,108697,108697,-0.15,-0.284,53.1707,"Jun 18, 18",0.7583333333333333
2018-06-19,52.45,53.35,52.45,53.1,123697,123697,0.35,0.664,52.8343,"Jun 19, 18",0.77
2018-06-20,53.2,54.5,52.4,53.7,73264,73264,0.6,1.13,53.2222,"Jun 20, 18",0.7900000000000001
2018-06-21,53.85,54.35,53.25,53.45,54346,54346,-0.25,-0.466,53.6785,"Jun 21, 18",0.7816666666666667
2018-06-22,53.55,53.9,53.25,53.55,345512,345512,0.1,0.187,53.5523,"Jun 22, 18",0.7849999999999999
2018-06-25,53.35,56.2,52.5,53.15,62366,62366,-0.4,-0.747,53.0774,"Jun 25, 18",0.7716666666666666
2018-06-26,53.2,53.45,52.8,53,68482,68482,-0.15,-0.282,52.9959,"Jun 26, 18",0.7666666666666667
2018-06-27,52.95,53.5,52.55,52.65,75249,75249,-0.35,-0.66,52.9991,"Jun 27, 18",0.755
2018-06-28,52.6,53.15,52.3,53.1,106437,106437,0.45,0.855,52.7162,"Jun 28, 18",0.77
2018-06-29,53.2,53.9,52.65,52.85,74124,74124,-0.25,-0.471,53.0119,"Jun 29, 18",0.7616666666666667
2018-07-02,52.55,54.25,51.6,53.95,91216,91216,1.1,2.081,53.1506,"Jul 2, 18",0.7983333333333335
2018-07-03,54,54.25,52.45,52.6,37305,37305,-1.35,-2.502,53.1054,Jul 3,0.7533333333333334
2018-07-05,52.95,53.6,52.6,53.55,79724,79724,0.95,1.806,53.1381,Jul 5,0.7849999999999999
2018-07-06,53.95,54.1,53.55,53.85,124041,124041,0.3,0.56,53.7094,Jul 6,0.795
2018-07-09,53.95,54.4,53.95,54.25,36873,36873,0.4,0.743,54.2322,Jul 9,0.8083333333333333
2018-07-10,54.25,54.3,53.2,53.2,36384,36384,-1.05,-1.935,53.6486,Jul 10,0.7733333333333334
2018-07-11,53.2,53.2,52.6,52.8,30994,30994,-0.4,-0.752,52.868,Jul 11,0.7599999999999999
2018-07-12,53.15,53.15,52.55,52.75,17841,17841,-0.05,-0.095,52.7716,Jul 12,0.7583333333333333
2018-07-13,52.75,53.05,52.5,52.9,23452,23452,0.15,0.284,52.8527,Jul 13,0.7633333333333333
2018-07-16,52.85,53.25,52.65,53.2,31493,31493,0.3,0.567,52.9302,Jul 16,0.7733333333333334
2018-07-17,53.05,53.65,53,53.35,42401,42401,0.15,0.282,53.2646,Jul 17,0.7783333333333334
2018-07-18,53.2,53.65,53.05,53.35,30756,30756,0,0,53.3107,Jul 18,0.7783333333333334
2018-07-19,53.15,54.1,53.05,53.9,55216,55216,0.55,1.031,53.6913,Jul 19,0.7966666666666666
2018-07-20,53.65,54.825,53.65,54.55,108714,108714,0.65,1.206,54.3451,Jul 20,0.8183333333333332
2018-07-23,54.3,54.85,54.225,54.4,43986,43986,-0.15,-0.275,54.424,Jul 23,0.8133333333333332
2018-07-24,54.7,55,54.2,54.7,69811,69811,0.3,0.551,54.6206,Jul 24,0.8233333333333335
2018-07-25,54.55,55.1,54.5,55,40176,40176,0.3,0.548,54.848,Jul 25,0.8333333333333334
2018-07-26,54.95,56.45,54.95,56,83480,83480,1,1.818,55.8908,Jul 26,0.8666666666666667
2018-07-27,56.15,56.15,54.9,54.9,54135,54135,-1.1,-1.964,55.2588,Jul 27,0.83
2018-07-30,55.15,55.15,53.85,53.9,46989,46989,-1,-1.821,54.4673,Jul 30,0.7966666666666666
2018-07-31,54.15,54.95,53.8,54.25,126023,126023,0.35,0.649,54.3886,Jul 31,0.8083333333333333
2018-08-01,51.4,51.45,48.45,50.85,136279,136279,-3.4,-6.267,49.8516,Aug 1,0.6950000000000001
2018-08-02,50.75,53.25,50.75,52.4,94840,94840,1.55,3.048,52.5156,Aug 2,0.7466666666666666